C,:,\,U,s,e,r,s,\,l,e,n,m,o,\,D,e,s,k,t,o,p,\,P,e,r,s,o,n,a,l,-,P,r,o,j,e,c,t,s,\,A,I,_,P,R,O,\,S,p,e,e,c,h,T,o,T,e,x,t,T,e,n,s,o,r,f,l,o,w,\,d,a,t,a,\,L,J,S,p,e,e,c,h,-,1,.,1,\,w,a,v,s,\,L,J,0,0,1,-,0,0,0,1,.,w,a,v
C,:,\,U,s,e,r,s,\,l,e,n,m,o,\,D,e,s,k,t,o,p,\,P,e,r,s,o,n,a,l,-,P,r,o,j,e,c,t,s,\,A,I,_,P,R,O,\,S,p,e,e,c,h,T,o,T,e,x,t,T,e,n,s,o,r,f,l,o,w,\,d,a,t,a,\,L,J,S,p,e,e,c,h,-,1,.,1,\,w,a,v,s,\,L,J,0,0,1,-,0,0,0,2,.,w,a,v
C,:,\,U,s,e,r,s,\,l,e,n,m,o,\,D,e,s,k,t,o,p,\,P,e,r,s,o,n,a,l,-,P,r,o,j,e,c,t,s,\,A,I,_,P,R,O,\,S,p,e,e,c,h,T,o,T,e,x,t,T,e,n,s,o,r,f,l,o,w,\,d,a,t,a,\,L,J,S,p,e,e,c,h,-,1,.,1,\,w,a,v,s,\,L,J,0,0,1,-,0,0,0,3,.,w,a,v
C,:,\,U,s,e,r,s,\,l,e,n,m,o,\,D,e,s,k,t,o,p,\,P,e,r,s,o,n,a,l,-,P,r,o,j,e,c,t,s,\,A,I,_,P,R,O,\,S,p,e,e,c,h,T,o,T,e,x,t,T,e,n,s,o,r,f,l,o,w,\,d,a,t,a,\,L,J,S,p,e,e,c,h,-,1,.,1,\,w,a,v,s,\,L,J,0,0,1,-,0,0,0,4,.,w,a,v
C,:,\,U,s,e,r,s,\,l,e,n,m,o,\,D,e,s,k,t,o,p,\,P,e,r,s,o,n,a,l,-,P,r,o,j,e,c,t,s,\,A,I,_,P,R,O,\,S,p,e,e,c,h,T,o,T,e,x,t,T,e,n,s,o,r,f,l,o,w,\,d,a,t,a,\,L,J,S,p,e,e,c,h,-,1,.,1,\,w,a,v,s,\,L,J,0,0,1,-,0,0,0,5,.,w,a,v
C,:,\,U,s,e,r,s,\,l,e,n,m,o,\,D,e,s,k,t,o,p,\,P,e,r,s,o,n,a,l,-,P,r,o,j,e,c,t,s,\,A,I,_,P,R,O,\,S,p,e,e,c,h,T,o,T,e,x,t,T,e,n,s,o,r,f,l,o,w,\,d,a,t,a,\,L,J,S,p,e,e,c,h,-,1,.,1,\,w,a,v,s,\,L,J,0,0,1,-,0,0,0,6,.,w,a,v
C,:,\,U,s,e,r,s,\,l,e,n,m,o,\,D,e,s,k,t,o,p,\,P,e,r,s,o,n,a,l,-,P,r,o,j,e,c,t,s,\,A,I,_,P,R,O,\,S,p,e,e,c,h,T,o,T,e,x,t,T,e,n,s,o,r,f,l,o,w,\,d,a,t,a,\,L,J,S,p,e,e,c,h,-,1,.,1,\,w,a,v,s,\,L,J,0,0,1,-,0,0,0,7,.,w,a,v
C,:,\,U,s,e,r,s,\,l,e,n,m,o,\,D,e,s,k,t,o,p,\,P,e,r,s,o,n,a,l,-,P,r,o,j,e,c,t,s,\,A,I,_,P,R,O,\,S,p,e,e,c,h,T,o,T,e,x,t,T,e,n,s,o,r,f,l,o,w,\,d,a,t,a,\,L,J,S,p,e,e,c,h,-,1,.,1,\,w,a,v,s,\,L,J,0,0,1,-,0,0,0,8,.,w,a,v
C,:,\,U,s,e,r,s,\,l,e,n,m,o,\,D,e,s,k,t,o,p,\,P,e,r,s,o,n,a,l,-,P,r,o,j,e,c,t,s,\,A,I,_,P,R,O,\,S,p,e,e,c,h,T,o,T,e,x,t,T,e,n,s,o,r,f,l,o,w,\,d,a,t,a,\,L,J,S,p,e,e,c,h,-,1,.,1,\,w,a,v,s,\,L,J,0,0,1,-,0,0,0,9,.,w,a,v
C,:,\,U,s,e,r,s,\,l,e,n,m,o,\,D,e,s,k,t,o,p,\,P,e,r,s,o,n,a,l,-,P,r,o,j,e,c,t,s,\,A,I,_,P,R,O,\,S,p,e,e,c,h,T,o,T,e,x,t,T,e,n,s,o,r,f,l,o,w,\,d,a,t,a,\,L,J,S,p,e,e,c,h,-,1,.,1,\,w,a,v,s,\,L,J,0,0,1,-,0,0,1,0,.,w,a,v
C,:,\,U,s,e,r,s,\,l,e,n,m,o,\,D,e,s,k,t,o,p,\,P,e,r,s,o,n,a,l,-,P,r,o,j,e,c,t,s,\,A,I,_,P,R,O,\,S,p,e,e,c,h,T,o,T,e,x,t,T,e,n,s,o,r,f,l,o,w,\,d,a,t,a,\,L,J,S,p,e,e,c,h,-,1,.,1,\,w,a,v,s,\,L,J,0,0,1,-,0,0,1,1,.,w,a,v
C,:,\,U,s,e,r,s,\,l,e,n,m,o,\,D,e,s,k,t,o,p,\,P,e,r,s,o,n,a,l,-,P,r,o,j,e,c,t,s,\,A,I,_,P,R,O,\,S,p,e,e,c,h,T,o,T,e,x,t,T,e,n,s,o,r,f,l,o,w,\,d,a,t,a,\,L,J,S,p,e,e,c,h,-,1,.,1,\,w,a,v,s,\,L,J,0,0,1,-,0,0,1,2,.,w,a,v
C,:,\,U,s,e,r,s,\,l,e,n,m,o,\,D,e,s,k,t,o,p,\,P,e,r,s,o,n,a,l,-,P,r,o,j,e,c,t,s,\,A,I,_,P,R,O,\,S,p,e,e,c,h,T,o,T,e,x,t,T,e,n,s,o,r,f,l,o,w,\,d,a,t,a,\,L,J,S,p,e,e,c,h,-,1,.,1,\,w,a,v,s,\,L,J,0,0,1,-,0,0,1,3,.,w,a,v
C,:,\,U,s,e,r,s,\,l,e,n,m,o,\,D,e,s,k,t,o,p,\,P,e,r,s,o,n,a,l,-,P,r,o,j,e,c,t,s,\,A,I,_,P,R,O,\,S,p,e,e,c,h,T,o,T,e,x,t,T,e,n,s,o,r,f,l,o,w,\,d,a,t,a,\,L,J,S,p,e,e,c,h,-,1,.,1,\,w,a,v,s,\,L,J,0,0,1,-,0,0,1,4,.,w,a,v
C,:,\,U,s,e,r,s,\,l,e,n,m,o,\,D,e,s,k,t,o,p,\,P,e,r,s,o,n,a,l,-,P,r,o,j,e,c,t,s,\,A,I,_,P,R,O,\,S,p,e,e,c,h,T,o,T,e,x,t,T,e,n,s,o,r,f,l,o,w,\,d,a,t,a,\,L,J,S,p,e,e,c,h,-,1,.,1,\,w,a,v,s,\,L,J,0,0,1,-,0,0,1,5,.,w,a,v
C,:,\,U,s,e,r,s,\,l,e,n,m,o,\,D,e,s,k,t,o,p,\,P,e,r,s,o,n,a,l,-,P,r,o,j,e,c,t,s,\,A,I,_,P,R,O,\,S,p,e,e,c,h,T,o,T,e,x,t,T,e,n,s,o,r,f,l,o,w,\,d,a,t,a,\,L,J,S,p,e,e,c,h,-,1,.,1,\,w,a,v,s,\,L,J,0,0,1,-,0,0,1,6,.,w,a,v
C,:,\,U,s,e,r,s,\,l,e,n,m,o,\,D,e,s,k,t,o,p,\,P,e,r,s,o,n,a,l,-,P,r,o,j,e,c,t,s,\,A,I,_,P,R,O,\,S,p,e,e,c,h,T,o,T,e,x,t,T,e,n,s,o,r,f,l,o,w,\,d,a,t,a,\,L,J,S,p,e,e,c,h,-,1,.,1,\,w,a,v,s,\,L,J,0,0,1,-,0,0,1,7,.,w,a,v
C,:,\,U,s,e,r,s,\,l,e,n,m,o,\,D,e,s,k,t,o,p,\,P,e,r,s,o,n,a,l,-,P,r,o,j,e,c,t,s,\,A,I,_,P,R,O,\,S,p,e,e,c,h,T,o,T,e,x,t,T,e,n,s,o,r,f,l,o,w,\,d,a,t,a,\,L,J,S,p,e,e,c,h,-,1,.,1,\,w,a,v,s,\,L,J,0,0,1,-,0,0,1,8,.,w,a,v
C,:,\,U,s,e,r,s,\,l,e,n,m,o,\,D,e,s,k,t,o,p,\,P,e,r,s,o,n,a,l,-,P,r,o,j,e,c,t,s,\,A,I,_,P,R,O,\,S,p,e,e,c,h,T,o,T,e,x,t,T,e,n,s,o,r,f,l,o,w,\,d,a,t,a,\,L,J,S,p,e,e,c,h,-,1,.,1,\,w,a,v,s,\,L,J,0,0,1,-,0,0,1,9,.,w,a,v
C,:,\,U,s,e,r,s,\,l,e,n,m,o,\,D,e,s,k,t,o,p,\,P,e,r,s,o,n,a,l,-,P,r,o,j,e,c,t,s,\,A,I,_,P,R,O,\,S,p,e,e,c,h,T,o,T,e,x,t,T,e,n,s,o,r,f,l,o,w,\,d,a,t,a,\,L,J,S,p,e,e,c,h,-,1,.,1,\,w,a,v,s,\,L,J,0,0,1,-,0,0,2,0,.,w,a,v
C,:,\,U,s,e,r,s,\,l,e,n,m,o,\,D,e,s,k,t,o,p,\,P,e,r,s,o,n,a,l,-,P,r,o,j,e,c,t,s,\,A,I,_,P,R,O,\,S,p,e,e,c,h,T,o,T,e,x,t,T,e,n,s,o,r,f,l,o,w,\,d,a,t,a,\,L,J,S,p,e,e,c,h,-,1,.,1,\,w,a,v,s,\,L,J,0,0,1,-,0,0,2,1,.,w,a,v
C,:,\,U,s,e,r,s,\,l,e,n,m,o,\,D,e,s,k,t,o,p,\,P,e,r,s,o,n,a,l,-,P,r,o,j,e,c,t,s,\,A,I,_,P,R,O,\,S,p,e,e,c,h,T,o,T,e,x,t,T,e,n,s,o,r,f,l,o,w,\,d,a,t,a,\,L,J,S,p,e,e,c,h,-,1,.,1,\,w,a,v,s,\,L,J,0,0,1,-,0,0,2,2,.,w,a,v
C,:,\,U,s,e,r,s,\,l,e,n,m,o,\,D,e,s,k,t,o,p,\,P,e,r,s,o,n,a,l,-,P,r,o,j,e,c,t,s,\,A,I,_,P,R,O,\,S,p,e,e,c,h,T,o,T,e,x,t,T,e,n,s,o,r,f,l,o,w,\,d,a,t,a,\,L,J,S,p,e,e,c,h,-,1,.,1,\,w,a,v,s,\,L,J,0,0,1,-,0,0,2,3,.,w,a,v
C,:,\,U,s,e,r,s,\,l,e,n,m,o,\,D,e,s,k,t,o,p,\,P,e,r,s,o,n,a,l,-,P,r,o,j,e,c,t,s,\,A,I,_,P,R,O,\,S,p,e,e,c,h,T,o,T,e,x,t,T,e,n,s,o,r,f,l,o,w,\,d,a,t,a,\,L,J,S,p,e,e,c,h,-,1,.,1,\,w,a,v,s,\,L,J,0,0,1,-,0,0,2,4,.,w,a,v
C,:,\,U,s,e,r,s,\,l,e,n,m,o,\,D,e,s,k,t,o,p,\,P,e,r,s,o,n,a,l,-,P,r,o,j,e,c,t,s,\,A,I,_,P,R,O,\,S,p,e,e,c,h,T,o,T,e,x,t,T,e,n,s,o,r,f,l,o,w,\,d,a,t,a,\,L,J,S,p,e,e,c,h,-,1,.,1,\,w,a,v,s,\,L,J,0,0,1,-,0,0,2,5,.,w,a,v
C,:,\,U,s,e,r,s,\,l,e,n,m,o,\,D,e,s,k,t,o,p,\,P,e,r,s,o,n,a,l,-,P,r,o,j,e,c,t,s,\,A,I,_,P,R,O,\,S,p,e,e,c,h,T,o,T,e,x,t,T,e,n,s,o,r,f,l,o,w,\,d,a,t,a,\,L,J,S,p,e,e,c,h,-,1,.,1,\,w,a,v,s,\,L,J,0,0,1,-,0,0,2,6,.,w,a,v
C,:,\,U,s,e,r,s,\,l,e,n,m,o,\,D,e,s,k,t,o,p,\,P,e,r,s,o,n,a,l,-,P,r,o,j,e,c,t,s,\,A,I,_,P,R,O,\,S,p,e,e,c,h,T,o,T,e,x,t,T,e,n,s,o,r,f,l,o,w,\,d,a,t,a,\,L,J,S,p,e,e,c,h,-,1,.,1,\,w,a,v,s,\,L,J,0,0,1,-,0,0,2,7,.,w,a,v
C,:,\,U,s,e,r,s,\,l,e,n,m,o,\,D,e,s,k,t,o,p,\,P,e,r,s,o,n,a,l,-,P,r,o,j,e,c,t,s,\,A,I,_,P,R,O,\,S,p,e,e,c,h,T,o,T,e,x,t,T,e,n,s,o,r,f,l,o,w,\,d,a,t,a,\,L,J,S,p,e,e,c,h,-,1,.,1,\,w,a,v,s,\,L,J,0,0,1,-,0,0,2,8,.,w,a,v
C,:,\,U,s,e,r,s,\,l,e,n,m,o,\,D,e,s,k,t,o,p,\,P,e,r,s,o,n,a,l,-,P,r,o,j,e,c,t,s,\,A,I,_,P,R,O,\,S,p,e,e,c,h,T,o,T,e,x,t,T,e,n,s,o,r,f,l,o,w,\,d,a,t,a,\,L,J,S,p,e,e,c,h,-,1,.,1,\,w,a,v,s,\,L,J,0,0,1,-,0,0,2,9,.,w,a,v
C,:,\,U,s,e,r,s,\,l,e,n,m,o,\,D,e,s,k,t,o,p,\,P,e,r,s,o,n,a,l,-,P,r,o,j,e,c,t,s,\,A,I,_,P,R,O,\,S,p,e,e,c,h,T,o,T,e,x,t,T,e,n,s,o,r,f,l,o,w,\,d,a,t,a,\,L,J,S,p,e,e,c,h,-,1,.,1,\,w,a,v,s,\,L,J,0,0,1,-,0,0,3,0,.,w,a,v
C,:,\,U,s,e,r,s,\,l,e,n,m,o,\,D,e,s,k,t,o,p,\,P,e,r,s,o,n,a,l,-,P,r,o,j,e,c,t,s,\,A,I,_,P,R,O,\,S,p,e,e,c,h,T,o,T,e,x,t,T,e,n,s,o,r,f,l,o,w,\,d,a,t,a,\,L,J,S,p,e,e,c,h,-,1,.,1,\,w,a,v,s,\,L,J,0,0,1,-,0,0,3,1,.,w,a,v
C,:,\,U,s,e,r,s,\,l,e,n,m,o,\,D,e,s,k,t,o,p,\,P,e,r,s,o,n,a,l,-,P,r,o,j,e,c,t,s,\,A,I,_,P,R,O,\,S,p,e,e,c,h,T,o,T,e,x,t,T,e,n,s,o,r,f,l,o,w,\,d,a,t,a,\,L,J,S,p,e,e,c,h,-,1,.,1,\,w,a,v,s,\,L,J,0,0,1,-,0,0,3,2,.,w,a,v
C,:,\,U,s,e,r,s,\,l,e,n,m,o,\,D,e,s,k,t,o,p,\,P,e,r,s,o,n,a,l,-,P,r,o,j,e,c,t,s,\,A,I,_,P,R,O,\,S,p,e,e,c,h,T,o,T,e,x,t,T,e,n,s,o,r,f,l,o,w,\,d,a,t,a,\,L,J,S,p,e,e,c,h,-,1,.,1,\,w,a,v,s,\,L,J,0,0,1,-,0,0,3,3,.,w,a,v
C,:,\,U,s,e,r,s,\,l,e,n,m,o,\,D,e,s,k,t,o,p,\,P,e,r,s,o,n,a,l,-,P,r,o,j,e,c,t,s,\,A,I,_,P,R,O,\,S,p,e,e,c,h,T,o,T,e,x,t,T,e,n,s,o,r,f,l,o,w,\,d,a,t,a,\,L,J,S,p,e,e,c,h,-,1,.,1,\,w,a,v,s,\,L,J,0,0,1,-,0,0,3,4,.,w,a,v
C,:,\,U,s,e,r,s,\,l,e,n,m,o,\,D,e,s,k,t,o,p,\,P,e,r,s,o,n,a,l,-,P,r,o,j,e,c,t,s,\,A,I,_,P,R,O,\,S,p,e,e,c,h,T,o,T,e,x,t,T,e,n,s,o,r,f,l,o,w,\,d,a,t,a,\,L,J,S,p,e,e,c,h,-,1,.,1,\,w,a,v,s,\,L,J,0,0,1,-,0,0,3,5,.,w,a,v
C,:,\,U,s,e,r,s,\,l,e,n,m,o,\,D,e,s,k,t,o,p,\,P,e,r,s,o,n,a,l,-,P,r,o,j,e,c,t,s,\,A,I,_,P,R,O,\,S,p,e,e,c,h,T,o,T,e,x,t,T,e,n,s,o,r,f,l,o,w,\,d,a,t,a,\,L,J,S,p,e,e,c,h,-,1,.,1,\,w,a,v,s,\,L,J,0,0,1,-,0,0,3,6,.,w,a,v
C,:,\,U,s,e,r,s,\,l,e,n,m,o,\,D,e,s,k,t,o,p,\,P,e,r,s,o,n,a,l,-,P,r,o,j,e,c,t,s,\,A,I,_,P,R,O,\,S,p,e,e,c,h,T,o,T,e,x,t,T,e,n,s,o,r,f,l,o,w,\,d,a,t,a,\,L,J,S,p,e,e,c,h,-,1,.,1,\,w,a,v,s,\,L,J,0,0,1,-,0,0,3,7,.,w,a,v
C,:,\,U,s,e,r,s,\,l,e,n,m,o,\,D,e,s,k,t,o,p,\,P,e,r,s,o,n,a,l,-,P,r,o,j,e,c,t,s,\,A,I,_,P,R,O,\,S,p,e,e,c,h,T,o,T,e,x,t,T,e,n,s,o,r,f,l,o,w,\,d,a,t,a,\,L,J,S,p,e,e,c,h,-,1,.,1,\,w,a,v,s,\,L,J,0,0,1,-,0,0,3,8,.,w,a,v
C,:,\,U,s,e,r,s,\,l,e,n,m,o,\,D,e,s,k,t,o,p,\,P,e,r,s,o,n,a,l,-,P,r,o,j,e,c,t,s,\,A,I,_,P,R,O,\,S,p,e,e,c,h,T,o,T,e,x,t,T,e,n,s,o,r,f,l,o,w,\,d,a,t,a,\,L,J,S,p,e,e,c,h,-,1,.,1,\,w,a,v,s,\,L,J,0,0,1,-,0,0,3,9,.,w,a,v
C,:,\,U,s,e,r,s,\,l,e,n,m,o,\,D,e,s,k,t,o,p,\,P,e,r,s,o,n,a,l,-,P,r,o,j,e,c,t,s,\,A,I,_,P,R,O,\,S,p,e,e,c,h,T,o,T,e,x,t,T,e,n,s,o,r,f,l,o,w,\,d,a,t,a,\,L,J,S,p,e,e,c,h,-,1,.,1,\,w,a,v,s,\,L,J,0,0,1,-,0,0,4,0,.,w,a,v
C,:,\,U,s,e,r,s,\,l,e,n,m,o,\,D,e,s,k,t,o,p,\,P,e,r,s,o,n,a,l,-,P,r,o,j,e,c,t,s,\,A,I,_,P,R,O,\,S,p,e,e,c,h,T,o,T,e,x,t,T,e,n,s,o,r,f,l,o,w,\,d,a,t,a,\,L,J,S,p,e,e,c,h,-,1,.,1,\,w,a,v,s,\,L,J,0,0,1,-,0,0,4,1,.,w,a,v
C,:,\,U,s,e,r,s,\,l,e,n,m,o,\,D,e,s,k,t,o,p,\,P,e,r,s,o,n,a,l,-,P,r,o,j,e,c,t,s,\,A,I,_,P,R,O,\,S,p,e,e,c,h,T,o,T,e,x,t,T,e,n,s,o,r,f,l,o,w,\,d,a,t,a,\,L,J,S,p,e,e,c,h,-,1,.,1,\,w,a,v,s,\,L,J,0,0,1,-,0,0,4,2,.,w,a,v
C,:,\,U,s,e,r,s,\,l,e,n,m,o,\,D,e,s,k,t,o,p,\,P,e,r,s,o,n,a,l,-,P,r,o,j,e,c,t,s,\,A,I,_,P,R,O,\,S,p,e,e,c,h,T,o,T,e,x,t,T,e,n,s,o,r,f,l,o,w,\,d,a,t,a,\,L,J,S,p,e,e,c,h,-,1,.,1,\,w,a,v,s,\,L,J,0,0,1,-,0,0,4,3,.,w,a,v
C,:,\,U,s,e,r,s,\,l,e,n,m,o,\,D,e,s,k,t,o,p,\,P,e,r,s,o,n,a,l,-,P,r,o,j,e,c,t,s,\,A,I,_,P,R,O,\,S,p,e,e,c,h,T,o,T,e,x,t,T,e,n,s,o,r,f,l,o,w,\,d,a,t,a,\,L,J,S,p,e,e,c,h,-,1,.,1,\,w,a,v,s,\,L,J,0,0,1,-,0,0,4,4,.,w,a,v
C,:,\,U,s,e,r,s,\,l,e,n,m,o,\,D,e,s,k,t,o,p,\,P,e,r,s,o,n,a,l,-,P,r,o,j,e,c,t,s,\,A,I,_,P,R,O,\,S,p,e,e,c,h,T,o,T,e,x,t,T,e,n,s,o,r,f,l,o,w,\,d,a,t,a,\,L,J,S,p,e,e,c,h,-,1,.,1,\,w,a,v,s,\,L,J,0,0,1,-,0,0,4,5,.,w,a,v
C,:,\,U,s,e,r,s,\,l,e,n,m,o,\,D,e,s,k,t,o,p,\,P,e,r,s,o,n,a,l,-,P,r,o,j,e,c,t,s,\,A,I,_,P,R,O,\,S,p,e,e,c,h,T,o,T,e,x,t,T,e,n,s,o,r,f,l,o,w,\,d,a,t,a,\,L,J,S,p,e,e,c,h,-,1,.,1,\,w,a,v,s,\,L,J,0,0,1,-,0,0,4,6,.,w,a,v
C,:,\,U,s,e,r,s,\,l,e,n,m,o,\,D,e,s,k,t,o,p,\,P,e,r,s,o,n,a,l,-,P,r,o,j,e,c,t,s,\,A,I,_,P,R,O,\,S,p,e,e,c,h,T,o,T,e,x,t,T,e,n,s,o,r,f,l,o,w,\,d,a,t,a,\,L,J,S,p,e,e,c,h,-,1,.,1,\,w,a,v,s,\,L,J,0,0,1,-,0,0,4,7,.,w,a,v
C,:,\,U,s,e,r,s,\,l,e,n,m,o,\,D,e,s,k,t,o,p,\,P,e,r,s,o,n,a,l,-,P,r,o,j,e,c,t,s,\,A,I,_,P,R,O,\,S,p,e,e,c,h,T,o,T,e,x,t,T,e,n,s,o,r,f,l,o,w,\,d,a,t,a,\,L,J,S,p,e,e,c,h,-,1,.,1,\,w,a,v,s,\,L,J,0,0,1,-,0,0,4,8,.,w,a,v
C,:,\,U,s,e,r,s,\,l,e,n,m,o,\,D,e,s,k,t,o,p,\,P,e,r,s,o,n,a,l,-,P,r,o,j,e,c,t,s,\,A,I,_,P,R,O,\,S,p,e,e,c,h,T,o,T,e,x,t,T,e,n,s,o,r,f,l,o,w,\,d,a,t,a,\,L,J,S,p,e,e,c,h,-,1,.,1,\,w,a,v,s,\,L,J,0,0,1,-,0,0,4,9,.,w,a,v
C,:,\,U,s,e,r,s,\,l,e,n,m,o,\,D,e,s,k,t,o,p,\,P,e,r,s,o,n,a,l,-,P,r,o,j,e,c,t,s,\,A,I,_,P,R,O,\,S,p,e,e,c,h,T,o,T,e,x,t,T,e,n,s,o,r,f,l,o,w,\,d,a,t,a,\,L,J,S,p,e,e,c,h,-,1,.,1,\,w,a,v,s,\,L,J,0,0,1,-,0,0,5,0,.,w,a,v
C,:,\,U,s,e,r,s,\,l,e,n,m,o,\,D,e,s,k,t,o,p,\,P,e,r,s,o,n,a,l,-,P,r,o,j,e,c,t,s,\,A,I,_,P,R,O,\,S,p,e,e,c,h,T,o,T,e,x,t,T,e,n,s,o,r,f,l,o,w,\,d,a,t,a,\,L,J,S,p,e,e,c,h,-,1,.,1,\,w,a,v,s,\,L,J,0,0,1,-,0,0,5,1,.,w,a,v
C,:,\,U,s,e,r,s,\,l,e,n,m,o,\,D,e,s,k,t,o,p,\,P,e,r,s,o,n,a,l,-,P,r,o,j,e,c,t,s,\,A,I,_,P,R,O,\,S,p,e,e,c,h,T,o,T,e,x,t,T,e,n,s,o,r,f,l,o,w,\,d,a,t,a,\,L,J,S,p,e,e,c,h,-,1,.,1,\,w,a,v,s,\,L,J,0,0,1,-,0,0,5,2,.,w,a,v
C,:,\,U,s,e,r,s,\,l,e,n,m,o,\,D,e,s,k,t,o,p,\,P,e,r,s,o,n,a,l,-,P,r,o,j,e,c,t,s,\,A,I,_,P,R,O,\,S,p,e,e,c,h,T,o,T,e,x,t,T,e,n,s,o,r,f,l,o,w,\,d,a,t,a,\,L,J,S,p,e,e,c,h,-,1,.,1,\,w,a,v,s,\,L,J,0,0,1,-,0,0,5,3,.,w,a,v
C,:,\,U,s,e,r,s,\,l,e,n,m,o,\,D,e,s,k,t,o,p,\,P,e,r,s,o,n,a,l,-,P,r,o,j,e,c,t,s,\,A,I,_,P,R,O,\,S,p,e,e,c,h,T,o,T,e,x,t,T,e,n,s,o,r,f,l,o,w,\,d,a,t,a,\,L,J,S,p,e,e,c,h,-,1,.,1,\,w,a,v,s,\,L,J,0,0,1,-,0,0,5,4,.,w,a,v
C,:,\,U,s,e,r,s,\,l,e,n,m,o,\,D,e,s,k,t,o,p,\,P,e,r,s,o,n,a,l,-,P,r,o,j,e,c,t,s,\,A,I,_,P,R,O,\,S,p,e,e,c,h,T,o,T,e,x,t,T,e,n,s,o,r,f,l,o,w,\,d,a,t,a,\,L,J,S,p,e,e,c,h,-,1,.,1,\,w,a,v,s,\,L,J,0,0,1,-,0,0,5,5,.,w,a,v
C,:,\,U,s,e,r,s,\,l,e,n,m,o,\,D,e,s,k,t,o,p,\,P,e,r,s,o,n,a,l,-,P,r,o,j,e,c,t,s,\,A,I,_,P,R,O,\,S,p,e,e,c,h,T,o,T,e,x,t,T,e,n,s,o,r,f,l,o,w,\,d,a,t,a,\,L,J,S,p,e,e,c,h,-,1,.,1,\,w,a,v,s,\,L,J,0,0,1,-,0,0,5,6,.,w,a,v
C,:,\,U,s,e,r,s,\,l,e,n,m,o,\,D,e,s,k,t,o,p,\,P,e,r,s,o,n,a,l,-,P,r,o,j,e,c,t,s,\,A,I,_,P,R,O,\,S,p,e,e,c,h,T,o,T,e,x,t,T,e,n,s,o,r,f,l,o,w,\,d,a,t,a,\,L,J,S,p,e,e,c,h,-,1,.,1,\,w,a,v,s,\,L,J,0,0,1,-,0,0,5,7,.,w,a,v
C,:,\,U,s,e,r,s,\,l,e,n,m,o,\,D,e,s,k,t,o,p,\,P,e,r,s,o,n,a,l,-,P,r,o,j,e,c,t,s,\,A,I,_,P,R,O,\,S,p,e,e,c,h,T,o,T,e,x,t,T,e,n,s,o,r,f,l,o,w,\,d,a,t,a,\,L,J,S,p,e,e,c,h,-,1,.,1,\,w,a,v,s,\,L,J,0,0,1,-,0,0,5,8,.,w,a,v
C,:,\,U,s,e,r,s,\,l,e,n,m,o,\,D,e,s,k,t,o,p,\,P,e,r,s,o,n,a,l,-,P,r,o,j,e,c,t,s,\,A,I,_,P,R,O,\,S,p,e,e,c,h,T,o,T,e,x,t,T,e,n,s,o,r,f,l,o,w,\,d,a,t,a,\,L,J,S,p,e,e,c,h,-,1,.,1,\,w,a,v,s,\,L,J,0,0,1,-,0,0,5,9,.,w,a,v
C,:,\,U,s,e,r,s,\,l,e,n,m,o,\,D,e,s,k,t,o,p,\,P,e,r,s,o,n,a,l,-,P,r,o,j,e,c,t,s,\,A,I,_,P,R,O,\,S,p,e,e,c,h,T,o,T,e,x,t,T,e,n,s,o,r,f,l,o,w,\,d,a,t,a,\,L,J,S,p,e,e,c,h,-,1,.,1,\,w,a,v,s,\,L,J,0,0,1,-,0,0,6,0,.,w,a,v
C,:,\,U,s,e,r,s,\,l,e,n,m,o,\,D,e,s,k,t,o,p,\,P,e,r,s,o,n,a,l,-,P,r,o,j,e,c,t,s,\,A,I,_,P,R,O,\,S,p,e,e,c,h,T,o,T,e,x,t,T,e,n,s,o,r,f,l,o,w,\,d,a,t,a,\,L,J,S,p,e,e,c,h,-,1,.,1,\,w,a,v,s,\,L,J,0,0,1,-,0,0,6,1,.,w,a,v
C,:,\,U,s,e,r,s,\,l,e,n,m,o,\,D,e,s,k,t,o,p,\,P,e,r,s,o,n,a,l,-,P,r,o,j,e,c,t,s,\,A,I,_,P,R,O,\,S,p,e,e,c,h,T,o,T,e,x,t,T,e,n,s,o,r,f,l,o,w,\,d,a,t,a,\,L,J,S,p,e,e,c,h,-,1,.,1,\,w,a,v,s,\,L,J,0,0,1,-,0,0,6,2,.,w,a,v
C,:,\,U,s,e,r,s,\,l,e,n,m,o,\,D,e,s,k,t,o,p,\,P,e,r,s,o,n,a,l,-,P,r,o,j,e,c,t,s,\,A,I,_,P,R,O,\,S,p,e,e,c,h,T,o,T,e,x,t,T,e,n,s,o,r,f,l,o,w,\,d,a,t,a,\,L,J,S,p,e,e,c,h,-,1,.,1,\,w,a,v,s,\,L,J,0,0,1,-,0,0,6,3,.,w,a,v
C,:,\,U,s,e,r,s,\,l,e,n,m,o,\,D,e,s,k,t,o,p,\,P,e,r,s,o,n,a,l,-,P,r,o,j,e,c,t,s,\,A,I,_,P,R,O,\,S,p,e,e,c,h,T,o,T,e,x,t,T,e,n,s,o,r,f,l,o,w,\,d,a,t,a,\,L,J,S,p,e,e,c,h,-,1,.,1,\,w,a,v,s,\,L,J,0,0,1,-,0,0,6,4,.,w,a,v
C,:,\,U,s,e,r,s,\,l,e,n,m,o,\,D,e,s,k,t,o,p,\,P,e,r,s,o,n,a,l,-,P,r,o,j,e,c,t,s,\,A,I,_,P,R,O,\,S,p,e,e,c,h,T,o,T,e,x,t,T,e,n,s,o,r,f,l,o,w,\,d,a,t,a,\,L,J,S,p,e,e,c,h,-,1,.,1,\,w,a,v,s,\,L,J,0,0,1,-,0,0,6,5,.,w,a,v
C,:,\,U,s,e,r,s,\,l,e,n,m,o,\,D,e,s,k,t,o,p,\,P,e,r,s,o,n,a,l,-,P,r,o,j,e,c,t,s,\,A,I,_,P,R,O,\,S,p,e,e,c,h,T,o,T,e,x,t,T,e,n,s,o,r,f,l,o,w,\,d,a,t,a,\,L,J,S,p,e,e,c,h,-,1,.,1,\,w,a,v,s,\,L,J,0,0,1,-,0,0,6,6,.,w,a,v
C,:,\,U,s,e,r,s,\,l,e,n,m,o,\,D,e,s,k,t,o,p,\,P,e,r,s,o,n,a,l,-,P,r,o,j,e,c,t,s,\,A,I,_,P,R,O,\,S,p,e,e,c,h,T,o,T,e,x,t,T,e,n,s,o,r,f,l,o,w,\,d,a,t,a,\,L,J,S,p,e,e,c,h,-,1,.,1,\,w,a,v,s,\,L,J,0,0,1,-,0,0,6,7,.,w,a,v
C,:,\,U,s,e,r,s,\,l,e,n,m,o,\,D,e,s,k,t,o,p,\,P,e,r,s,o,n,a,l,-,P,r,o,j,e,c,t,s,\,A,I,_,P,R,O,\,S,p,e,e,c,h,T,o,T,e,x,t,T,e,n,s,o,r,f,l,o,w,\,d,a,t,a,\,L,J,S,p,e,e,c,h,-,1,.,1,\,w,a,v,s,\,L,J,0,0,1,-,0,0,6,8,.,w,a,v
C,:,\,U,s,e,r,s,\,l,e,n,m,o,\,D,e,s,k,t,o,p,\,P,e,r,s,o,n,a,l,-,P,r,o,j,e,c,t,s,\,A,I,_,P,R,O,\,S,p,e,e,c,h,T,o,T,e,x,t,T,e,n,s,o,r,f,l,o,w,\,d,a,t,a,\,L,J,S,p,e,e,c,h,-,1,.,1,\,w,a,v,s,\,L,J,0,0,1,-,0,0,6,9,.,w,a,v
C,:,\,U,s,e,r,s,\,l,e,n,m,o,\,D,e,s,k,t,o,p,\,P,e,r,s,o,n,a,l,-,P,r,o,j,e,c,t,s,\,A,I,_,P,R,O,\,S,p,e,e,c,h,T,o,T,e,x,t,T,e,n,s,o,r,f,l,o,w,\,d,a,t,a,\,L,J,S,p,e,e,c,h,-,1,.,1,\,w,a,v,s,\,L,J,0,0,1,-,0,0,7,0,.,w,a,v
C,:,\,U,s,e,r,s,\,l,e,n,m,o,\,D,e,s,k,t,o,p,\,P,e,r,s,o,n,a,l,-,P,r,o,j,e,c,t,s,\,A,I,_,P,R,O,\,S,p,e,e,c,h,T,o,T,e,x,t,T,e,n,s,o,r,f,l,o,w,\,d,a,t,a,\,L,J,S,p,e,e,c,h,-,1,.,1,\,w,a,v,s,\,L,J,0,0,1,-,0,0,7,1,.,w,a,v
C,:,\,U,s,e,r,s,\,l,e,n,m,o,\,D,e,s,k,t,o,p,\,P,e,r,s,o,n,a,l,-,P,r,o,j,e,c,t,s,\,A,I,_,P,R,O,\,S,p,e,e,c,h,T,o,T,e,x,t,T,e,n,s,o,r,f,l,o,w,\,d,a,t,a,\,L,J,S,p,e,e,c,h,-,1,.,1,\,w,a,v,s,\,L,J,0,0,1,-,0,0,7,2,.,w,a,v
C,:,\,U,s,e,r,s,\,l,e,n,m,o,\,D,e,s,k,t,o,p,\,P,e,r,s,o,n,a,l,-,P,r,o,j,e,c,t,s,\,A,I,_,P,R,O,\,S,p,e,e,c,h,T,o,T,e,x,t,T,e,n,s,o,r,f,l,o,w,\,d,a,t,a,\,L,J,S,p,e,e,c,h,-,1,.,1,\,w,a,v,s,\,L,J,0,0,1,-,0,0,7,3,.,w,a,v
C,:,\,U,s,e,r,s,\,l,e,n,m,o,\,D,e,s,k,t,o,p,\,P,e,r,s,o,n,a,l,-,P,r,o,j,e,c,t,s,\,A,I,_,P,R,O,\,S,p,e,e,c,h,T,o,T,e,x,t,T,e,n,s,o,r,f,l,o,w,\,d,a,t,a,\,L,J,S,p,e,e,c,h,-,1,.,1,\,w,a,v,s,\,L,J,0,0,1,-,0,0,7,4,.,w,a,v
C,:,\,U,s,e,r,s,\,l,e,n,m,o,\,D,e,s,k,t,o,p,\,P,e,r,s,o,n,a,l,-,P,r,o,j,e,c,t,s,\,A,I,_,P,R,O,\,S,p,e,e,c,h,T,o,T,e,x,t,T,e,n,s,o,r,f,l,o,w,\,d,a,t,a,\,L,J,S,p,e,e,c,h,-,1,.,1,\,w,a,v,s,\,L,J,0,0,1,-,0,0,7,5,.,w,a,v
C,:,\,U,s,e,r,s,\,l,e,n,m,o,\,D,e,s,k,t,o,p,\,P,e,r,s,o,n,a,l,-,P,r,o,j,e,c,t,s,\,A,I,_,P,R,O,\,S,p,e,e,c,h,T,o,T,e,x,t,T,e,n,s,o,r,f,l,o,w,\,d,a,t,a,\,L,J,S,p,e,e,c,h,-,1,.,1,\,w,a,v,s,\,L,J,0,0,1,-,0,0,7,6,.,w,a,v
C,:,\,U,s,e,r,s,\,l,e,n,m,o,\,D,e,s,k,t,o,p,\,P,e,r,s,o,n,a,l,-,P,r,o,j,e,c,t,s,\,A,I,_,P,R,O,\,S,p,e,e,c,h,T,o,T,e,x,t,T,e,n,s,o,r,f,l,o,w,\,d,a,t,a,\,L,J,S,p,e,e,c,h,-,1,.,1,\,w,a,v,s,\,L,J,0,0,1,-,0,0,7,7,.,w,a,v
C,:,\,U,s,e,r,s,\,l,e,n,m,o,\,D,e,s,k,t,o,p,\,P,e,r,s,o,n,a,l,-,P,r,o,j,e,c,t,s,\,A,I,_,P,R,O,\,S,p,e,e,c,h,T,o,T,e,x,t,T,e,n,s,o,r,f,l,o,w,\,d,a,t,a,\,L,J,S,p,e,e,c,h,-,1,.,1,\,w,a,v,s,\,L,J,0,0,1,-,0,0,7,8,.,w,a,v
C,:,\,U,s,e,r,s,\,l,e,n,m,o,\,D,e,s,k,t,o,p,\,P,e,r,s,o,n,a,l,-,P,r,o,j,e,c,t,s,\,A,I,_,P,R,O,\,S,p,e,e,c,h,T,o,T,e,x,t,T,e,n,s,o,r,f,l,o,w,\,d,a,t,a,\,L,J,S,p,e,e,c,h,-,1,.,1,\,w,a,v,s,\,L,J,0,0,1,-,0,0,7,9,.,w,a,v
C,:,\,U,s,e,r,s,\,l,e,n,m,o,\,D,e,s,k,t,o,p,\,P,e,r,s,o,n,a,l,-,P,r,o,j,e,c,t,s,\,A,I,_,P,R,O,\,S,p,e,e,c,h,T,o,T,e,x,t,T,e,n,s,o,r,f,l,o,w,\,d,a,t,a,\,L,J,S,p,e,e,c,h,-,1,.,1,\,w,a,v,s,\,L,J,0,0,1,-,0,0,8,0,.,w,a,v
C,:,\,U,s,e,r,s,\,l,e,n,m,o,\,D,e,s,k,t,o,p,\,P,e,r,s,o,n,a,l,-,P,r,o,j,e,c,t,s,\,A,I,_,P,R,O,\,S,p,e,e,c,h,T,o,T,e,x,t,T,e,n,s,o,r,f,l,o,w,\,d,a,t,a,\,L,J,S,p,e,e,c,h,-,1,.,1,\,w,a,v,s,\,L,J,0,0,1,-,0,0,8,1,.,w,a,v
C,:,\,U,s,e,r,s,\,l,e,n,m,o,\,D,e,s,k,t,o,p,\,P,e,r,s,o,n,a,l,-,P,r,o,j,e,c,t,s,\,A,I,_,P,R,O,\,S,p,e,e,c,h,T,o,T,e,x,t,T,e,n,s,o,r,f,l,o,w,\,d,a,t,a,\,L,J,S,p,e,e,c,h,-,1,.,1,\,w,a,v,s,\,L,J,0,0,1,-,0,0,8,2,.,w,a,v
C,:,\,U,s,e,r,s,\,l,e,n,m,o,\,D,e,s,k,t,o,p,\,P,e,r,s,o,n,a,l,-,P,r,o,j,e,c,t,s,\,A,I,_,P,R,O,\,S,p,e,e,c,h,T,o,T,e,x,t,T,e,n,s,o,r,f,l,o,w,\,d,a,t,a,\,L,J,S,p,e,e,c,h,-,1,.,1,\,w,a,v,s,\,L,J,0,0,1,-,0,0,8,3,.,w,a,v
C,:,\,U,s,e,r,s,\,l,e,n,m,o,\,D,e,s,k,t,o,p,\,P,e,r,s,o,n,a,l,-,P,r,o,j,e,c,t,s,\,A,I,_,P,R,O,\,S,p,e,e,c,h,T,o,T,e,x,t,T,e,n,s,o,r,f,l,o,w,\,d,a,t,a,\,L,J,S,p,e,e,c,h,-,1,.,1,\,w,a,v,s,\,L,J,0,0,1,-,0,0,8,4,.,w,a,v
C,:,\,U,s,e,r,s,\,l,e,n,m,o,\,D,e,s,k,t,o,p,\,P,e,r,s,o,n,a,l,-,P,r,o,j,e,c,t,s,\,A,I,_,P,R,O,\,S,p,e,e,c,h,T,o,T,e,x,t,T,e,n,s,o,r,f,l,o,w,\,d,a,t,a,\,L,J,S,p,e,e,c,h,-,1,.,1,\,w,a,v,s,\,L,J,0,0,1,-,0,0,8,5,.,w,a,v
C,:,\,U,s,e,r,s,\,l,e,n,m,o,\,D,e,s,k,t,o,p,\,P,e,r,s,o,n,a,l,-,P,r,o,j,e,c,t,s,\,A,I,_,P,R,O,\,S,p,e,e,c,h,T,o,T,e,x,t,T,e,n,s,o,r,f,l,o,w,\,d,a,t,a,\,L,J,S,p,e,e,c,h,-,1,.,1,\,w,a,v,s,\,L,J,0,0,1,-,0,0,8,6,.,w,a,v
C,:,\,U,s,e,r,s,\,l,e,n,m,o,\,D,e,s,k,t,o,p,\,P,e,r,s,o,n,a,l,-,P,r,o,j,e,c,t,s,\,A,I,_,P,R,O,\,S,p,e,e,c,h,T,o,T,e,x,t,T,e,n,s,o,r,f,l,o,w,\,d,a,t,a,\,L,J,S,p,e,e,c,h,-,1,.,1,\,w,a,v,s,\,L,J,0,0,1,-,0,0,8,7,.,w,a,v
C,:,\,U,s,e,r,s,\,l,e,n,m,o,\,D,e,s,k,t,o,p,\,P,e,r,s,o,n,a,l,-,P,r,o,j,e,c,t,s,\,A,I,_,P,R,O,\,S,p,e,e,c,h,T,o,T,e,x,t,T,e,n,s,o,r,f,l,o,w,\,d,a,t,a,\,L,J,S,p,e,e,c,h,-,1,.,1,\,w,a,v,s,\,L,J,0,0,1,-,0,0,8,8,.,w,a,v
C,:,\,U,s,e,r,s,\,l,e,n,m,o,\,D,e,s,k,t,o,p,\,P,e,r,s,o,n,a,l,-,P,r,o,j,e,c,t,s,\,A,I,_,P,R,O,\,S,p,e,e,c,h,T,o,T,e,x,t,T,e,n,s,o,r,f,l,o,w,\,d,a,t,a,\,L,J,S,p,e,e,c,h,-,1,.,1,\,w,a,v,s,\,L,J,0,0,1,-,0,0,8,9,.,w,a,v
C,:,\,U,s,e,r,s,\,l,e,n,m,o,\,D,e,s,k,t,o,p,\,P,e,r,s,o,n,a,l,-,P,r,o,j,e,c,t,s,\,A,I,_,P,R,O,\,S,p,e,e,c,h,T,o,T,e,x,t,T,e,n,s,o,r,f,l,o,w,\,d,a,t,a,\,L,J,S,p,e,e,c,h,-,1,.,1,\,w,a,v,s,\,L,J,0,0,1,-,0,0,9,0,.,w,a,v
C,:,\,U,s,e,r,s,\,l,e,n,m,o,\,D,e,s,k,t,o,p,\,P,e,r,s,o,n,a,l,-,P,r,o,j,e,c,t,s,\,A,I,_,P,R,O,\,S,p,e,e,c,h,T,o,T,e,x,t,T,e,n,s,o,r,f,l,o,w,\,d,a,t,a,\,L,J,S,p,e,e,c,h,-,1,.,1,\,w,a,v,s,\,L,J,0,0,1,-,0,0,9,1,.,w,a,v
C,:,\,U,s,e,r,s,\,l,e,n,m,o,\,D,e,s,k,t,o,p,\,P,e,r,s,o,n,a,l,-,P,r,o,j,e,c,t,s,\,A,I,_,P,R,O,\,S,p,e,e,c,h,T,o,T,e,x,t,T,e,n,s,o,r,f,l,o,w,\,d,a,t,a,\,L,J,S,p,e,e,c,h,-,1,.,1,\,w,a,v,s,\,L,J,0,0,1,-,0,0,9,2,.,w,a,v
C,:,\,U,s,e,r,s,\,l,e,n,m,o,\,D,e,s,k,t,o,p,\,P,e,r,s,o,n,a,l,-,P,r,o,j,e,c,t,s,\,A,I,_,P,R,O,\,S,p,e,e,c,h,T,o,T,e,x,t,T,e,n,s,o,r,f,l,o,w,\,d,a,t,a,\,L,J,S,p,e,e,c,h,-,1,.,1,\,w,a,v,s,\,L,J,0,0,1,-,0,0,9,3,.,w,a,v
C,:,\,U,s,e,r,s,\,l,e,n,m,o,\,D,e,s,k,t,o,p,\,P,e,r,s,o,n,a,l,-,P,r,o,j,e,c,t,s,\,A,I,_,P,R,O,\,S,p,e,e,c,h,T,o,T,e,x,t,T,e,n,s,o,r,f,l,o,w,\,d,a,t,a,\,L,J,S,p,e,e,c,h,-,1,.,1,\,w,a,v,s,\,L,J,0,0,1,-,0,0,9,4,.,w,a,v
C,:,\,U,s,e,r,s,\,l,e,n,m,o,\,D,e,s,k,t,o,p,\,P,e,r,s,o,n,a,l,-,P,r,o,j,e,c,t,s,\,A,I,_,P,R,O,\,S,p,e,e,c,h,T,o,T,e,x,t,T,e,n,s,o,r,f,l,o,w,\,d,a,t,a,\,L,J,S,p,e,e,c,h,-,1,.,1,\,w,a,v,s,\,L,J,0,0,1,-,0,0,9,5,.,w,a,v
C,:,\,U,s,e,r,s,\,l,e,n,m,o,\,D,e,s,k,t,o,p,\,P,e,r,s,o,n,a,l,-,P,r,o,j,e,c,t,s,\,A,I,_,P,R,O,\,S,p,e,e,c,h,T,o,T,e,x,t,T,e,n,s,o,r,f,l,o,w,\,d,a,t,a,\,L,J,S,p,e,e,c,h,-,1,.,1,\,w,a,v,s,\,L,J,0,0,1,-,0,0,9,6,.,w,a,v
C,:,\,U,s,e,r,s,\,l,e,n,m,o,\,D,e,s,k,t,o,p,\,P,e,r,s,o,n,a,l,-,P,r,o,j,e,c,t,s,\,A,I,_,P,R,O,\,S,p,e,e,c,h,T,o,T,e,x,t,T,e,n,s,o,r,f,l,o,w,\,d,a,t,a,\,L,J,S,p,e,e,c,h,-,1,.,1,\,w,a,v,s,\,L,J,0,0,1,-,0,0,9,7,.,w,a,v
C,:,\,U,s,e,r,s,\,l,e,n,m,o,\,D,e,s,k,t,o,p,\,P,e,r,s,o,n,a,l,-,P,r,o,j,e,c,t,s,\,A,I,_,P,R,O,\,S,p,e,e,c,h,T,o,T,e,x,t,T,e,n,s,o,r,f,l,o,w,\,d,a,t,a,\,L,J,S,p,e,e,c,h,-,1,.,1,\,w,a,v,s,\,L,J,0,0,1,-,0,0,9,8,.,w,a,v
C,:,\,U,s,e,r,s,\,l,e,n,m,o,\,D,e,s,k,t,o,p,\,P,e,r,s,o,n,a,l,-,P,r,o,j,e,c,t,s,\,A,I,_,P,R,O,\,S,p,e,e,c,h,T,o,T,e,x,t,T,e,n,s,o,r,f,l,o,w,\,d,a,t,a,\,L,J,S,p,e,e,c,h,-,1,.,1,\,w,a,v,s,\,L,J,0,0,1,-,0,0,9,9,.,w,a,v
C,:,\,U,s,e,r,s,\,l,e,n,m,o,\,D,e,s,k,t,o,p,\,P,e,r,s,o,n,a,l,-,P,r,o,j,e,c,t,s,\,A,I,_,P,R,O,\,S,p,e,e,c,h,T,o,T,e,x,t,T,e,n,s,o,r,f,l,o,w,\,d,a,t,a,\,L,J,S,p,e,e,c,h,-,1,.,1,\,w,a,v,s,\,L,J,0,0,1,-,0,1,0,0,.,w,a,v
C,:,\,U,s,e,r,s,\,l,e,n,m,o,\,D,e,s,k,t,o,p,\,P,e,r,s,o,n,a,l,-,P,r,o,j,e,c,t,s,\,A,I,_,P,R,O,\,S,p,e,e,c,h,T,o,T,e,x,t,T,e,n,s,o,r,f,l,o,w,\,d,a,t,a,\,L,J,S,p,e,e,c,h,-,1,.,1,\,w,a,v,s,\,L,J,0,0,1,-,0,1,0,1,.,w,a,v
C,:,\,U,s,e,r,s,\,l,e,n,m,o,\,D,e,s,k,t,o,p,\,P,e,r,s,o,n,a,l,-,P,r,o,j,e,c,t,s,\,A,I,_,P,R,O,\,S,p,e,e,c,h,T,o,T,e,x,t,T,e,n,s,o,r,f,l,o,w,\,d,a,t,a,\,L,J,S,p,e,e,c,h,-,1,.,1,\,w,a,v,s,\,L,J,0,0,1,-,0,1,0,2,.,w,a,v
C,:,\,U,s,e,r,s,\,l,e,n,m,o,\,D,e,s,k,t,o,p,\,P,e,r,s,o,n,a,l,-,P,r,o,j,e,c,t,s,\,A,I,_,P,R,O,\,S,p,e,e,c,h,T,o,T,e,x,t,T,e,n,s,o,r,f,l,o,w,\,d,a,t,a,\,L,J,S,p,e,e,c,h,-,1,.,1,\,w,a,v,s,\,L,J,0,0,1,-,0,1,0,3,.,w,a,v
C,:,\,U,s,e,r,s,\,l,e,n,m,o,\,D,e,s,k,t,o,p,\,P,e,r,s,o,n,a,l,-,P,r,o,j,e,c,t,s,\,A,I,_,P,R,O,\,S,p,e,e,c,h,T,o,T,e,x,t,T,e,n,s,o,r,f,l,o,w,\,d,a,t,a,\,L,J,S,p,e,e,c,h,-,1,.,1,\,w,a,v,s,\,L,J,0,0,1,-,0,1,0,4,.,w,a,v
C,:,\,U,s,e,r,s,\,l,e,n,m,o,\,D,e,s,k,t,o,p,\,P,e,r,s,o,n,a,l,-,P,r,o,j,e,c,t,s,\,A,I,_,P,R,O,\,S,p,e,e,c,h,T,o,T,e,x,t,T,e,n,s,o,r,f,l,o,w,\,d,a,t,a,\,L,J,S,p,e,e,c,h,-,1,.,1,\,w,a,v,s,\,L,J,0,0,1,-,0,1,0,5,.,w,a,v
C,:,\,U,s,e,r,s,\,l,e,n,m,o,\,D,e,s,k,t,o,p,\,P,e,r,s,o,n,a,l,-,P,r,o,j,e,c,t,s,\,A,I,_,P,R,O,\,S,p,e,e,c,h,T,o,T,e,x,t,T,e,n,s,o,r,f,l,o,w,\,d,a,t,a,\,L,J,S,p,e,e,c,h,-,1,.,1,\,w,a,v,s,\,L,J,0,0,1,-,0,1,0,6,.,w,a,v
C,:,\,U,s,e,r,s,\,l,e,n,m,o,\,D,e,s,k,t,o,p,\,P,e,r,s,o,n,a,l,-,P,r,o,j,e,c,t,s,\,A,I,_,P,R,O,\,S,p,e,e,c,h,T,o,T,e,x,t,T,e,n,s,o,r,f,l,o,w,\,d,a,t,a,\,L,J,S,p,e,e,c,h,-,1,.,1,\,w,a,v,s,\,L,J,0,0,1,-,0,1,0,7,.,w,a,v
C,:,\,U,s,e,r,s,\,l,e,n,m,o,\,D,e,s,k,t,o,p,\,P,e,r,s,o,n,a,l,-,P,r,o,j,e,c,t,s,\,A,I,_,P,R,O,\,S,p,e,e,c,h,T,o,T,e,x,t,T,e,n,s,o,r,f,l,o,w,\,d,a,t,a,\,L,J,S,p,e,e,c,h,-,1,.,1,\,w,a,v,s,\,L,J,0,0,1,-,0,1,0,8,.,w,a,v
C,:,\,U,s,e,r,s,\,l,e,n,m,o,\,D,e,s,k,t,o,p,\,P,e,r,s,o,n,a,l,-,P,r,o,j,e,c,t,s,\,A,I,_,P,R,O,\,S,p,e,e,c,h,T,o,T,e,x,t,T,e,n,s,o,r,f,l,o,w,\,d,a,t,a,\,L,J,S,p,e,e,c,h,-,1,.,1,\,w,a,v,s,\,L,J,0,0,1,-,0,1,0,9,.,w,a,v
C,:,\,U,s,e,r,s,\,l,e,n,m,o,\,D,e,s,k,t,o,p,\,P,e,r,s,o,n,a,l,-,P,r,o,j,e,c,t,s,\,A,I,_,P,R,O,\,S,p,e,e,c,h,T,o,T,e,x,t,T,e,n,s,o,r,f,l,o,w,\,d,a,t,a,\,L,J,S,p,e,e,c,h,-,1,.,1,\,w,a,v,s,\,L,J,0,0,1,-,0,1,1,0,.,w,a,v
C,:,\,U,s,e,r,s,\,l,e,n,m,o,\,D,e,s,k,t,o,p,\,P,e,r,s,o,n,a,l,-,P,r,o,j,e,c,t,s,\,A,I,_,P,R,O,\,S,p,e,e,c,h,T,o,T,e,x,t,T,e,n,s,o,r,f,l,o,w,\,d,a,t,a,\,L,J,S,p,e,e,c,h,-,1,.,1,\,w,a,v,s,\,L,J,0,0,1,-,0,1,1,1,.,w,a,v
C,:,\,U,s,e,r,s,\,l,e,n,m,o,\,D,e,s,k,t,o,p,\,P,e,r,s,o,n,a,l,-,P,r,o,j,e,c,t,s,\,A,I,_,P,R,O,\,S,p,e,e,c,h,T,o,T,e,x,t,T,e,n,s,o,r,f,l,o,w,\,d,a,t,a,\,L,J,S,p,e,e,c,h,-,1,.,1,\,w,a,v,s,\,L,J,0,0,1,-,0,1,1,2,.,w,a,v
C,:,\,U,s,e,r,s,\,l,e,n,m,o,\,D,e,s,k,t,o,p,\,P,e,r,s,o,n,a,l,-,P,r,o,j,e,c,t,s,\,A,I,_,P,R,O,\,S,p,e,e,c,h,T,o,T,e,x,t,T,e,n,s,o,r,f,l,o,w,\,d,a,t,a,\,L,J,S,p,e,e,c,h,-,1,.,1,\,w,a,v,s,\,L,J,0,0,1,-,0,1,1,3,.,w,a,v
C,:,\,U,s,e,r,s,\,l,e,n,m,o,\,D,e,s,k,t,o,p,\,P,e,r,s,o,n,a,l,-,P,r,o,j,e,c,t,s,\,A,I,_,P,R,O,\,S,p,e,e,c,h,T,o,T,e,x,t,T,e,n,s,o,r,f,l,o,w,\,d,a,t,a,\,L,J,S,p,e,e,c,h,-,1,.,1,\,w,a,v,s,\,L,J,0,0,1,-,0,1,1,4,.,w,a,v
C,:,\,U,s,e,r,s,\,l,e,n,m,o,\,D,e,s,k,t,o,p,\,P,e,r,s,o,n,a,l,-,P,r,o,j,e,c,t,s,\,A,I,_,P,R,O,\,S,p,e,e,c,h,T,o,T,e,x,t,T,e,n,s,o,r,f,l,o,w,\,d,a,t,a,\,L,J,S,p,e,e,c,h,-,1,.,1,\,w,a,v,s,\,L,J,0,0,1,-,0,1,1,5,.,w,a,v
C,:,\,U,s,e,r,s,\,l,e,n,m,o,\,D,e,s,k,t,o,p,\,P,e,r,s,o,n,a,l,-,P,r,o,j,e,c,t,s,\,A,I,_,P,R,O,\,S,p,e,e,c,h,T,o,T,e,x,t,T,e,n,s,o,r,f,l,o,w,\,d,a,t,a,\,L,J,S,p,e,e,c,h,-,1,.,1,\,w,a,v,s,\,L,J,0,0,1,-,0,1,1,6,.,w,a,v
C,:,\,U,s,e,r,s,\,l,e,n,m,o,\,D,e,s,k,t,o,p,\,P,e,r,s,o,n,a,l,-,P,r,o,j,e,c,t,s,\,A,I,_,P,R,O,\,S,p,e,e,c,h,T,o,T,e,x,t,T,e,n,s,o,r,f,l,o,w,\,d,a,t,a,\,L,J,S,p,e,e,c,h,-,1,.,1,\,w,a,v,s,\,L,J,0,0,1,-,0,1,1,7,.,w,a,v
C,:,\,U,s,e,r,s,\,l,e,n,m,o,\,D,e,s,k,t,o,p,\,P,e,r,s,o,n,a,l,-,P,r,o,j,e,c,t,s,\,A,I,_,P,R,O,\,S,p,e,e,c,h,T,o,T,e,x,t,T,e,n,s,o,r,f,l,o,w,\,d,a,t,a,\,L,J,S,p,e,e,c,h,-,1,.,1,\,w,a,v,s,\,L,J,0,0,1,-,0,1,1,8,.,w,a,v
C,:,\,U,s,e,r,s,\,l,e,n,m,o,\,D,e,s,k,t,o,p,\,P,e,r,s,o,n,a,l,-,P,r,o,j,e,c,t,s,\,A,I,_,P,R,O,\,S,p,e,e,c,h,T,o,T,e,x,t,T,e,n,s,o,r,f,l,o,w,\,d,a,t,a,\,L,J,S,p,e,e,c,h,-,1,.,1,\,w,a,v,s,\,L,J,0,0,1,-,0,1,1,9,.,w,a,v
C,:,\,U,s,e,r,s,\,l,e,n,m,o,\,D,e,s,k,t,o,p,\,P,e,r,s,o,n,a,l,-,P,r,o,j,e,c,t,s,\,A,I,_,P,R,O,\,S,p,e,e,c,h,T,o,T,e,x,t,T,e,n,s,o,r,f,l,o,w,\,d,a,t,a,\,L,J,S,p,e,e,c,h,-,1,.,1,\,w,a,v,s,\,L,J,0,0,1,-,0,1,2,0,.,w,a,v
C,:,\,U,s,e,r,s,\,l,e,n,m,o,\,D,e,s,k,t,o,p,\,P,e,r,s,o,n,a,l,-,P,r,o,j,e,c,t,s,\,A,I,_,P,R,O,\,S,p,e,e,c,h,T,o,T,e,x,t,T,e,n,s,o,r,f,l,o,w,\,d,a,t,a,\,L,J,S,p,e,e,c,h,-,1,.,1,\,w,a,v,s,\,L,J,0,0,1,-,0,1,2,1,.,w,a,v
C,:,\,U,s,e,r,s,\,l,e,n,m,o,\,D,e,s,k,t,o,p,\,P,e,r,s,o,n,a,l,-,P,r,o,j,e,c,t,s,\,A,I,_,P,R,O,\,S,p,e,e,c,h,T,o,T,e,x,t,T,e,n,s,o,r,f,l,o,w,\,d,a,t,a,\,L,J,S,p,e,e,c,h,-,1,.,1,\,w,a,v,s,\,L,J,0,0,1,-,0,1,2,2,.,w,a,v
C,:,\,U,s,e,r,s,\,l,e,n,m,o,\,D,e,s,k,t,o,p,\,P,e,r,s,o,n,a,l,-,P,r,o,j,e,c,t,s,\,A,I,_,P,R,O,\,S,p,e,e,c,h,T,o,T,e,x,t,T,e,n,s,o,r,f,l,o,w,\,d,a,t,a,\,L,J,S,p,e,e,c,h,-,1,.,1,\,w,a,v,s,\,L,J,0,0,1,-,0,1,2,3,.,w,a,v
C,:,\,U,s,e,r,s,\,l,e,n,m,o,\,D,e,s,k,t,o,p,\,P,e,r,s,o,n,a,l,-,P,r,o,j,e,c,t,s,\,A,I,_,P,R,O,\,S,p,e,e,c,h,T,o,T,e,x,t,T,e,n,s,o,r,f,l,o,w,\,d,a,t,a,\,L,J,S,p,e,e,c,h,-,1,.,1,\,w,a,v,s,\,L,J,0,0,1,-,0,1,2,4,.,w,a,v
C,:,\,U,s,e,r,s,\,l,e,n,m,o,\,D,e,s,k,t,o,p,\,P,e,r,s,o,n,a,l,-,P,r,o,j,e,c,t,s,\,A,I,_,P,R,O,\,S,p,e,e,c,h,T,o,T,e,x,t,T,e,n,s,o,r,f,l,o,w,\,d,a,t,a,\,L,J,S,p,e,e,c,h,-,1,.,1,\,w,a,v,s,\,L,J,0,0,1,-,0,1,2,5,.,w,a,v
C,:,\,U,s,e,r,s,\,l,e,n,m,o,\,D,e,s,k,t,o,p,\,P,e,r,s,o,n,a,l,-,P,r,o,j,e,c,t,s,\,A,I,_,P,R,O,\,S,p,e,e,c,h,T,o,T,e,x,t,T,e,n,s,o,r,f,l,o,w,\,d,a,t,a,\,L,J,S,p,e,e,c,h,-,1,.,1,\,w,a,v,s,\,L,J,0,0,1,-,0,1,2,6,.,w,a,v
C,:,\,U,s,e,r,s,\,l,e,n,m,o,\,D,e,s,k,t,o,p,\,P,e,r,s,o,n,a,l,-,P,r,o,j,e,c,t,s,\,A,I,_,P,R,O,\,S,p,e,e,c,h,T,o,T,e,x,t,T,e,n,s,o,r,f,l,o,w,\,d,a,t,a,\,L,J,S,p,e,e,c,h,-,1,.,1,\,w,a,v,s,\,L,J,0,0,1,-,0,1,2,7,.,w,a,v
C,:,\,U,s,e,r,s,\,l,e,n,m,o,\,D,e,s,k,t,o,p,\,P,e,r,s,o,n,a,l,-,P,r,o,j,e,c,t,s,\,A,I,_,P,R,O,\,S,p,e,e,c,h,T,o,T,e,x,t,T,e,n,s,o,r,f,l,o,w,\,d,a,t,a,\,L,J,S,p,e,e,c,h,-,1,.,1,\,w,a,v,s,\,L,J,0,0,1,-,0,1,2,8,.,w,a,v
C,:,\,U,s,e,r,s,\,l,e,n,m,o,\,D,e,s,k,t,o,p,\,P,e,r,s,o,n,a,l,-,P,r,o,j,e,c,t,s,\,A,I,_,P,R,O,\,S,p,e,e,c,h,T,o,T,e,x,t,T,e,n,s,o,r,f,l,o,w,\,d,a,t,a,\,L,J,S,p,e,e,c,h,-,1,.,1,\,w,a,v,s,\,L,J,0,0,1,-,0,1,2,9,.,w,a,v
C,:,\,U,s,e,r,s,\,l,e,n,m,o,\,D,e,s,k,t,o,p,\,P,e,r,s,o,n,a,l,-,P,r,o,j,e,c,t,s,\,A,I,_,P,R,O,\,S,p,e,e,c,h,T,o,T,e,x,t,T,e,n,s,o,r,f,l,o,w,\,d,a,t,a,\,L,J,S,p,e,e,c,h,-,1,.,1,\,w,a,v,s,\,L,J,0,0,1,-,0,1,3,0,.,w,a,v
C,:,\,U,s,e,r,s,\,l,e,n,m,o,\,D,e,s,k,t,o,p,\,P,e,r,s,o,n,a,l,-,P,r,o,j,e,c,t,s,\,A,I,_,P,R,O,\,S,p,e,e,c,h,T,o,T,e,x,t,T,e,n,s,o,r,f,l,o,w,\,d,a,t,a,\,L,J,S,p,e,e,c,h,-,1,.,1,\,w,a,v,s,\,L,J,0,0,1,-,0,1,3,1,.,w,a,v
C,:,\,U,s,e,r,s,\,l,e,n,m,o,\,D,e,s,k,t,o,p,\,P,e,r,s,o,n,a,l,-,P,r,o,j,e,c,t,s,\,A,I,_,P,R,O,\,S,p,e,e,c,h,T,o,T,e,x,t,T,e,n,s,o,r,f,l,o,w,\,d,a,t,a,\,L,J,S,p,e,e,c,h,-,1,.,1,\,w,a,v,s,\,L,J,0,0,1,-,0,1,3,2,.,w,a,v
C,:,\,U,s,e,r,s,\,l,e,n,m,o,\,D,e,s,k,t,o,p,\,P,e,r,s,o,n,a,l,-,P,r,o,j,e,c,t,s,\,A,I,_,P,R,O,\,S,p,e,e,c,h,T,o,T,e,x,t,T,e,n,s,o,r,f,l,o,w,\,d,a,t,a,\,L,J,S,p,e,e,c,h,-,1,.,1,\,w,a,v,s,\,L,J,0,0,1,-,0,1,3,3,.,w,a,v
C,:,\,U,s,e,r,s,\,l,e,n,m,o,\,D,e,s,k,t,o,p,\,P,e,r,s,o,n,a,l,-,P,r,o,j,e,c,t,s,\,A,I,_,P,R,O,\,S,p,e,e,c,h,T,o,T,e,x,t,T,e,n,s,o,r,f,l,o,w,\,d,a,t,a,\,L,J,S,p,e,e,c,h,-,1,.,1,\,w,a,v,s,\,L,J,0,0,1,-,0,1,3,4,.,w,a,v
C,:,\,U,s,e,r,s,\,l,e,n,m,o,\,D,e,s,k,t,o,p,\,P,e,r,s,o,n,a,l,-,P,r,o,j,e,c,t,s,\,A,I,_,P,R,O,\,S,p,e,e,c,h,T,o,T,e,x,t,T,e,n,s,o,r,f,l,o,w,\,d,a,t,a,\,L,J,S,p,e,e,c,h,-,1,.,1,\,w,a,v,s,\,L,J,0,0,1,-,0,1,3,5,.,w,a,v
C,:,\,U,s,e,r,s,\,l,e,n,m,o,\,D,e,s,k,t,o,p,\,P,e,r,s,o,n,a,l,-,P,r,o,j,e,c,t,s,\,A,I,_,P,R,O,\,S,p,e,e,c,h,T,o,T,e,x,t,T,e,n,s,o,r,f,l,o,w,\,d,a,t,a,\,L,J,S,p,e,e,c,h,-,1,.,1,\,w,a,v,s,\,L,J,0,0,1,-,0,1,3,6,.,w,a,v
C,:,\,U,s,e,r,s,\,l,e,n,m,o,\,D,e,s,k,t,o,p,\,P,e,r,s,o,n,a,l,-,P,r,o,j,e,c,t,s,\,A,I,_,P,R,O,\,S,p,e,e,c,h,T,o,T,e,x,t,T,e,n,s,o,r,f,l,o,w,\,d,a,t,a,\,L,J,S,p,e,e,c,h,-,1,.,1,\,w,a,v,s,\,L,J,0,0,1,-,0,1,3,7,.,w,a,v
C,:,\,U,s,e,r,s,\,l,e,n,m,o,\,D,e,s,k,t,o,p,\,P,e,r,s,o,n,a,l,-,P,r,o,j,e,c,t,s,\,A,I,_,P,R,O,\,S,p,e,e,c,h,T,o,T,e,x,t,T,e,n,s,o,r,f,l,o,w,\,d,a,t,a,\,L,J,S,p,e,e,c,h,-,1,.,1,\,w,a,v,s,\,L,J,0,0,1,-,0,1,3,8,.,w,a,v
C,:,\,U,s,e,r,s,\,l,e,n,m,o,\,D,e,s,k,t,o,p,\,P,e,r,s,o,n,a,l,-,P,r,o,j,e,c,t,s,\,A,I,_,P,R,O,\,S,p,e,e,c,h,T,o,T,e,x,t,T,e,n,s,o,r,f,l,o,w,\,d,a,t,a,\,L,J,S,p,e,e,c,h,-,1,.,1,\,w,a,v,s,\,L,J,0,0,1,-,0,1,3,9,.,w,a,v
C,:,\,U,s,e,r,s,\,l,e,n,m,o,\,D,e,s,k,t,o,p,\,P,e,r,s,o,n,a,l,-,P,r,o,j,e,c,t,s,\,A,I,_,P,R,O,\,S,p,e,e,c,h,T,o,T,e,x,t,T,e,n,s,o,r,f,l,o,w,\,d,a,t,a,\,L,J,S,p,e,e,c,h,-,1,.,1,\,w,a,v,s,\,L,J,0,0,1,-,0,1,4,0,.,w,a,v
C,:,\,U,s,e,r,s,\,l,e,n,m,o,\,D,e,s,k,t,o,p,\,P,e,r,s,o,n,a,l,-,P,r,o,j,e,c,t,s,\,A,I,_,P,R,O,\,S,p,e,e,c,h,T,o,T,e,x,t,T,e,n,s,o,r,f,l,o,w,\,d,a,t,a,\,L,J,S,p,e,e,c,h,-,1,.,1,\,w,a,v,s,\,L,J,0,0,1,-,0,1,4,1,.,w,a,v
C,:,\,U,s,e,r,s,\,l,e,n,m,o,\,D,e,s,k,t,o,p,\,P,e,r,s,o,n,a,l,-,P,r,o,j,e,c,t,s,\,A,I,_,P,R,O,\,S,p,e,e,c,h,T,o,T,e,x,t,T,e,n,s,o,r,f,l,o,w,\,d,a,t,a,\,L,J,S,p,e,e,c,h,-,1,.,1,\,w,a,v,s,\,L,J,0,0,1,-,0,1,4,2,.,w,a,v
C,:,\,U,s,e,r,s,\,l,e,n,m,o,\,D,e,s,k,t,o,p,\,P,e,r,s,o,n,a,l,-,P,r,o,j,e,c,t,s,\,A,I,_,P,R,O,\,S,p,e,e,c,h,T,o,T,e,x,t,T,e,n,s,o,r,f,l,o,w,\,d,a,t,a,\,L,J,S,p,e,e,c,h,-,1,.,1,\,w,a,v,s,\,L,J,0,0,1,-,0,1,4,3,.,w,a,v
C,:,\,U,s,e,r,s,\,l,e,n,m,o,\,D,e,s,k,t,o,p,\,P,e,r,s,o,n,a,l,-,P,r,o,j,e,c,t,s,\,A,I,_,P,R,O,\,S,p,e,e,c,h,T,o,T,e,x,t,T,e,n,s,o,r,f,l,o,w,\,d,a,t,a,\,L,J,S,p,e,e,c,h,-,1,.,1,\,w,a,v,s,\,L,J,0,0,1,-,0,1,4,4,.,w,a,v
C,:,\,U,s,e,r,s,\,l,e,n,m,o,\,D,e,s,k,t,o,p,\,P,e,r,s,o,n,a,l,-,P,r,o,j,e,c,t,s,\,A,I,_,P,R,O,\,S,p,e,e,c,h,T,o,T,e,x,t,T,e,n,s,o,r,f,l,o,w,\,d,a,t,a,\,L,J,S,p,e,e,c,h,-,1,.,1,\,w,a,v,s,\,L,J,0,0,1,-,0,1,4,5,.,w,a,v
C,:,\,U,s,e,r,s,\,l,e,n,m,o,\,D,e,s,k,t,o,p,\,P,e,r,s,o,n,a,l,-,P,r,o,j,e,c,t,s,\,A,I,_,P,R,O,\,S,p,e,e,c,h,T,o,T,e,x,t,T,e,n,s,o,r,f,l,o,w,\,d,a,t,a,\,L,J,S,p,e,e,c,h,-,1,.,1,\,w,a,v,s,\,L,J,0,0,1,-,0,1,4,6,.,w,a,v
C,:,\,U,s,e,r,s,\,l,e,n,m,o,\,D,e,s,k,t,o,p,\,P,e,r,s,o,n,a,l,-,P,r,o,j,e,c,t,s,\,A,I,_,P,R,O,\,S,p,e,e,c,h,T,o,T,e,x,t,T,e,n,s,o,r,f,l,o,w,\,d,a,t,a,\,L,J,S,p,e,e,c,h,-,1,.,1,\,w,a,v,s,\,L,J,0,0,1,-,0,1,4,7,.,w,a,v
C,:,\,U,s,e,r,s,\,l,e,n,m,o,\,D,e,s,k,t,o,p,\,P,e,r,s,o,n,a,l,-,P,r,o,j,e,c,t,s,\,A,I,_,P,R,O,\,S,p,e,e,c,h,T,o,T,e,x,t,T,e,n,s,o,r,f,l,o,w,\,d,a,t,a,\,L,J,S,p,e,e,c,h,-,1,.,1,\,w,a,v,s,\,L,J,0,0,1,-,0,1,4,8,.,w,a,v
C,:,\,U,s,e,r,s,\,l,e,n,m,o,\,D,e,s,k,t,o,p,\,P,e,r,s,o,n,a,l,-,P,r,o,j,e,c,t,s,\,A,I,_,P,R,O,\,S,p,e,e,c,h,T,o,T,e,x,t,T,e,n,s,o,r,f,l,o,w,\,d,a,t,a,\,L,J,S,p,e,e,c,h,-,1,.,1,\,w,a,v,s,\,L,J,0,0,1,-,0,1,4,9,.,w,a,v
C,:,\,U,s,e,r,s,\,l,e,n,m,o,\,D,e,s,k,t,o,p,\,P,e,r,s,o,n,a,l,-,P,r,o,j,e,c,t,s,\,A,I,_,P,R,O,\,S,p,e,e,c,h,T,o,T,e,x,t,T,e,n,s,o,r,f,l,o,w,\,d,a,t,a,\,L,J,S,p,e,e,c,h,-,1,.,1,\,w,a,v,s,\,L,J,0,0,1,-,0,1,5,0,.,w,a,v
C,:,\,U,s,e,r,s,\,l,e,n,m,o,\,D,e,s,k,t,o,p,\,P,e,r,s,o,n,a,l,-,P,r,o,j,e,c,t,s,\,A,I,_,P,R,O,\,S,p,e,e,c,h,T,o,T,e,x,t,T,e,n,s,o,r,f,l,o,w,\,d,a,t,a,\,L,J,S,p,e,e,c,h,-,1,.,1,\,w,a,v,s,\,L,J,0,0,1,-,0,1,5,1,.,w,a,v
C,:,\,U,s,e,r,s,\,l,e,n,m,o,\,D,e,s,k,t,o,p,\,P,e,r,s,o,n,a,l,-,P,r,o,j,e,c,t,s,\,A,I,_,P,R,O,\,S,p,e,e,c,h,T,o,T,e,x,t,T,e,n,s,o,r,f,l,o,w,\,d,a,t,a,\,L,J,S,p,e,e,c,h,-,1,.,1,\,w,a,v,s,\,L,J,0,0,1,-,0,1,5,2,.,w,a,v
C,:,\,U,s,e,r,s,\,l,e,n,m,o,\,D,e,s,k,t,o,p,\,P,e,r,s,o,n,a,l,-,P,r,o,j,e,c,t,s,\,A,I,_,P,R,O,\,S,p,e,e,c,h,T,o,T,e,x,t,T,e,n,s,o,r,f,l,o,w,\,d,a,t,a,\,L,J,S,p,e,e,c,h,-,1,.,1,\,w,a,v,s,\,L,J,0,0,1,-,0,1,5,3,.,w,a,v
C,:,\,U,s,e,r,s,\,l,e,n,m,o,\,D,e,s,k,t,o,p,\,P,e,r,s,o,n,a,l,-,P,r,o,j,e,c,t,s,\,A,I,_,P,R,O,\,S,p,e,e,c,h,T,o,T,e,x,t,T,e,n,s,o,r,f,l,o,w,\,d,a,t,a,\,L,J,S,p,e,e,c,h,-,1,.,1,\,w,a,v,s,\,L,J,0,0,1,-,0,1,5,4,.,w,a,v
C,:,\,U,s,e,r,s,\,l,e,n,m,o,\,D,e,s,k,t,o,p,\,P,e,r,s,o,n,a,l,-,P,r,o,j,e,c,t,s,\,A,I,_,P,R,O,\,S,p,e,e,c,h,T,o,T,e,x,t,T,e,n,s,o,r,f,l,o,w,\,d,a,t,a,\,L,J,S,p,e,e,c,h,-,1,.,1,\,w,a,v,s,\,L,J,0,0,1,-,0,1,5,5,.,w,a,v
C,:,\,U,s,e,r,s,\,l,e,n,m,o,\,D,e,s,k,t,o,p,\,P,e,r,s,o,n,a,l,-,P,r,o,j,e,c,t,s,\,A,I,_,P,R,O,\,S,p,e,e,c,h,T,o,T,e,x,t,T,e,n,s,o,r,f,l,o,w,\,d,a,t,a,\,L,J,S,p,e,e,c,h,-,1,.,1,\,w,a,v,s,\,L,J,0,0,1,-,0,1,5,6,.,w,a,v
C,:,\,U,s,e,r,s,\,l,e,n,m,o,\,D,e,s,k,t,o,p,\,P,e,r,s,o,n,a,l,-,P,r,o,j,e,c,t,s,\,A,I,_,P,R,O,\,S,p,e,e,c,h,T,o,T,e,x,t,T,e,n,s,o,r,f,l,o,w,\,d,a,t,a,\,L,J,S,p,e,e,c,h,-,1,.,1,\,w,a,v,s,\,L,J,0,0,1,-,0,1,5,7,.,w,a,v
C,:,\,U,s,e,r,s,\,l,e,n,m,o,\,D,e,s,k,t,o,p,\,P,e,r,s,o,n,a,l,-,P,r,o,j,e,c,t,s,\,A,I,_,P,R,O,\,S,p,e,e,c,h,T,o,T,e,x,t,T,e,n,s,o,r,f,l,o,w,\,d,a,t,a,\,L,J,S,p,e,e,c,h,-,1,.,1,\,w,a,v,s,\,L,J,0,0,1,-,0,1,5,8,.,w,a,v
C,:,\,U,s,e,r,s,\,l,e,n,m,o,\,D,e,s,k,t,o,p,\,P,e,r,s,o,n,a,l,-,P,r,o,j,e,c,t,s,\,A,I,_,P,R,O,\,S,p,e,e,c,h,T,o,T,e,x,t,T,e,n,s,o,r,f,l,o,w,\,d,a,t,a,\,L,J,S,p,e,e,c,h,-,1,.,1,\,w,a,v,s,\,L,J,0,0,1,-,0,1,5,9,.,w,a,v
C,:,\,U,s,e,r,s,\,l,e,n,m,o,\,D,e,s,k,t,o,p,\,P,e,r,s,o,n,a,l,-,P,r,o,j,e,c,t,s,\,A,I,_,P,R,O,\,S,p,e,e,c,h,T,o,T,e,x,t,T,e,n,s,o,r,f,l,o,w,\,d,a,t,a,\,L,J,S,p,e,e,c,h,-,1,.,1,\,w,a,v,s,\,L,J,0,0,1,-,0,1,6,0,.,w,a,v
C,:,\,U,s,e,r,s,\,l,e,n,m,o,\,D,e,s,k,t,o,p,\,P,e,r,s,o,n,a,l,-,P,r,o,j,e,c,t,s,\,A,I,_,P,R,O,\,S,p,e,e,c,h,T,o,T,e,x,t,T,e,n,s,o,r,f,l,o,w,\,d,a,t,a,\,L,J,S,p,e,e,c,h,-,1,.,1,\,w,a,v,s,\,L,J,0,0,1,-,0,1,6,1,.,w,a,v
C,:,\,U,s,e,r,s,\,l,e,n,m,o,\,D,e,s,k,t,o,p,\,P,e,r,s,o,n,a,l,-,P,r,o,j,e,c,t,s,\,A,I,_,P,R,O,\,S,p,e,e,c,h,T,o,T,e,x,t,T,e,n,s,o,r,f,l,o,w,\,d,a,t,a,\,L,J,S,p,e,e,c,h,-,1,.,1,\,w,a,v,s,\,L,J,0,0,1,-,0,1,6,2,.,w,a,v
C,:,\,U,s,e,r,s,\,l,e,n,m,o,\,D,e,s,k,t,o,p,\,P,e,r,s,o,n,a,l,-,P,r,o,j,e,c,t,s,\,A,I,_,P,R,O,\,S,p,e,e,c,h,T,o,T,e,x,t,T,e,n,s,o,r,f,l,o,w,\,d,a,t,a,\,L,J,S,p,e,e,c,h,-,1,.,1,\,w,a,v,s,\,L,J,0,0,1,-,0,1,6,3,.,w,a,v
C,:,\,U,s,e,r,s,\,l,e,n,m,o,\,D,e,s,k,t,o,p,\,P,e,r,s,o,n,a,l,-,P,r,o,j,e,c,t,s,\,A,I,_,P,R,O,\,S,p,e,e,c,h,T,o,T,e,x,t,T,e,n,s,o,r,f,l,o,w,\,d,a,t,a,\,L,J,S,p,e,e,c,h,-,1,.,1,\,w,a,v,s,\,L,J,0,0,1,-,0,1,6,4,.,w,a,v
C,:,\,U,s,e,r,s,\,l,e,n,m,o,\,D,e,s,k,t,o,p,\,P,e,r,s,o,n,a,l,-,P,r,o,j,e,c,t,s,\,A,I,_,P,R,O,\,S,p,e,e,c,h,T,o,T,e,x,t,T,e,n,s,o,r,f,l,o,w,\,d,a,t,a,\,L,J,S,p,e,e,c,h,-,1,.,1,\,w,a,v,s,\,L,J,0,0,1,-,0,1,6,5,.,w,a,v
C,:,\,U,s,e,r,s,\,l,e,n,m,o,\,D,e,s,k,t,o,p,\,P,e,r,s,o,n,a,l,-,P,r,o,j,e,c,t,s,\,A,I,_,P,R,O,\,S,p,e,e,c,h,T,o,T,e,x,t,T,e,n,s,o,r,f,l,o,w,\,d,a,t,a,\,L,J,S,p,e,e,c,h,-,1,.,1,\,w,a,v,s,\,L,J,0,0,1,-,0,1,6,6,.,w,a,v
C,:,\,U,s,e,r,s,\,l,e,n,m,o,\,D,e,s,k,t,o,p,\,P,e,r,s,o,n,a,l,-,P,r,o,j,e,c,t,s,\,A,I,_,P,R,O,\,S,p,e,e,c,h,T,o,T,e,x,t,T,e,n,s,o,r,f,l,o,w,\,d,a,t,a,\,L,J,S,p,e,e,c,h,-,1,.,1,\,w,a,v,s,\,L,J,0,0,1,-,0,1,6,7,.,w,a,v
C,:,\,U,s,e,r,s,\,l,e,n,m,o,\,D,e,s,k,t,o,p,\,P,e,r,s,o,n,a,l,-,P,r,o,j,e,c,t,s,\,A,I,_,P,R,O,\,S,p,e,e,c,h,T,o,T,e,x,t,T,e,n,s,o,r,f,l,o,w,\,d,a,t,a,\,L,J,S,p,e,e,c,h,-,1,.,1,\,w,a,v,s,\,L,J,0,0,1,-,0,1,6,8,.,w,a,v
C,:,\,U,s,e,r,s,\,l,e,n,m,o,\,D,e,s,k,t,o,p,\,P,e,r,s,o,n,a,l,-,P,r,o,j,e,c,t,s,\,A,I,_,P,R,O,\,S,p,e,e,c,h,T,o,T,e,x,t,T,e,n,s,o,r,f,l,o,w,\,d,a,t,a,\,L,J,S,p,e,e,c,h,-,1,.,1,\,w,a,v,s,\,L,J,0,0,1,-,0,1,6,9,.,w,a,v
C,:,\,U,s,e,r,s,\,l,e,n,m,o,\,D,e,s,k,t,o,p,\,P,e,r,s,o,n,a,l,-,P,r,o,j,e,c,t,s,\,A,I,_,P,R,O,\,S,p,e,e,c,h,T,o,T,e,x,t,T,e,n,s,o,r,f,l,o,w,\,d,a,t,a,\,L,J,S,p,e,e,c,h,-,1,.,1,\,w,a,v,s,\,L,J,0,0,1,-,0,1,7,0,.,w,a,v
C,:,\,U,s,e,r,s,\,l,e,n,m,o,\,D,e,s,k,t,o,p,\,P,e,r,s,o,n,a,l,-,P,r,o,j,e,c,t,s,\,A,I,_,P,R,O,\,S,p,e,e,c,h,T,o,T,e,x,t,T,e,n,s,o,r,f,l,o,w,\,d,a,t,a,\,L,J,S,p,e,e,c,h,-,1,.,1,\,w,a,v,s,\,L,J,0,0,1,-,0,1,7,1,.,w,a,v
C,:,\,U,s,e,r,s,\,l,e,n,m,o,\,D,e,s,k,t,o,p,\,P,e,r,s,o,n,a,l,-,P,r,o,j,e,c,t,s,\,A,I,_,P,R,O,\,S,p,e,e,c,h,T,o,T,e,x,t,T,e,n,s,o,r,f,l,o,w,\,d,a,t,a,\,L,J,S,p,e,e,c,h,-,1,.,1,\,w,a,v,s,\,L,J,0,0,1,-,0,1,7,2,.,w,a,v
C,:,\,U,s,e,r,s,\,l,e,n,m,o,\,D,e,s,k,t,o,p,\,P,e,r,s,o,n,a,l,-,P,r,o,j,e,c,t,s,\,A,I,_,P,R,O,\,S,p,e,e,c,h,T,o,T,e,x,t,T,e,n,s,o,r,f,l,o,w,\,d,a,t,a,\,L,J,S,p,e,e,c,h,-,1,.,1,\,w,a,v,s,\,L,J,0,0,1,-,0,1,7,3,.,w,a,v
C,:,\,U,s,e,r,s,\,l,e,n,m,o,\,D,e,s,k,t,o,p,\,P,e,r,s,o,n,a,l,-,P,r,o,j,e,c,t,s,\,A,I,_,P,R,O,\,S,p,e,e,c,h,T,o,T,e,x,t,T,e,n,s,o,r,f,l,o,w,\,d,a,t,a,\,L,J,S,p,e,e,c,h,-,1,.,1,\,w,a,v,s,\,L,J,0,0,1,-,0,1,7,4,.,w,a,v
C,:,\,U,s,e,r,s,\,l,e,n,m,o,\,D,e,s,k,t,o,p,\,P,e,r,s,o,n,a,l,-,P,r,o,j,e,c,t,s,\,A,I,_,P,R,O,\,S,p,e,e,c,h,T,o,T,e,x,t,T,e,n,s,o,r,f,l,o,w,\,d,a,t,a,\,L,J,S,p,e,e,c,h,-,1,.,1,\,w,a,v,s,\,L,J,0,0,1,-,0,1,7,5,.,w,a,v
C,:,\,U,s,e,r,s,\,l,e,n,m,o,\,D,e,s,k,t,o,p,\,P,e,r,s,o,n,a,l,-,P,r,o,j,e,c,t,s,\,A,I,_,P,R,O,\,S,p,e,e,c,h,T,o,T,e,x,t,T,e,n,s,o,r,f,l,o,w,\,d,a,t,a,\,L,J,S,p,e,e,c,h,-,1,.,1,\,w,a,v,s,\,L,J,0,0,1,-,0,1,7,6,.,w,a,v
C,:,\,U,s,e,r,s,\,l,e,n,m,o,\,D,e,s,k,t,o,p,\,P,e,r,s,o,n,a,l,-,P,r,o,j,e,c,t,s,\,A,I,_,P,R,O,\,S,p,e,e,c,h,T,o,T,e,x,t,T,e,n,s,o,r,f,l,o,w,\,d,a,t,a,\,L,J,S,p,e,e,c,h,-,1,.,1,\,w,a,v,s,\,L,J,0,0,1,-,0,1,7,7,.,w,a,v
C,:,\,U,s,e,r,s,\,l,e,n,m,o,\,D,e,s,k,t,o,p,\,P,e,r,s,o,n,a,l,-,P,r,o,j,e,c,t,s,\,A,I,_,P,R,O,\,S,p,e,e,c,h,T,o,T,e,x,t,T,e,n,s,o,r,f,l,o,w,\,d,a,t,a,\,L,J,S,p,e,e,c,h,-,1,.,1,\,w,a,v,s,\,L,J,0,0,1,-,0,1,7,8,.,w,a,v
C,:,\,U,s,e,r,s,\,l,e,n,m,o,\,D,e,s,k,t,o,p,\,P,e,r,s,o,n,a,l,-,P,r,o,j,e,c,t,s,\,A,I,_,P,R,O,\,S,p,e,e,c,h,T,o,T,e,x,t,T,e,n,s,o,r,f,l,o,w,\,d,a,t,a,\,L,J,S,p,e,e,c,h,-,1,.,1,\,w,a,v,s,\,L,J,0,0,1,-,0,1,7,9,.,w,a,v
C,:,\,U,s,e,r,s,\,l,e,n,m,o,\,D,e,s,k,t,o,p,\,P,e,r,s,o,n,a,l,-,P,r,o,j,e,c,t,s,\,A,I,_,P,R,O,\,S,p,e,e,c,h,T,o,T,e,x,t,T,e,n,s,o,r,f,l,o,w,\,d,a,t,a,\,L,J,S,p,e,e,c,h,-,1,.,1,\,w,a,v,s,\,L,J,0,0,1,-,0,1,8,0,.,w,a,v
C,:,\,U,s,e,r,s,\,l,e,n,m,o,\,D,e,s,k,t,o,p,\,P,e,r,s,o,n,a,l,-,P,r,o,j,e,c,t,s,\,A,I,_,P,R,O,\,S,p,e,e,c,h,T,o,T,e,x,t,T,e,n,s,o,r,f,l,o,w,\,d,a,t,a,\,L,J,S,p,e,e,c,h,-,1,.,1,\,w,a,v,s,\,L,J,0,0,1,-,0,1,8,1,.,w,a,v
C,:,\,U,s,e,r,s,\,l,e,n,m,o,\,D,e,s,k,t,o,p,\,P,e,r,s,o,n,a,l,-,P,r,o,j,e,c,t,s,\,A,I,_,P,R,O,\,S,p,e,e,c,h,T,o,T,e,x,t,T,e,n,s,o,r,f,l,o,w,\,d,a,t,a,\,L,J,S,p,e,e,c,h,-,1,.,1,\,w,a,v,s,\,L,J,0,0,1,-,0,1,8,2,.,w,a,v
C,:,\,U,s,e,r,s,\,l,e,n,m,o,\,D,e,s,k,t,o,p,\,P,e,r,s,o,n,a,l,-,P,r,o,j,e,c,t,s,\,A,I,_,P,R,O,\,S,p,e,e,c,h,T,o,T,e,x,t,T,e,n,s,o,r,f,l,o,w,\,d,a,t,a,\,L,J,S,p,e,e,c,h,-,1,.,1,\,w,a,v,s,\,L,J,0,0,1,-,0,1,8,3,.,w,a,v
C,:,\,U,s,e,r,s,\,l,e,n,m,o,\,D,e,s,k,t,o,p,\,P,e,r,s,o,n,a,l,-,P,r,o,j,e,c,t,s,\,A,I,_,P,R,O,\,S,p,e,e,c,h,T,o,T,e,x,t,T,e,n,s,o,r,f,l,o,w,\,d,a,t,a,\,L,J,S,p,e,e,c,h,-,1,.,1,\,w,a,v,s,\,L,J,0,0,1,-,0,1,8,4,.,w,a,v
C,:,\,U,s,e,r,s,\,l,e,n,m,o,\,D,e,s,k,t,o,p,\,P,e,r,s,o,n,a,l,-,P,r,o,j,e,c,t,s,\,A,I,_,P,R,O,\,S,p,e,e,c,h,T,o,T,e,x,t,T,e,n,s,o,r,f,l,o,w,\,d,a,t,a,\,L,J,S,p,e,e,c,h,-,1,.,1,\,w,a,v,s,\,L,J,0,0,1,-,0,1,8,5,.,w,a,v
C,:,\,U,s,e,r,s,\,l,e,n,m,o,\,D,e,s,k,t,o,p,\,P,e,r,s,o,n,a,l,-,P,r,o,j,e,c,t,s,\,A,I,_,P,R,O,\,S,p,e,e,c,h,T,o,T,e,x,t,T,e,n,s,o,r,f,l,o,w,\,d,a,t,a,\,L,J,S,p,e,e,c,h,-,1,.,1,\,w,a,v,s,\,L,J,0,0,1,-,0,1,8,6,.,w,a,v
C,:,\,U,s,e,r,s,\,l,e,n,m,o,\,D,e,s,k,t,o,p,\,P,e,r,s,o,n,a,l,-,P,r,o,j,e,c,t,s,\,A,I,_,P,R,O,\,S,p,e,e,c,h,T,o,T,e,x,t,T,e,n,s,o,r,f,l,o,w,\,d,a,t,a,\,L,J,S,p,e,e,c,h,-,1,.,1,\,w,a,v,s,\,L,J,0,0,2,-,0,0,0,1,.,w,a,v
C,:,\,U,s,e,r,s,\,l,e,n,m,o,\,D,e,s,k,t,o,p,\,P,e,r,s,o,n,a,l,-,P,r,o,j,e,c,t,s,\,A,I,_,P,R,O,\,S,p,e,e,c,h,T,o,T,e,x,t,T,e,n,s,o,r,f,l,o,w,\,d,a,t,a,\,L,J,S,p,e,e,c,h,-,1,.,1,\,w,a,v,s,\,L,J,0,0,2,-,0,0,0,2,.,w,a,v
C,:,\,U,s,e,r,s,\,l,e,n,m,o,\,D,e,s,k,t,o,p,\,P,e,r,s,o,n,a,l,-,P,r,o,j,e,c,t,s,\,A,I,_,P,R,O,\,S,p,e,e,c,h,T,o,T,e,x,t,T,e,n,s,o,r,f,l,o,w,\,d,a,t,a,\,L,J,S,p,e,e,c,h,-,1,.,1,\,w,a,v,s,\,L,J,0,0,2,-,0,0,0,3,.,w,a,v
C,:,\,U,s,e,r,s,\,l,e,n,m,o,\,D,e,s,k,t,o,p,\,P,e,r,s,o,n,a,l,-,P,r,o,j,e,c,t,s,\,A,I,_,P,R,O,\,S,p,e,e,c,h,T,o,T,e,x,t,T,e,n,s,o,r,f,l,o,w,\,d,a,t,a,\,L,J,S,p,e,e,c,h,-,1,.,1,\,w,a,v,s,\,L,J,0,0,2,-,0,0,0,4,.,w,a,v
C,:,\,U,s,e,r,s,\,l,e,n,m,o,\,D,e,s,k,t,o,p,\,P,e,r,s,o,n,a,l,-,P,r,o,j,e,c,t,s,\,A,I,_,P,R,O,\,S,p,e,e,c,h,T,o,T,e,x,t,T,e,n,s,o,r,f,l,o,w,\,d,a,t,a,\,L,J,S,p,e,e,c,h,-,1,.,1,\,w,a,v,s,\,L,J,0,0,2,-,0,0,0,5,.,w,a,v
C,:,\,U,s,e,r,s,\,l,e,n,m,o,\,D,e,s,k,t,o,p,\,P,e,r,s,o,n,a,l,-,P,r,o,j,e,c,t,s,\,A,I,_,P,R,O,\,S,p,e,e,c,h,T,o,T,e,x,t,T,e,n,s,o,r,f,l,o,w,\,d,a,t,a,\,L,J,S,p,e,e,c,h,-,1,.,1,\,w,a,v,s,\,L,J,0,0,2,-,0,0,0,6,.,w,a,v
C,:,\,U,s,e,r,s,\,l,e,n,m,o,\,D,e,s,k,t,o,p,\,P,e,r,s,o,n,a,l,-,P,r,o,j,e,c,t,s,\,A,I,_,P,R,O,\,S,p,e,e,c,h,T,o,T,e,x,t,T,e,n,s,o,r,f,l,o,w,\,d,a,t,a,\,L,J,S,p,e,e,c,h,-,1,.,1,\,w,a,v,s,\,L,J,0,0,2,-,0,0,0,7,.,w,a,v
C,:,\,U,s,e,r,s,\,l,e,n,m,o,\,D,e,s,k,t,o,p,\,P,e,r,s,o,n,a,l,-,P,r,o,j,e,c,t,s,\,A,I,_,P,R,O,\,S,p,e,e,c,h,T,o,T,e,x,t,T,e,n,s,o,r,f,l,o,w,\,d,a,t,a,\,L,J,S,p,e,e,c,h,-,1,.,1,\,w,a,v,s,\,L,J,0,0,2,-,0,0,0,8,.,w,a,v
C,:,\,U,s,e,r,s,\,l,e,n,m,o,\,D,e,s,k,t,o,p,\,P,e,r,s,o,n,a,l,-,P,r,o,j,e,c,t,s,\,A,I,_,P,R,O,\,S,p,e,e,c,h,T,o,T,e,x,t,T,e,n,s,o,r,f,l,o,w,\,d,a,t,a,\,L,J,S,p,e,e,c,h,-,1,.,1,\,w,a,v,s,\,L,J,0,0,2,-,0,0,0,9,.,w,a,v
C,:,\,U,s,e,r,s,\,l,e,n,m,o,\,D,e,s,k,t,o,p,\,P,e,r,s,o,n,a,l,-,P,r,o,j,e,c,t,s,\,A,I,_,P,R,O,\,S,p,e,e,c,h,T,o,T,e,x,t,T,e,n,s,o,r,f,l,o,w,\,d,a,t,a,\,L,J,S,p,e,e,c,h,-,1,.,1,\,w,a,v,s,\,L,J,0,0,2,-,0,0,1,0,.,w,a,v
C,:,\,U,s,e,r,s,\,l,e,n,m,o,\,D,e,s,k,t,o,p,\,P,e,r,s,o,n,a,l,-,P,r,o,j,e,c,t,s,\,A,I,_,P,R,O,\,S,p,e,e,c,h,T,o,T,e,x,t,T,e,n,s,o,r,f,l,o,w,\,d,a,t,a,\,L,J,S,p,e,e,c,h,-,1,.,1,\,w,a,v,s,\,L,J,0,0,2,-,0,0,1,1,.,w,a,v
C,:,\,U,s,e,r,s,\,l,e,n,m,o,\,D,e,s,k,t,o,p,\,P,e,r,s,o,n,a,l,-,P,r,o,j,e,c,t,s,\,A,I,_,P,R,O,\,S,p,e,e,c,h,T,o,T,e,x,t,T,e,n,s,o,r,f,l,o,w,\,d,a,t,a,\,L,J,S,p,e,e,c,h,-,1,.,1,\,w,a,v,s,\,L,J,0,0,2,-,0,0,1,2,.,w,a,v
C,:,\,U,s,e,r,s,\,l,e,n,m,o,\,D,e,s,k,t,o,p,\,P,e,r,s,o,n,a,l,-,P,r,o,j,e,c,t,s,\,A,I,_,P,R,O,\,S,p,e,e,c,h,T,o,T,e,x,t,T,e,n,s,o,r,f,l,o,w,\,d,a,t,a,\,L,J,S,p,e,e,c,h,-,1,.,1,\,w,a,v,s,\,L,J,0,0,2,-,0,0,1,3,.,w,a,v
C,:,\,U,s,e,r,s,\,l,e,n,m,o,\,D,e,s,k,t,o,p,\,P,e,r,s,o,n,a,l,-,P,r,o,j,e,c,t,s,\,A,I,_,P,R,O,\,S,p,e,e,c,h,T,o,T,e,x,t,T,e,n,s,o,r,f,l,o,w,\,d,a,t,a,\,L,J,S,p,e,e,c,h,-,1,.,1,\,w,a,v,s,\,L,J,0,0,2,-,0,0,1,4,.,w,a,v
C,:,\,U,s,e,r,s,\,l,e,n,m,o,\,D,e,s,k,t,o,p,\,P,e,r,s,o,n,a,l,-,P,r,o,j,e,c,t,s,\,A,I,_,P,R,O,\,S,p,e,e,c,h,T,o,T,e,x,t,T,e,n,s,o,r,f,l,o,w,\,d,a,t,a,\,L,J,S,p,e,e,c,h,-,1,.,1,\,w,a,v,s,\,L,J,0,0,2,-,0,0,1,5,.,w,a,v
C,:,\,U,s,e,r,s,\,l,e,n,m,o,\,D,e,s,k,t,o,p,\,P,e,r,s,o,n,a,l,-,P,r,o,j,e,c,t,s,\,A,I,_,P,R,O,\,S,p,e,e,c,h,T,o,T,e,x,t,T,e,n,s,o,r,f,l,o,w,\,d,a,t,a,\,L,J,S,p,e,e,c,h,-,1,.,1,\,w,a,v,s,\,L,J,0,0,2,-,0,0,1,6,.,w,a,v
C,:,\,U,s,e,r,s,\,l,e,n,m,o,\,D,e,s,k,t,o,p,\,P,e,r,s,o,n,a,l,-,P,r,o,j,e,c,t,s,\,A,I,_,P,R,O,\,S,p,e,e,c,h,T,o,T,e,x,t,T,e,n,s,o,r,f,l,o,w,\,d,a,t,a,\,L,J,S,p,e,e,c,h,-,1,.,1,\,w,a,v,s,\,L,J,0,0,2,-,0,0,1,7,.,w,a,v
C,:,\,U,s,e,r,s,\,l,e,n,m,o,\,D,e,s,k,t,o,p,\,P,e,r,s,o,n,a,l,-,P,r,o,j,e,c,t,s,\,A,I,_,P,R,O,\,S,p,e,e,c,h,T,o,T,e,x,t,T,e,n,s,o,r,f,l,o,w,\,d,a,t,a,\,L,J,S,p,e,e,c,h,-,1,.,1,\,w,a,v,s,\,L,J,0,0,2,-,0,0,1,8,.,w,a,v
C,:,\,U,s,e,r,s,\,l,e,n,m,o,\,D,e,s,k,t,o,p,\,P,e,r,s,o,n,a,l,-,P,r,o,j,e,c,t,s,\,A,I,_,P,R,O,\,S,p,e,e,c,h,T,o,T,e,x,t,T,e,n,s,o,r,f,l,o,w,\,d,a,t,a,\,L,J,S,p,e,e,c,h,-,1,.,1,\,w,a,v,s,\,L,J,0,0,2,-,0,0,1,9,.,w,a,v
C,:,\,U,s,e,r,s,\,l,e,n,m,o,\,D,e,s,k,t,o,p,\,P,e,r,s,o,n,a,l,-,P,r,o,j,e,c,t,s,\,A,I,_,P,R,O,\,S,p,e,e,c,h,T,o,T,e,x,t,T,e,n,s,o,r,f,l,o,w,\,d,a,t,a,\,L,J,S,p,e,e,c,h,-,1,.,1,\,w,a,v,s,\,L,J,0,0,2,-,0,0,2,0,.,w,a,v
C,:,\,U,s,e,r,s,\,l,e,n,m,o,\,D,e,s,k,t,o,p,\,P,e,r,s,o,n,a,l,-,P,r,o,j,e,c,t,s,\,A,I,_,P,R,O,\,S,p,e,e,c,h,T,o,T,e,x,t,T,e,n,s,o,r,f,l,o,w,\,d,a,t,a,\,L,J,S,p,e,e,c,h,-,1,.,1,\,w,a,v,s,\,L,J,0,0,2,-,0,0,2,1,.,w,a,v
C,:,\,U,s,e,r,s,\,l,e,n,m,o,\,D,e,s,k,t,o,p,\,P,e,r,s,o,n,a,l,-,P,r,o,j,e,c,t,s,\,A,I,_,P,R,O,\,S,p,e,e,c,h,T,o,T,e,x,t,T,e,n,s,o,r,f,l,o,w,\,d,a,t,a,\,L,J,S,p,e,e,c,h,-,1,.,1,\,w,a,v,s,\,L,J,0,0,2,-,0,0,2,2,.,w,a,v
C,:,\,U,s,e,r,s,\,l,e,n,m,o,\,D,e,s,k,t,o,p,\,P,e,r,s,o,n,a,l,-,P,r,o,j,e,c,t,s,\,A,I,_,P,R,O,\,S,p,e,e,c,h,T,o,T,e,x,t,T,e,n,s,o,r,f,l,o,w,\,d,a,t,a,\,L,J,S,p,e,e,c,h,-,1,.,1,\,w,a,v,s,\,L,J,0,0,2,-,0,0,2,3,.,w,a,v
C,:,\,U,s,e,r,s,\,l,e,n,m,o,\,D,e,s,k,t,o,p,\,P,e,r,s,o,n,a,l,-,P,r,o,j,e,c,t,s,\,A,I,_,P,R,O,\,S,p,e,e,c,h,T,o,T,e,x,t,T,e,n,s,o,r,f,l,o,w,\,d,a,t,a,\,L,J,S,p,e,e,c,h,-,1,.,1,\,w,a,v,s,\,L,J,0,0,2,-,0,0,2,4,.,w,a,v
C,:,\,U,s,e,r,s,\,l,e,n,m,o,\,D,e,s,k,t,o,p,\,P,e,r,s,o,n,a,l,-,P,r,o,j,e,c,t,s,\,A,I,_,P,R,O,\,S,p,e,e,c,h,T,o,T,e,x,t,T,e,n,s,o,r,f,l,o,w,\,d,a,t,a,\,L,J,S,p,e,e,c,h,-,1,.,1,\,w,a,v,s,\,L,J,0,0,2,-,0,0,2,5,.,w,a,v
C,:,\,U,s,e,r,s,\,l,e,n,m,o,\,D,e,s,k,t,o,p,\,P,e,r,s,o,n,a,l,-,P,r,o,j,e,c,t,s,\,A,I,_,P,R,O,\,S,p,e,e,c,h,T,o,T,e,x,t,T,e,n,s,o,r,f,l,o,w,\,d,a,t,a,\,L,J,S,p,e,e,c,h,-,1,.,1,\,w,a,v,s,\,L,J,0,0,2,-,0,0,2,6,.,w,a,v
C,:,\,U,s,e,r,s,\,l,e,n,m,o,\,D,e,s,k,t,o,p,\,P,e,r,s,o,n,a,l,-,P,r,o,j,e,c,t,s,\,A,I,_,P,R,O,\,S,p,e,e,c,h,T,o,T,e,x,t,T,e,n,s,o,r,f,l,o,w,\,d,a,t,a,\,L,J,S,p,e,e,c,h,-,1,.,1,\,w,a,v,s,\,L,J,0,0,2,-,0,0,2,7,.,w,a,v
C,:,\,U,s,e,r,s,\,l,e,n,m,o,\,D,e,s,k,t,o,p,\,P,e,r,s,o,n,a,l,-,P,r,o,j,e,c,t,s,\,A,I,_,P,R,O,\,S,p,e,e,c,h,T,o,T,e,x,t,T,e,n,s,o,r,f,l,o,w,\,d,a,t,a,\,L,J,S,p,e,e,c,h,-,1,.,1,\,w,a,v,s,\,L,J,0,0,2,-,0,0,2,8,.,w,a,v
C,:,\,U,s,e,r,s,\,l,e,n,m,o,\,D,e,s,k,t,o,p,\,P,e,r,s,o,n,a,l,-,P,r,o,j,e,c,t,s,\,A,I,_,P,R,O,\,S,p,e,e,c,h,T,o,T,e,x,t,T,e,n,s,o,r,f,l,o,w,\,d,a,t,a,\,L,J,S,p,e,e,c,h,-,1,.,1,\,w,a,v,s,\,L,J,0,0,2,-,0,0,2,9,.,w,a,v
C,:,\,U,s,e,r,s,\,l,e,n,m,o,\,D,e,s,k,t,o,p,\,P,e,r,s,o,n,a,l,-,P,r,o,j,e,c,t,s,\,A,I,_,P,R,O,\,S,p,e,e,c,h,T,o,T,e,x,t,T,e,n,s,o,r,f,l,o,w,\,d,a,t,a,\,L,J,S,p,e,e,c,h,-,1,.,1,\,w,a,v,s,\,L,J,0,0,2,-,0,0,3,0,.,w,a,v
C,:,\,U,s,e,r,s,\,l,e,n,m,o,\,D,e,s,k,t,o,p,\,P,e,r,s,o,n,a,l,-,P,r,o,j,e,c,t,s,\,A,I,_,P,R,O,\,S,p,e,e,c,h,T,o,T,e,x,t,T,e,n,s,o,r,f,l,o,w,\,d,a,t,a,\,L,J,S,p,e,e,c,h,-,1,.,1,\,w,a,v,s,\,L,J,0,0,2,-,0,0,3,1,.,w,a,v
C,:,\,U,s,e,r,s,\,l,e,n,m,o,\,D,e,s,k,t,o,p,\,P,e,r,s,o,n,a,l,-,P,r,o,j,e,c,t,s,\,A,I,_,P,R,O,\,S,p,e,e,c,h,T,o,T,e,x,t,T,e,n,s,o,r,f,l,o,w,\,d,a,t,a,\,L,J,S,p,e,e,c,h,-,1,.,1,\,w,a,v,s,\,L,J,0,0,2,-,0,0,3,2,.,w,a,v
C,:,\,U,s,e,r,s,\,l,e,n,m,o,\,D,e,s,k,t,o,p,\,P,e,r,s,o,n,a,l,-,P,r,o,j,e,c,t,s,\,A,I,_,P,R,O,\,S,p,e,e,c,h,T,o,T,e,x,t,T,e,n,s,o,r,f,l,o,w,\,d,a,t,a,\,L,J,S,p,e,e,c,h,-,1,.,1,\,w,a,v,s,\,L,J,0,0,2,-,0,0,3,3,.,w,a,v
C,:,\,U,s,e,r,s,\,l,e,n,m,o,\,D,e,s,k,t,o,p,\,P,e,r,s,o,n,a,l,-,P,r,o,j,e,c,t,s,\,A,I,_,P,R,O,\,S,p,e,e,c,h,T,o,T,e,x,t,T,e,n,s,o,r,f,l,o,w,\,d,a,t,a,\,L,J,S,p,e,e,c,h,-,1,.,1,\,w,a,v,s,\,L,J,0,0,2,-,0,0,3,4,.,w,a,v
C,:,\,U,s,e,r,s,\,l,e,n,m,o,\,D,e,s,k,t,o,p,\,P,e,r,s,o,n,a,l,-,P,r,o,j,e,c,t,s,\,A,I,_,P,R,O,\,S,p,e,e,c,h,T,o,T,e,x,t,T,e,n,s,o,r,f,l,o,w,\,d,a,t,a,\,L,J,S,p,e,e,c,h,-,1,.,1,\,w,a,v,s,\,L,J,0,0,2,-,0,0,3,5,.,w,a,v
C,:,\,U,s,e,r,s,\,l,e,n,m,o,\,D,e,s,k,t,o,p,\,P,e,r,s,o,n,a,l,-,P,r,o,j,e,c,t,s,\,A,I,_,P,R,O,\,S,p,e,e,c,h,T,o,T,e,x,t,T,e,n,s,o,r,f,l,o,w,\,d,a,t,a,\,L,J,S,p,e,e,c,h,-,1,.,1,\,w,a,v,s,\,L,J,0,0,2,-,0,0,3,6,.,w,a,v
C,:,\,U,s,e,r,s,\,l,e,n,m,o,\,D,e,s,k,t,o,p,\,P,e,r,s,o,n,a,l,-,P,r,o,j,e,c,t,s,\,A,I,_,P,R,O,\,S,p,e,e,c,h,T,o,T,e,x,t,T,e,n,s,o,r,f,l,o,w,\,d,a,t,a,\,L,J,S,p,e,e,c,h,-,1,.,1,\,w,a,v,s,\,L,J,0,0,2,-,0,0,3,7,.,w,a,v
C,:,\,U,s,e,r,s,\,l,e,n,m,o,\,D,e,s,k,t,o,p,\,P,e,r,s,o,n,a,l,-,P,r,o,j,e,c,t,s,\,A,I,_,P,R,O,\,S,p,e,e,c,h,T,o,T,e,x,t,T,e,n,s,o,r,f,l,o,w,\,d,a,t,a,\,L,J,S,p,e,e,c,h,-,1,.,1,\,w,a,v,s,\,L,J,0,0,2,-,0,0,3,8,.,w,a,v
C,:,\,U,s,e,r,s,\,l,e,n,m,o,\,D,e,s,k,t,o,p,\,P,e,r,s,o,n,a,l,-,P,r,o,j,e,c,t,s,\,A,I,_,P,R,O,\,S,p,e,e,c,h,T,o,T,e,x,t,T,e,n,s,o,r,f,l,o,w,\,d,a,t,a,\,L,J,S,p,e,e,c,h,-,1,.,1,\,w,a,v,s,\,L,J,0,0,2,-,0,0,3,9,.,w,a,v
C,:,\,U,s,e,r,s,\,l,e,n,m,o,\,D,e,s,k,t,o,p,\,P,e,r,s,o,n,a,l,-,P,r,o,j,e,c,t,s,\,A,I,_,P,R,O,\,S,p,e,e,c,h,T,o,T,e,x,t,T,e,n,s,o,r,f,l,o,w,\,d,a,t,a,\,L,J,S,p,e,e,c,h,-,1,.,1,\,w,a,v,s,\,L,J,0,0,2,-,0,0,4,0,.,w,a,v
C,:,\,U,s,e,r,s,\,l,e,n,m,o,\,D,e,s,k,t,o,p,\,P,e,r,s,o,n,a,l,-,P,r,o,j,e,c,t,s,\,A,I,_,P,R,O,\,S,p,e,e,c,h,T,o,T,e,x,t,T,e,n,s,o,r,f,l,o,w,\,d,a,t,a,\,L,J,S,p,e,e,c,h,-,1,.,1,\,w,a,v,s,\,L,J,0,0,2,-,0,0,4,1,.,w,a,v
C,:,\,U,s,e,r,s,\,l,e,n,m,o,\,D,e,s,k,t,o,p,\,P,e,r,s,o,n,a,l,-,P,r,o,j,e,c,t,s,\,A,I,_,P,R,O,\,S,p,e,e,c,h,T,o,T,e,x,t,T,e,n,s,o,r,f,l,o,w,\,d,a,t,a,\,L,J,S,p,e,e,c,h,-,1,.,1,\,w,a,v,s,\,L,J,0,0,2,-,0,0,4,2,.,w,a,v
C,:,\,U,s,e,r,s,\,l,e,n,m,o,\,D,e,s,k,t,o,p,\,P,e,r,s,o,n,a,l,-,P,r,o,j,e,c,t,s,\,A,I,_,P,R,O,\,S,p,e,e,c,h,T,o,T,e,x,t,T,e,n,s,o,r,f,l,o,w,\,d,a,t,a,\,L,J,S,p,e,e,c,h,-,1,.,1,\,w,a,v,s,\,L,J,0,0,2,-,0,0,4,3,.,w,a,v
C,:,\,U,s,e,r,s,\,l,e,n,m,o,\,D,e,s,k,t,o,p,\,P,e,r,s,o,n,a,l,-,P,r,o,j,e,c,t,s,\,A,I,_,P,R,O,\,S,p,e,e,c,h,T,o,T,e,x,t,T,e,n,s,o,r,f,l,o,w,\,d,a,t,a,\,L,J,S,p,e,e,c,h,-,1,.,1,\,w,a,v,s,\,L,J,0,0,2,-,0,0,4,4,.,w,a,v
C,:,\,U,s,e,r,s,\,l,e,n,m,o,\,D,e,s,k,t,o,p,\,P,e,r,s,o,n,a,l,-,P,r,o,j,e,c,t,s,\,A,I,_,P,R,O,\,S,p,e,e,c,h,T,o,T,e,x,t,T,e,n,s,o,r,f,l,o,w,\,d,a,t,a,\,L,J,S,p,e,e,c,h,-,1,.,1,\,w,a,v,s,\,L,J,0,0,2,-,0,0,4,5,.,w,a,v
C,:,\,U,s,e,r,s,\,l,e,n,m,o,\,D,e,s,k,t,o,p,\,P,e,r,s,o,n,a,l,-,P,r,o,j,e,c,t,s,\,A,I,_,P,R,O,\,S,p,e,e,c,h,T,o,T,e,x,t,T,e,n,s,o,r,f,l,o,w,\,d,a,t,a,\,L,J,S,p,e,e,c,h,-,1,.,1,\,w,a,v,s,\,L,J,0,0,2,-,0,0,4,6,.,w,a,v
C,:,\,U,s,e,r,s,\,l,e,n,m,o,\,D,e,s,k,t,o,p,\,P,e,r,s,o,n,a,l,-,P,r,o,j,e,c,t,s,\,A,I,_,P,R,O,\,S,p,e,e,c,h,T,o,T,e,x,t,T,e,n,s,o,r,f,l,o,w,\,d,a,t,a,\,L,J,S,p,e,e,c,h,-,1,.,1,\,w,a,v,s,\,L,J,0,0,2,-,0,0,4,7,.,w,a,v
C,:,\,U,s,e,r,s,\,l,e,n,m,o,\,D,e,s,k,t,o,p,\,P,e,r,s,o,n,a,l,-,P,r,o,j,e,c,t,s,\,A,I,_,P,R,O,\,S,p,e,e,c,h,T,o,T,e,x,t,T,e,n,s,o,r,f,l,o,w,\,d,a,t,a,\,L,J,S,p,e,e,c,h,-,1,.,1,\,w,a,v,s,\,L,J,0,0,2,-,0,0,4,8,.,w,a,v
C,:,\,U,s,e,r,s,\,l,e,n,m,o,\,D,e,s,k,t,o,p,\,P,e,r,s,o,n,a,l,-,P,r,o,j,e,c,t,s,\,A,I,_,P,R,O,\,S,p,e,e,c,h,T,o,T,e,x,t,T,e,n,s,o,r,f,l,o,w,\,d,a,t,a,\,L,J,S,p,e,e,c,h,-,1,.,1,\,w,a,v,s,\,L,J,0,0,2,-,0,0,4,9,.,w,a,v
C,:,\,U,s,e,r,s,\,l,e,n,m,o,\,D,e,s,k,t,o,p,\,P,e,r,s,o,n,a,l,-,P,r,o,j,e,c,t,s,\,A,I,_,P,R,O,\,S,p,e,e,c,h,T,o,T,e,x,t,T,e,n,s,o,r,f,l,o,w,\,d,a,t,a,\,L,J,S,p,e,e,c,h,-,1,.,1,\,w,a,v,s,\,L,J,0,0,2,-,0,0,5,0,.,w,a,v
C,:,\,U,s,e,r,s,\,l,e,n,m,o,\,D,e,s,k,t,o,p,\,P,e,r,s,o,n,a,l,-,P,r,o,j,e,c,t,s,\,A,I,_,P,R,O,\,S,p,e,e,c,h,T,o,T,e,x,t,T,e,n,s,o,r,f,l,o,w,\,d,a,t,a,\,L,J,S,p,e,e,c,h,-,1,.,1,\,w,a,v,s,\,L,J,0,0,2,-,0,0,5,1,.,w,a,v
C,:,\,U,s,e,r,s,\,l,e,n,m,o,\,D,e,s,k,t,o,p,\,P,e,r,s,o,n,a,l,-,P,r,o,j,e,c,t,s,\,A,I,_,P,R,O,\,S,p,e,e,c,h,T,o,T,e,x,t,T,e,n,s,o,r,f,l,o,w,\,d,a,t,a,\,L,J,S,p,e,e,c,h,-,1,.,1,\,w,a,v,s,\,L,J,0,0,2,-,0,0,5,2,.,w,a,v
C,:,\,U,s,e,r,s,\,l,e,n,m,o,\,D,e,s,k,t,o,p,\,P,e,r,s,o,n,a,l,-,P,r,o,j,e,c,t,s,\,A,I,_,P,R,O,\,S,p,e,e,c,h,T,o,T,e,x,t,T,e,n,s,o,r,f,l,o,w,\,d,a,t,a,\,L,J,S,p,e,e,c,h,-,1,.,1,\,w,a,v,s,\,L,J,0,0,2,-,0,0,5,3,.,w,a,v
C,:,\,U,s,e,r,s,\,l,e,n,m,o,\,D,e,s,k,t,o,p,\,P,e,r,s,o,n,a,l,-,P,r,o,j,e,c,t,s,\,A,I,_,P,R,O,\,S,p,e,e,c,h,T,o,T,e,x,t,T,e,n,s,o,r,f,l,o,w,\,d,a,t,a,\,L,J,S,p,e,e,c,h,-,1,.,1,\,w,a,v,s,\,L,J,0,0,2,-,0,0,5,4,.,w,a,v
C,:,\,U,s,e,r,s,\,l,e,n,m,o,\,D,e,s,k,t,o,p,\,P,e,r,s,o,n,a,l,-,P,r,o,j,e,c,t,s,\,A,I,_,P,R,O,\,S,p,e,e,c,h,T,o,T,e,x,t,T,e,n,s,o,r,f,l,o,w,\,d,a,t,a,\,L,J,S,p,e,e,c,h,-,1,.,1,\,w,a,v,s,\,L,J,0,0,2,-,0,0,5,5,.,w,a,v
C,:,\,U,s,e,r,s,\,l,e,n,m,o,\,D,e,s,k,t,o,p,\,P,e,r,s,o,n,a,l,-,P,r,o,j,e,c,t,s,\,A,I,_,P,R,O,\,S,p,e,e,c,h,T,o,T,e,x,t,T,e,n,s,o,r,f,l,o,w,\,d,a,t,a,\,L,J,S,p,e,e,c,h,-,1,.,1,\,w,a,v,s,\,L,J,0,0,2,-,0,0,5,6,.,w,a,v
C,:,\,U,s,e,r,s,\,l,e,n,m,o,\,D,e,s,k,t,o,p,\,P,e,r,s,o,n,a,l,-,P,r,o,j,e,c,t,s,\,A,I,_,P,R,O,\,S,p,e,e,c,h,T,o,T,e,x,t,T,e,n,s,o,r,f,l,o,w,\,d,a,t,a,\,L,J,S,p,e,e,c,h,-,1,.,1,\,w,a,v,s,\,L,J,0,0,2,-,0,0,5,7,.,w,a,v
C,:,\,U,s,e,r,s,\,l,e,n,m,o,\,D,e,s,k,t,o,p,\,P,e,r,s,o,n,a,l,-,P,r,o,j,e,c,t,s,\,A,I,_,P,R,O,\,S,p,e,e,c,h,T,o,T,e,x,t,T,e,n,s,o,r,f,l,o,w,\,d,a,t,a,\,L,J,S,p,e,e,c,h,-,1,.,1,\,w,a,v,s,\,L,J,0,0,2,-,0,0,5,8,.,w,a,v
C,:,\,U,s,e,r,s,\,l,e,n,m,o,\,D,e,s,k,t,o,p,\,P,e,r,s,o,n,a,l,-,P,r,o,j,e,c,t,s,\,A,I,_,P,R,O,\,S,p,e,e,c,h,T,o,T,e,x,t,T,e,n,s,o,r,f,l,o,w,\,d,a,t,a,\,L,J,S,p,e,e,c,h,-,1,.,1,\,w,a,v,s,\,L,J,0,0,2,-,0,0,5,9,.,w,a,v
C,:,\,U,s,e,r,s,\,l,e,n,m,o,\,D,e,s,k,t,o,p,\,P,e,r,s,o,n,a,l,-,P,r,o,j,e,c,t,s,\,A,I,_,P,R,O,\,S,p,e,e,c,h,T,o,T,e,x,t,T,e,n,s,o,r,f,l,o,w,\,d,a,t,a,\,L,J,S,p,e,e,c,h,-,1,.,1,\,w,a,v,s,\,L,J,0,0,2,-,0,0,6,0,.,w,a,v
C,:,\,U,s,e,r,s,\,l,e,n,m,o,\,D,e,s,k,t,o,p,\,P,e,r,s,o,n,a,l,-,P,r,o,j,e,c,t,s,\,A,I,_,P,R,O,\,S,p,e,e,c,h,T,o,T,e,x,t,T,e,n,s,o,r,f,l,o,w,\,d,a,t,a,\,L,J,S,p,e,e,c,h,-,1,.,1,\,w,a,v,s,\,L,J,0,0,2,-,0,0,6,1,.,w,a,v
C,:,\,U,s,e,r,s,\,l,e,n,m,o,\,D,e,s,k,t,o,p,\,P,e,r,s,o,n,a,l,-,P,r,o,j,e,c,t,s,\,A,I,_,P,R,O,\,S,p,e,e,c,h,T,o,T,e,x,t,T,e,n,s,o,r,f,l,o,w,\,d,a,t,a,\,L,J,S,p,e,e,c,h,-,1,.,1,\,w,a,v,s,\,L,J,0,0,2,-,0,0,6,2,.,w,a,v
C,:,\,U,s,e,r,s,\,l,e,n,m,o,\,D,e,s,k,t,o,p,\,P,e,r,s,o,n,a,l,-,P,r,o,j,e,c,t,s,\,A,I,_,P,R,O,\,S,p,e,e,c,h,T,o,T,e,x,t,T,e,n,s,o,r,f,l,o,w,\,d,a,t,a,\,L,J,S,p,e,e,c,h,-,1,.,1,\,w,a,v,s,\,L,J,0,0,2,-,0,0,6,3,.,w,a,v
C,:,\,U,s,e,r,s,\,l,e,n,m,o,\,D,e,s,k,t,o,p,\,P,e,r,s,o,n,a,l,-,P,r,o,j,e,c,t,s,\,A,I,_,P,R,O,\,S,p,e,e,c,h,T,o,T,e,x,t,T,e,n,s,o,r,f,l,o,w,\,d,a,t,a,\,L,J,S,p,e,e,c,h,-,1,.,1,\,w,a,v,s,\,L,J,0,0,2,-,0,0,6,4,.,w,a,v
C,:,\,U,s,e,r,s,\,l,e,n,m,o,\,D,e,s,k,t,o,p,\,P,e,r,s,o,n,a,l,-,P,r,o,j,e,c,t,s,\,A,I,_,P,R,O,\,S,p,e,e,c,h,T,o,T,e,x,t,T,e,n,s,o,r,f,l,o,w,\,d,a,t,a,\,L,J,S,p,e,e,c,h,-,1,.,1,\,w,a,v,s,\,L,J,0,0,2,-,0,0,6,5,.,w,a,v
C,:,\,U,s,e,r,s,\,l,e,n,m,o,\,D,e,s,k,t,o,p,\,P,e,r,s,o,n,a,l,-,P,r,o,j,e,c,t,s,\,A,I,_,P,R,O,\,S,p,e,e,c,h,T,o,T,e,x,t,T,e,n,s,o,r,f,l,o,w,\,d,a,t,a,\,L,J,S,p,e,e,c,h,-,1,.,1,\,w,a,v,s,\,L,J,0,0,2,-,0,0,6,6,.,w,a,v
C,:,\,U,s,e,r,s,\,l,e,n,m,o,\,D,e,s,k,t,o,p,\,P,e,r,s,o,n,a,l,-,P,r,o,j,e,c,t,s,\,A,I,_,P,R,O,\,S,p,e,e,c,h,T,o,T,e,x,t,T,e,n,s,o,r,f,l,o,w,\,d,a,t,a,\,L,J,S,p,e,e,c,h,-,1,.,1,\,w,a,v,s,\,L,J,0,0,2,-,0,0,6,7,.,w,a,v
C,:,\,U,s,e,r,s,\,l,e,n,m,o,\,D,e,s,k,t,o,p,\,P,e,r,s,o,n,a,l,-,P,r,o,j,e,c,t,s,\,A,I,_,P,R,O,\,S,p,e,e,c,h,T,o,T,e,x,t,T,e,n,s,o,r,f,l,o,w,\,d,a,t,a,\,L,J,S,p,e,e,c,h,-,1,.,1,\,w,a,v,s,\,L,J,0,0,2,-,0,0,6,8,.,w,a,v
C,:,\,U,s,e,r,s,\,l,e,n,m,o,\,D,e,s,k,t,o,p,\,P,e,r,s,o,n,a,l,-,P,r,o,j,e,c,t,s,\,A,I,_,P,R,O,\,S,p,e,e,c,h,T,o,T,e,x,t,T,e,n,s,o,r,f,l,o,w,\,d,a,t,a,\,L,J,S,p,e,e,c,h,-,1,.,1,\,w,a,v,s,\,L,J,0,0,2,-,0,0,6,9,.,w,a,v
C,:,\,U,s,e,r,s,\,l,e,n,m,o,\,D,e,s,k,t,o,p,\,P,e,r,s,o,n,a,l,-,P,r,o,j,e,c,t,s,\,A,I,_,P,R,O,\,S,p,e,e,c,h,T,o,T,e,x,t,T,e,n,s,o,r,f,l,o,w,\,d,a,t,a,\,L,J,S,p,e,e,c,h,-,1,.,1,\,w,a,v,s,\,L,J,0,0,2,-,0,0,7,0,.,w,a,v
C,:,\,U,s,e,r,s,\,l,e,n,m,o,\,D,e,s,k,t,o,p,\,P,e,r,s,o,n,a,l,-,P,r,o,j,e,c,t,s,\,A,I,_,P,R,O,\,S,p,e,e,c,h,T,o,T,e,x,t,T,e,n,s,o,r,f,l,o,w,\,d,a,t,a,\,L,J,S,p,e,e,c,h,-,1,.,1,\,w,a,v,s,\,L,J,0,0,2,-,0,0,7,1,.,w,a,v
C,:,\,U,s,e,r,s,\,l,e,n,m,o,\,D,e,s,k,t,o,p,\,P,e,r,s,o,n,a,l,-,P,r,o,j,e,c,t,s,\,A,I,_,P,R,O,\,S,p,e,e,c,h,T,o,T,e,x,t,T,e,n,s,o,r,f,l,o,w,\,d,a,t,a,\,L,J,S,p,e,e,c,h,-,1,.,1,\,w,a,v,s,\,L,J,0,0,2,-,0,0,7,2,.,w,a,v
C,:,\,U,s,e,r,s,\,l,e,n,m,o,\,D,e,s,k,t,o,p,\,P,e,r,s,o,n,a,l,-,P,r,o,j,e,c,t,s,\,A,I,_,P,R,O,\,S,p,e,e,c,h,T,o,T,e,x,t,T,e,n,s,o,r,f,l,o,w,\,d,a,t,a,\,L,J,S,p,e,e,c,h,-,1,.,1,\,w,a,v,s,\,L,J,0,0,2,-,0,0,7,3,.,w,a,v
C,:,\,U,s,e,r,s,\,l,e,n,m,o,\,D,e,s,k,t,o,p,\,P,e,r,s,o,n,a,l,-,P,r,o,j,e,c,t,s,\,A,I,_,P,R,O,\,S,p,e,e,c,h,T,o,T,e,x,t,T,e,n,s,o,r,f,l,o,w,\,d,a,t,a,\,L,J,S,p,e,e,c,h,-,1,.,1,\,w,a,v,s,\,L,J,0,0,2,-,0,0,7,4,.,w,a,v
C,:,\,U,s,e,r,s,\,l,e,n,m,o,\,D,e,s,k,t,o,p,\,P,e,r,s,o,n,a,l,-,P,r,o,j,e,c,t,s,\,A,I,_,P,R,O,\,S,p,e,e,c,h,T,o,T,e,x,t,T,e,n,s,o,r,f,l,o,w,\,d,a,t,a,\,L,J,S,p,e,e,c,h,-,1,.,1,\,w,a,v,s,\,L,J,0,0,2,-,0,0,7,5,.,w,a,v
C,:,\,U,s,e,r,s,\,l,e,n,m,o,\,D,e,s,k,t,o,p,\,P,e,r,s,o,n,a,l,-,P,r,o,j,e,c,t,s,\,A,I,_,P,R,O,\,S,p,e,e,c,h,T,o,T,e,x,t,T,e,n,s,o,r,f,l,o,w,\,d,a,t,a,\,L,J,S,p,e,e,c,h,-,1,.,1,\,w,a,v,s,\,L,J,0,0,2,-,0,0,7,6,.,w,a,v
C,:,\,U,s,e,r,s,\,l,e,n,m,o,\,D,e,s,k,t,o,p,\,P,e,r,s,o,n,a,l,-,P,r,o,j,e,c,t,s,\,A,I,_,P,R,O,\,S,p,e,e,c,h,T,o,T,e,x,t,T,e,n,s,o,r,f,l,o,w,\,d,a,t,a,\,L,J,S,p,e,e,c,h,-,1,.,1,\,w,a,v,s,\,L,J,0,0,2,-,0,0,7,7,.,w,a,v
C,:,\,U,s,e,r,s,\,l,e,n,m,o,\,D,e,s,k,t,o,p,\,P,e,r,s,o,n,a,l,-,P,r,o,j,e,c,t,s,\,A,I,_,P,R,O,\,S,p,e,e,c,h,T,o,T,e,x,t,T,e,n,s,o,r,f,l,o,w,\,d,a,t,a,\,L,J,S,p,e,e,c,h,-,1,.,1,\,w,a,v,s,\,L,J,0,0,2,-,0,0,7,8,.,w,a,v
C,:,\,U,s,e,r,s,\,l,e,n,m,o,\,D,e,s,k,t,o,p,\,P,e,r,s,o,n,a,l,-,P,r,o,j,e,c,t,s,\,A,I,_,P,R,O,\,S,p,e,e,c,h,T,o,T,e,x,t,T,e,n,s,o,r,f,l,o,w,\,d,a,t,a,\,L,J,S,p,e,e,c,h,-,1,.,1,\,w,a,v,s,\,L,J,0,0,2,-,0,0,7,9,.,w,a,v
C,:,\,U,s,e,r,s,\,l,e,n,m,o,\,D,e,s,k,t,o,p,\,P,e,r,s,o,n,a,l,-,P,r,o,j,e,c,t,s,\,A,I,_,P,R,O,\,S,p,e,e,c,h,T,o,T,e,x,t,T,e,n,s,o,r,f,l,o,w,\,d,a,t,a,\,L,J,S,p,e,e,c,h,-,1,.,1,\,w,a,v,s,\,L,J,0,0,2,-,0,0,8,0,.,w,a,v
C,:,\,U,s,e,r,s,\,l,e,n,m,o,\,D,e,s,k,t,o,p,\,P,e,r,s,o,n,a,l,-,P,r,o,j,e,c,t,s,\,A,I,_,P,R,O,\,S,p,e,e,c,h,T,o,T,e,x,t,T,e,n,s,o,r,f,l,o,w,\,d,a,t,a,\,L,J,S,p,e,e,c,h,-,1,.,1,\,w,a,v,s,\,L,J,0,0,2,-,0,0,8,1,.,w,a,v
C,:,\,U,s,e,r,s,\,l,e,n,m,o,\,D,e,s,k,t,o,p,\,P,e,r,s,o,n,a,l,-,P,r,o,j,e,c,t,s,\,A,I,_,P,R,O,\,S,p,e,e,c,h,T,o,T,e,x,t,T,e,n,s,o,r,f,l,o,w,\,d,a,t,a,\,L,J,S,p,e,e,c,h,-,1,.,1,\,w,a,v,s,\,L,J,0,0,2,-,0,0,8,2,.,w,a,v
C,:,\,U,s,e,r,s,\,l,e,n,m,o,\,D,e,s,k,t,o,p,\,P,e,r,s,o,n,a,l,-,P,r,o,j,e,c,t,s,\,A,I,_,P,R,O,\,S,p,e,e,c,h,T,o,T,e,x,t,T,e,n,s,o,r,f,l,o,w,\,d,a,t,a,\,L,J,S,p,e,e,c,h,-,1,.,1,\,w,a,v,s,\,L,J,0,0,2,-,0,0,8,3,.,w,a,v
C,:,\,U,s,e,r,s,\,l,e,n,m,o,\,D,e,s,k,t,o,p,\,P,e,r,s,o,n,a,l,-,P,r,o,j,e,c,t,s,\,A,I,_,P,R,O,\,S,p,e,e,c,h,T,o,T,e,x,t,T,e,n,s,o,r,f,l,o,w,\,d,a,t,a,\,L,J,S,p,e,e,c,h,-,1,.,1,\,w,a,v,s,\,L,J,0,0,2,-,0,0,8,4,.,w,a,v
C,:,\,U,s,e,r,s,\,l,e,n,m,o,\,D,e,s,k,t,o,p,\,P,e,r,s,o,n,a,l,-,P,r,o,j,e,c,t,s,\,A,I,_,P,R,O,\,S,p,e,e,c,h,T,o,T,e,x,t,T,e,n,s,o,r,f,l,o,w,\,d,a,t,a,\,L,J,S,p,e,e,c,h,-,1,.,1,\,w,a,v,s,\,L,J,0,0,2,-,0,0,8,5,.,w,a,v
C,:,\,U,s,e,r,s,\,l,e,n,m,o,\,D,e,s,k,t,o,p,\,P,e,r,s,o,n,a,l,-,P,r,o,j,e,c,t,s,\,A,I,_,P,R,O,\,S,p,e,e,c,h,T,o,T,e,x,t,T,e,n,s,o,r,f,l,o,w,\,d,a,t,a,\,L,J,S,p,e,e,c,h,-,1,.,1,\,w,a,v,s,\,L,J,0,0,2,-,0,0,8,6,.,w,a,v
C,:,\,U,s,e,r,s,\,l,e,n,m,o,\,D,e,s,k,t,o,p,\,P,e,r,s,o,n,a,l,-,P,r,o,j,e,c,t,s,\,A,I,_,P,R,O,\,S,p,e,e,c,h,T,o,T,e,x,t,T,e,n,s,o,r,f,l,o,w,\,d,a,t,a,\,L,J,S,p,e,e,c,h,-,1,.,1,\,w,a,v,s,\,L,J,0,0,2,-,0,0,8,7,.,w,a,v
C,:,\,U,s,e,r,s,\,l,e,n,m,o,\,D,e,s,k,t,o,p,\,P,e,r,s,o,n,a,l,-,P,r,o,j,e,c,t,s,\,A,I,_,P,R,O,\,S,p,e,e,c,h,T,o,T,e,x,t,T,e,n,s,o,r,f,l,o,w,\,d,a,t,a,\,L,J,S,p,e,e,c,h,-,1,.,1,\,w,a,v,s,\,L,J,0,0,2,-,0,0,8,8,.,w,a,v
C,:,\,U,s,e,r,s,\,l,e,n,m,o,\,D,e,s,k,t,o,p,\,P,e,r,s,o,n,a,l,-,P,r,o,j,e,c,t,s,\,A,I,_,P,R,O,\,S,p,e,e,c,h,T,o,T,e,x,t,T,e,n,s,o,r,f,l,o,w,\,d,a,t,a,\,L,J,S,p,e,e,c,h,-,1,.,1,\,w,a,v,s,\,L,J,0,0,2,-,0,0,8,9,.,w,a,v
C,:,\,U,s,e,r,s,\,l,e,n,m,o,\,D,e,s,k,t,o,p,\,P,e,r,s,o,n,a,l,-,P,r,o,j,e,c,t,s,\,A,I,_,P,R,O,\,S,p,e,e,c,h,T,o,T,e,x,t,T,e,n,s,o,r,f,l,o,w,\,d,a,t,a,\,L,J,S,p,e,e,c,h,-,1,.,1,\,w,a,v,s,\,L,J,0,0,2,-,0,0,9,0,.,w,a,v
C,:,\,U,s,e,r,s,\,l,e,n,m,o,\,D,e,s,k,t,o,p,\,P,e,r,s,o,n,a,l,-,P,r,o,j,e,c,t,s,\,A,I,_,P,R,O,\,S,p,e,e,c,h,T,o,T,e,x,t,T,e,n,s,o,r,f,l,o,w,\,d,a,t,a,\,L,J,S,p,e,e,c,h,-,1,.,1,\,w,a,v,s,\,L,J,0,0,2,-,0,0,9,1,.,w,a,v
C,:,\,U,s,e,r,s,\,l,e,n,m,o,\,D,e,s,k,t,o,p,\,P,e,r,s,o,n,a,l,-,P,r,o,j,e,c,t,s,\,A,I,_,P,R,O,\,S,p,e,e,c,h,T,o,T,e,x,t,T,e,n,s,o,r,f,l,o,w,\,d,a,t,a,\,L,J,S,p,e,e,c,h,-,1,.,1,\,w,a,v,s,\,L,J,0,0,2,-,0,0,9,2,.,w,a,v
C,:,\,U,s,e,r,s,\,l,e,n,m,o,\,D,e,s,k,t,o,p,\,P,e,r,s,o,n,a,l,-,P,r,o,j,e,c,t,s,\,A,I,_,P,R,O,\,S,p,e,e,c,h,T,o,T,e,x,t,T,e,n,s,o,r,f,l,o,w,\,d,a,t,a,\,L,J,S,p,e,e,c,h,-,1,.,1,\,w,a,v,s,\,L,J,0,0,2,-,0,0,9,3,.,w,a,v
C,:,\,U,s,e,r,s,\,l,e,n,m,o,\,D,e,s,k,t,o,p,\,P,e,r,s,o,n,a,l,-,P,r,o,j,e,c,t,s,\,A,I,_,P,R,O,\,S,p,e,e,c,h,T,o,T,e,x,t,T,e,n,s,o,r,f,l,o,w,\,d,a,t,a,\,L,J,S,p,e,e,c,h,-,1,.,1,\,w,a,v,s,\,L,J,0,0,2,-,0,0,9,4,.,w,a,v
C,:,\,U,s,e,r,s,\,l,e,n,m,o,\,D,e,s,k,t,o,p,\,P,e,r,s,o,n,a,l,-,P,r,o,j,e,c,t,s,\,A,I,_,P,R,O,\,S,p,e,e,c,h,T,o,T,e,x,t,T,e,n,s,o,r,f,l,o,w,\,d,a,t,a,\,L,J,S,p,e,e,c,h,-,1,.,1,\,w,a,v,s,\,L,J,0,0,2,-,0,0,9,5,.,w,a,v
C,:,\,U,s,e,r,s,\,l,e,n,m,o,\,D,e,s,k,t,o,p,\,P,e,r,s,o,n,a,l,-,P,r,o,j,e,c,t,s,\,A,I,_,P,R,O,\,S,p,e,e,c,h,T,o,T,e,x,t,T,e,n,s,o,r,f,l,o,w,\,d,a,t,a,\,L,J,S,p,e,e,c,h,-,1,.,1,\,w,a,v,s,\,L,J,0,0,2,-,0,0,9,6,.,w,a,v
C,:,\,U,s,e,r,s,\,l,e,n,m,o,\,D,e,s,k,t,o,p,\,P,e,r,s,o,n,a,l,-,P,r,o,j,e,c,t,s,\,A,I,_,P,R,O,\,S,p,e,e,c,h,T,o,T,e,x,t,T,e,n,s,o,r,f,l,o,w,\,d,a,t,a,\,L,J,S,p,e,e,c,h,-,1,.,1,\,w,a,v,s,\,L,J,0,0,2,-,0,0,9,7,.,w,a,v
C,:,\,U,s,e,r,s,\,l,e,n,m,o,\,D,e,s,k,t,o,p,\,P,e,r,s,o,n,a,l,-,P,r,o,j,e,c,t,s,\,A,I,_,P,R,O,\,S,p,e,e,c,h,T,o,T,e,x,t,T,e,n,s,o,r,f,l,o,w,\,d,a,t,a,\,L,J,S,p,e,e,c,h,-,1,.,1,\,w,a,v,s,\,L,J,0,0,2,-,0,0,9,8,.,w,a,v
C,:,\,U,s,e,r,s,\,l,e,n,m,o,\,D,e,s,k,t,o,p,\,P,e,r,s,o,n,a,l,-,P,r,o,j,e,c,t,s,\,A,I,_,P,R,O,\,S,p,e,e,c,h,T,o,T,e,x,t,T,e,n,s,o,r,f,l,o,w,\,d,a,t,a,\,L,J,S,p,e,e,c,h,-,1,.,1,\,w,a,v,s,\,L,J,0,0,2,-,0,0,9,9,.,w,a,v
C,:,\,U,s,e,r,s,\,l,e,n,m,o,\,D,e,s,k,t,o,p,\,P,e,r,s,o,n,a,l,-,P,r,o,j,e,c,t,s,\,A,I,_,P,R,O,\,S,p,e,e,c,h,T,o,T,e,x,t,T,e,n,s,o,r,f,l,o,w,\,d,a,t,a,\,L,J,S,p,e,e,c,h,-,1,.,1,\,w,a,v,s,\,L,J,0,0,2,-,0,1,0,0,.,w,a,v
C,:,\,U,s,e,r,s,\,l,e,n,m,o,\,D,e,s,k,t,o,p,\,P,e,r,s,o,n,a,l,-,P,r,o,j,e,c,t,s,\,A,I,_,P,R,O,\,S,p,e,e,c,h,T,o,T,e,x,t,T,e,n,s,o,r,f,l,o,w,\,d,a,t,a,\,L,J,S,p,e,e,c,h,-,1,.,1,\,w,a,v,s,\,L,J,0,0,2,-,0,1,0,1,.,w,a,v
C,:,\,U,s,e,r,s,\,l,e,n,m,o,\,D,e,s,k,t,o,p,\,P,e,r,s,o,n,a,l,-,P,r,o,j,e,c,t,s,\,A,I,_,P,R,O,\,S,p,e,e,c,h,T,o,T,e,x,t,T,e,n,s,o,r,f,l,o,w,\,d,a,t,a,\,L,J,S,p,e,e,c,h,-,1,.,1,\,w,a,v,s,\,L,J,0,0,2,-,0,1,0,2,.,w,a,v
C,:,\,U,s,e,r,s,\,l,e,n,m,o,\,D,e,s,k,t,o,p,\,P,e,r,s,o,n,a,l,-,P,r,o,j,e,c,t,s,\,A,I,_,P,R,O,\,S,p,e,e,c,h,T,o,T,e,x,t,T,e,n,s,o,r,f,l,o,w,\,d,a,t,a,\,L,J,S,p,e,e,c,h,-,1,.,1,\,w,a,v,s,\,L,J,0,0,2,-,0,1,0,3,.,w,a,v
C,:,\,U,s,e,r,s,\,l,e,n,m,o,\,D,e,s,k,t,o,p,\,P,e,r,s,o,n,a,l,-,P,r,o,j,e,c,t,s,\,A,I,_,P,R,O,\,S,p,e,e,c,h,T,o,T,e,x,t,T,e,n,s,o,r,f,l,o,w,\,d,a,t,a,\,L,J,S,p,e,e,c,h,-,1,.,1,\,w,a,v,s,\,L,J,0,0,2,-,0,1,0,4,.,w,a,v
C,:,\,U,s,e,r,s,\,l,e,n,m,o,\,D,e,s,k,t,o,p,\,P,e,r,s,o,n,a,l,-,P,r,o,j,e,c,t,s,\,A,I,_,P,R,O,\,S,p,e,e,c,h,T,o,T,e,x,t,T,e,n,s,o,r,f,l,o,w,\,d,a,t,a,\,L,J,S,p,e,e,c,h,-,1,.,1,\,w,a,v,s,\,L,J,0,0,2,-,0,1,0,5,.,w,a,v
C,:,\,U,s,e,r,s,\,l,e,n,m,o,\,D,e,s,k,t,o,p,\,P,e,r,s,o,n,a,l,-,P,r,o,j,e,c,t,s,\,A,I,_,P,R,O,\,S,p,e,e,c,h,T,o,T,e,x,t,T,e,n,s,o,r,f,l,o,w,\,d,a,t,a,\,L,J,S,p,e,e,c,h,-,1,.,1,\,w,a,v,s,\,L,J,0,0,2,-,0,1,0,6,.,w,a,v
C,:,\,U,s,e,r,s,\,l,e,n,m,o,\,D,e,s,k,t,o,p,\,P,e,r,s,o,n,a,l,-,P,r,o,j,e,c,t,s,\,A,I,_,P,R,O,\,S,p,e,e,c,h,T,o,T,e,x,t,T,e,n,s,o,r,f,l,o,w,\,d,a,t,a,\,L,J,S,p,e,e,c,h,-,1,.,1,\,w,a,v,s,\,L,J,0,0,2,-,0,1,0,7,.,w,a,v
C,:,\,U,s,e,r,s,\,l,e,n,m,o,\,D,e,s,k,t,o,p,\,P,e,r,s,o,n,a,l,-,P,r,o,j,e,c,t,s,\,A,I,_,P,R,O,\,S,p,e,e,c,h,T,o,T,e,x,t,T,e,n,s,o,r,f,l,o,w,\,d,a,t,a,\,L,J,S,p,e,e,c,h,-,1,.,1,\,w,a,v,s,\,L,J,0,0,2,-,0,1,0,8,.,w,a,v
C,:,\,U,s,e,r,s,\,l,e,n,m,o,\,D,e,s,k,t,o,p,\,P,e,r,s,o,n,a,l,-,P,r,o,j,e,c,t,s,\,A,I,_,P,R,O,\,S,p,e,e,c,h,T,o,T,e,x,t,T,e,n,s,o,r,f,l,o,w,\,d,a,t,a,\,L,J,S,p,e,e,c,h,-,1,.,1,\,w,a,v,s,\,L,J,0,0,2,-,0,1,0,9,.,w,a,v
C,:,\,U,s,e,r,s,\,l,e,n,m,o,\,D,e,s,k,t,o,p,\,P,e,r,s,o,n,a,l,-,P,r,o,j,e,c,t,s,\,A,I,_,P,R,O,\,S,p,e,e,c,h,T,o,T,e,x,t,T,e,n,s,o,r,f,l,o,w,\,d,a,t,a,\,L,J,S,p,e,e,c,h,-,1,.,1,\,w,a,v,s,\,L,J,0,0,2,-,0,1,1,0,.,w,a,v
C,:,\,U,s,e,r,s,\,l,e,n,m,o,\,D,e,s,k,t,o,p,\,P,e,r,s,o,n,a,l,-,P,r,o,j,e,c,t,s,\,A,I,_,P,R,O,\,S,p,e,e,c,h,T,o,T,e,x,t,T,e,n,s,o,r,f,l,o,w,\,d,a,t,a,\,L,J,S,p,e,e,c,h,-,1,.,1,\,w,a,v,s,\,L,J,0,0,2,-,0,1,1,1,.,w,a,v
C,:,\,U,s,e,r,s,\,l,e,n,m,o,\,D,e,s,k,t,o,p,\,P,e,r,s,o,n,a,l,-,P,r,o,j,e,c,t,s,\,A,I,_,P,R,O,\,S,p,e,e,c,h,T,o,T,e,x,t,T,e,n,s,o,r,f,l,o,w,\,d,a,t,a,\,L,J,S,p,e,e,c,h,-,1,.,1,\,w,a,v,s,\,L,J,0,0,2,-,0,1,1,2,.,w,a,v
C,:,\,U,s,e,r,s,\,l,e,n,m,o,\,D,e,s,k,t,o,p,\,P,e,r,s,o,n,a,l,-,P,r,o,j,e,c,t,s,\,A,I,_,P,R,O,\,S,p,e,e,c,h,T,o,T,e,x,t,T,e,n,s,o,r,f,l,o,w,\,d,a,t,a,\,L,J,S,p,e,e,c,h,-,1,.,1,\,w,a,v,s,\,L,J,0,0,2,-,0,1,1,3,.,w,a,v
C,:,\,U,s,e,r,s,\,l,e,n,m,o,\,D,e,s,k,t,o,p,\,P,e,r,s,o,n,a,l,-,P,r,o,j,e,c,t,s,\,A,I,_,P,R,O,\,S,p,e,e,c,h,T,o,T,e,x,t,T,e,n,s,o,r,f,l,o,w,\,d,a,t,a,\,L,J,S,p,e,e,c,h,-,1,.,1,\,w,a,v,s,\,L,J,0,0,2,-,0,1,1,4,.,w,a,v
C,:,\,U,s,e,r,s,\,l,e,n,m,o,\,D,e,s,k,t,o,p,\,P,e,r,s,o,n,a,l,-,P,r,o,j,e,c,t,s,\,A,I,_,P,R,O,\,S,p,e,e,c,h,T,o,T,e,x,t,T,e,n,s,o,r,f,l,o,w,\,d,a,t,a,\,L,J,S,p,e,e,c,h,-,1,.,1,\,w,a,v,s,\,L,J,0,0,2,-,0,1,1,6,.,w,a,v
C,:,\,U,s,e,r,s,\,l,e,n,m,o,\,D,e,s,k,t,o,p,\,P,e,r,s,o,n,a,l,-,P,r,o,j,e,c,t,s,\,A,I,_,P,R,O,\,S,p,e,e,c,h,T,o,T,e,x,t,T,e,n,s,o,r,f,l,o,w,\,d,a,t,a,\,L,J,S,p,e,e,c,h,-,1,.,1,\,w,a,v,s,\,L,J,0,0,2,-,0,1,1,7,.,w,a,v
C,:,\,U,s,e,r,s,\,l,e,n,m,o,\,D,e,s,k,t,o,p,\,P,e,r,s,o,n,a,l,-,P,r,o,j,e,c,t,s,\,A,I,_,P,R,O,\,S,p,e,e,c,h,T,o,T,e,x,t,T,e,n,s,o,r,f,l,o,w,\,d,a,t,a,\,L,J,S,p,e,e,c,h,-,1,.,1,\,w,a,v,s,\,L,J,0,0,2,-,0,1,1,8,.,w,a,v
C,:,\,U,s,e,r,s,\,l,e,n,m,o,\,D,e,s,k,t,o,p,\,P,e,r,s,o,n,a,l,-,P,r,o,j,e,c,t,s,\,A,I,_,P,R,O,\,S,p,e,e,c,h,T,o,T,e,x,t,T,e,n,s,o,r,f,l,o,w,\,d,a,t,a,\,L,J,S,p,e,e,c,h,-,1,.,1,\,w,a,v,s,\,L,J,0,0,2,-,0,1,1,9,.,w,a,v
C,:,\,U,s,e,r,s,\,l,e,n,m,o,\,D,e,s,k,t,o,p,\,P,e,r,s,o,n,a,l,-,P,r,o,j,e,c,t,s,\,A,I,_,P,R,O,\,S,p,e,e,c,h,T,o,T,e,x,t,T,e,n,s,o,r,f,l,o,w,\,d,a,t,a,\,L,J,S,p,e,e,c,h,-,1,.,1,\,w,a,v,s,\,L,J,0,0,2,-,0,1,2,0,.,w,a,v
C,:,\,U,s,e,r,s,\,l,e,n,m,o,\,D,e,s,k,t,o,p,\,P,e,r,s,o,n,a,l,-,P,r,o,j,e,c,t,s,\,A,I,_,P,R,O,\,S,p,e,e,c,h,T,o,T,e,x,t,T,e,n,s,o,r,f,l,o,w,\,d,a,t,a,\,L,J,S,p,e,e,c,h,-,1,.,1,\,w,a,v,s,\,L,J,0,0,2,-,0,1,2,1,.,w,a,v
C,:,\,U,s,e,r,s,\,l,e,n,m,o,\,D,e,s,k,t,o,p,\,P,e,r,s,o,n,a,l,-,P,r,o,j,e,c,t,s,\,A,I,_,P,R,O,\,S,p,e,e,c,h,T,o,T,e,x,t,T,e,n,s,o,r,f,l,o,w,\,d,a,t,a,\,L,J,S,p,e,e,c,h,-,1,.,1,\,w,a,v,s,\,L,J,0,0,2,-,0,1,2,2,.,w,a,v
C,:,\,U,s,e,r,s,\,l,e,n,m,o,\,D,e,s,k,t,o,p,\,P,e,r,s,o,n,a,l,-,P,r,o,j,e,c,t,s,\,A,I,_,P,R,O,\,S,p,e,e,c,h,T,o,T,e,x,t,T,e,n,s,o,r,f,l,o,w,\,d,a,t,a,\,L,J,S,p,e,e,c,h,-,1,.,1,\,w,a,v,s,\,L,J,0,0,2,-,0,1,2,3,.,w,a,v
C,:,\,U,s,e,r,s,\,l,e,n,m,o,\,D,e,s,k,t,o,p,\,P,e,r,s,o,n,a,l,-,P,r,o,j,e,c,t,s,\,A,I,_,P,R,O,\,S,p,e,e,c,h,T,o,T,e,x,t,T,e,n,s,o,r,f,l,o,w,\,d,a,t,a,\,L,J,S,p,e,e,c,h,-,1,.,1,\,w,a,v,s,\,L,J,0,0,2,-,0,1,2,4,.,w,a,v
C,:,\,U,s,e,r,s,\,l,e,n,m,o,\,D,e,s,k,t,o,p,\,P,e,r,s,o,n,a,l,-,P,r,o,j,e,c,t,s,\,A,I,_,P,R,O,\,S,p,e,e,c,h,T,o,T,e,x,t,T,e,n,s,o,r,f,l,o,w,\,d,a,t,a,\,L,J,S,p,e,e,c,h,-,1,.,1,\,w,a,v,s,\,L,J,0,0,2,-,0,1,2,5,.,w,a,v
C,:,\,U,s,e,r,s,\,l,e,n,m,o,\,D,e,s,k,t,o,p,\,P,e,r,s,o,n,a,l,-,P,r,o,j,e,c,t,s,\,A,I,_,P,R,O,\,S,p,e,e,c,h,T,o,T,e,x,t,T,e,n,s,o,r,f,l,o,w,\,d,a,t,a,\,L,J,S,p,e,e,c,h,-,1,.,1,\,w,a,v,s,\,L,J,0,0,2,-,0,1,2,6,.,w,a,v
C,:,\,U,s,e,r,s,\,l,e,n,m,o,\,D,e,s,k,t,o,p,\,P,e,r,s,o,n,a,l,-,P,r,o,j,e,c,t,s,\,A,I,_,P,R,O,\,S,p,e,e,c,h,T,o,T,e,x,t,T,e,n,s,o,r,f,l,o,w,\,d,a,t,a,\,L,J,S,p,e,e,c,h,-,1,.,1,\,w,a,v,s,\,L,J,0,0,2,-,0,1,2,7,.,w,a,v
C,:,\,U,s,e,r,s,\,l,e,n,m,o,\,D,e,s,k,t,o,p,\,P,e,r,s,o,n,a,l,-,P,r,o,j,e,c,t,s,\,A,I,_,P,R,O,\,S,p,e,e,c,h,T,o,T,e,x,t,T,e,n,s,o,r,f,l,o,w,\,d,a,t,a,\,L,J,S,p,e,e,c,h,-,1,.,1,\,w,a,v,s,\,L,J,0,0,2,-,0,1,2,8,.,w,a,v
C,:,\,U,s,e,r,s,\,l,e,n,m,o,\,D,e,s,k,t,o,p,\,P,e,r,s,o,n,a,l,-,P,r,o,j,e,c,t,s,\,A,I,_,P,R,O,\,S,p,e,e,c,h,T,o,T,e,x,t,T,e,n,s,o,r,f,l,o,w,\,d,a,t,a,\,L,J,S,p,e,e,c,h,-,1,.,1,\,w,a,v,s,\,L,J,0,0,2,-,0,1,2,9,.,w,a,v
C,:,\,U,s,e,r,s,\,l,e,n,m,o,\,D,e,s,k,t,o,p,\,P,e,r,s,o,n,a,l,-,P,r,o,j,e,c,t,s,\,A,I,_,P,R,O,\,S,p,e,e,c,h,T,o,T,e,x,t,T,e,n,s,o,r,f,l,o,w,\,d,a,t,a,\,L,J,S,p,e,e,c,h,-,1,.,1,\,w,a,v,s,\,L,J,0,0,2,-,0,1,3,0,.,w,a,v
C,:,\,U,s,e,r,s,\,l,e,n,m,o,\,D,e,s,k,t,o,p,\,P,e,r,s,o,n,a,l,-,P,r,o,j,e,c,t,s,\,A,I,_,P,R,O,\,S,p,e,e,c,h,T,o,T,e,x,t,T,e,n,s,o,r,f,l,o,w,\,d,a,t,a,\,L,J,S,p,e,e,c,h,-,1,.,1,\,w,a,v,s,\,L,J,0,0,2,-,0,1,3,1,.,w,a,v
C,:,\,U,s,e,r,s,\,l,e,n,m,o,\,D,e,s,k,t,o,p,\,P,e,r,s,o,n,a,l,-,P,r,o,j,e,c,t,s,\,A,I,_,P,R,O,\,S,p,e,e,c,h,T,o,T,e,x,t,T,e,n,s,o,r,f,l,o,w,\,d,a,t,a,\,L,J,S,p,e,e,c,h,-,1,.,1,\,w,a,v,s,\,L,J,0,0,2,-,0,1,3,2,.,w,a,v
C,:,\,U,s,e,r,s,\,l,e,n,m,o,\,D,e,s,k,t,o,p,\,P,e,r,s,o,n,a,l,-,P,r,o,j,e,c,t,s,\,A,I,_,P,R,O,\,S,p,e,e,c,h,T,o,T,e,x,t,T,e,n,s,o,r,f,l,o,w,\,d,a,t,a,\,L,J,S,p,e,e,c,h,-,1,.,1,\,w,a,v,s,\,L,J,0,0,2,-,0,1,3,3,.,w,a,v
C,:,\,U,s,e,r,s,\,l,e,n,m,o,\,D,e,s,k,t,o,p,\,P,e,r,s,o,n,a,l,-,P,r,o,j,e,c,t,s,\,A,I,_,P,R,O,\,S,p,e,e,c,h,T,o,T,e,x,t,T,e,n,s,o,r,f,l,o,w,\,d,a,t,a,\,L,J,S,p,e,e,c,h,-,1,.,1,\,w,a,v,s,\,L,J,0,0,2,-,0,1,3,4,.,w,a,v
C,:,\,U,s,e,r,s,\,l,e,n,m,o,\,D,e,s,k,t,o,p,\,P,e,r,s,o,n,a,l,-,P,r,o,j,e,c,t,s,\,A,I,_,P,R,O,\,S,p,e,e,c,h,T,o,T,e,x,t,T,e,n,s,o,r,f,l,o,w,\,d,a,t,a,\,L,J,S,p,e,e,c,h,-,1,.,1,\,w,a,v,s,\,L,J,0,0,2,-,0,1,3,5,.,w,a,v
C,:,\,U,s,e,r,s,\,l,e,n,m,o,\,D,e,s,k,t,o,p,\,P,e,r,s,o,n,a,l,-,P,r,o,j,e,c,t,s,\,A,I,_,P,R,O,\,S,p,e,e,c,h,T,o,T,e,x,t,T,e,n,s,o,r,f,l,o,w,\,d,a,t,a,\,L,J,S,p,e,e,c,h,-,1,.,1,\,w,a,v,s,\,L,J,0,0,2,-,0,1,3,6,.,w,a,v
C,:,\,U,s,e,r,s,\,l,e,n,m,o,\,D,e,s,k,t,o,p,\,P,e,r,s,o,n,a,l,-,P,r,o,j,e,c,t,s,\,A,I,_,P,R,O,\,S,p,e,e,c,h,T,o,T,e,x,t,T,e,n,s,o,r,f,l,o,w,\,d,a,t,a,\,L,J,S,p,e,e,c,h,-,1,.,1,\,w,a,v,s,\,L,J,0,0,2,-,0,1,3,7,.,w,a,v
C,:,\,U,s,e,r,s,\,l,e,n,m,o,\,D,e,s,k,t,o,p,\,P,e,r,s,o,n,a,l,-,P,r,o,j,e,c,t,s,\,A,I,_,P,R,O,\,S,p,e,e,c,h,T,o,T,e,x,t,T,e,n,s,o,r,f,l,o,w,\,d,a,t,a,\,L,J,S,p,e,e,c,h,-,1,.,1,\,w,a,v,s,\,L,J,0,0,2,-,0,1,3,8,.,w,a,v
C,:,\,U,s,e,r,s,\,l,e,n,m,o,\,D,e,s,k,t,o,p,\,P,e,r,s,o,n,a,l,-,P,r,o,j,e,c,t,s,\,A,I,_,P,R,O,\,S,p,e,e,c,h,T,o,T,e,x,t,T,e,n,s,o,r,f,l,o,w,\,d,a,t,a,\,L,J,S,p,e,e,c,h,-,1,.,1,\,w,a,v,s,\,L,J,0,0,2,-,0,1,3,9,.,w,a,v
C,:,\,U,s,e,r,s,\,l,e,n,m,o,\,D,e,s,k,t,o,p,\,P,e,r,s,o,n,a,l,-,P,r,o,j,e,c,t,s,\,A,I,_,P,R,O,\,S,p,e,e,c,h,T,o,T,e,x,t,T,e,n,s,o,r,f,l,o,w,\,d,a,t,a,\,L,J,S,p,e,e,c,h,-,1,.,1,\,w,a,v,s,\,L,J,0,0,2,-,0,1,4,0,.,w,a,v
C,:,\,U,s,e,r,s,\,l,e,n,m,o,\,D,e,s,k,t,o,p,\,P,e,r,s,o,n,a,l,-,P,r,o,j,e,c,t,s,\,A,I,_,P,R,O,\,S,p,e,e,c,h,T,o,T,e,x,t,T,e,n,s,o,r,f,l,o,w,\,d,a,t,a,\,L,J,S,p,e,e,c,h,-,1,.,1,\,w,a,v,s,\,L,J,0,0,2,-,0,1,4,1,.,w,a,v
C,:,\,U,s,e,r,s,\,l,e,n,m,o,\,D,e,s,k,t,o,p,\,P,e,r,s,o,n,a,l,-,P,r,o,j,e,c,t,s,\,A,I,_,P,R,O,\,S,p,e,e,c,h,T,o,T,e,x,t,T,e,n,s,o,r,f,l,o,w,\,d,a,t,a,\,L,J,S,p,e,e,c,h,-,1,.,1,\,w,a,v,s,\,L,J,0,0,2,-,0,1,4,2,.,w,a,v
C,:,\,U,s,e,r,s,\,l,e,n,m,o,\,D,e,s,k,t,o,p,\,P,e,r,s,o,n,a,l,-,P,r,o,j,e,c,t,s,\,A,I,_,P,R,O,\,S,p,e,e,c,h,T,o,T,e,x,t,T,e,n,s,o,r,f,l,o,w,\,d,a,t,a,\,L,J,S,p,e,e,c,h,-,1,.,1,\,w,a,v,s,\,L,J,0,0,2,-,0,1,4,3,.,w,a,v
C,:,\,U,s,e,r,s,\,l,e,n,m,o,\,D,e,s,k,t,o,p,\,P,e,r,s,o,n,a,l,-,P,r,o,j,e,c,t,s,\,A,I,_,P,R,O,\,S,p,e,e,c,h,T,o,T,e,x,t,T,e,n,s,o,r,f,l,o,w,\,d,a,t,a,\,L,J,S,p,e,e,c,h,-,1,.,1,\,w,a,v,s,\,L,J,0,0,2,-,0,1,4,4,.,w,a,v
C,:,\,U,s,e,r,s,\,l,e,n,m,o,\,D,e,s,k,t,o,p,\,P,e,r,s,o,n,a,l,-,P,r,o,j,e,c,t,s,\,A,I,_,P,R,O,\,S,p,e,e,c,h,T,o,T,e,x,t,T,e,n,s,o,r,f,l,o,w,\,d,a,t,a,\,L,J,S,p,e,e,c,h,-,1,.,1,\,w,a,v,s,\,L,J,0,0,2,-,0,1,4,5,.,w,a,v
C,:,\,U,s,e,r,s,\,l,e,n,m,o,\,D,e,s,k,t,o,p,\,P,e,r,s,o,n,a,l,-,P,r,o,j,e,c,t,s,\,A,I,_,P,R,O,\,S,p,e,e,c,h,T,o,T,e,x,t,T,e,n,s,o,r,f,l,o,w,\,d,a,t,a,\,L,J,S,p,e,e,c,h,-,1,.,1,\,w,a,v,s,\,L,J,0,0,2,-,0,1,4,6,.,w,a,v
C,:,\,U,s,e,r,s,\,l,e,n,m,o,\,D,e,s,k,t,o,p,\,P,e,r,s,o,n,a,l,-,P,r,o,j,e,c,t,s,\,A,I,_,P,R,O,\,S,p,e,e,c,h,T,o,T,e,x,t,T,e,n,s,o,r,f,l,o,w,\,d,a,t,a,\,L,J,S,p,e,e,c,h,-,1,.,1,\,w,a,v,s,\,L,J,0,0,2,-,0,1,4,7,.,w,a,v
C,:,\,U,s,e,r,s,\,l,e,n,m,o,\,D,e,s,k,t,o,p,\,P,e,r,s,o,n,a,l,-,P,r,o,j,e,c,t,s,\,A,I,_,P,R,O,\,S,p,e,e,c,h,T,o,T,e,x,t,T,e,n,s,o,r,f,l,o,w,\,d,a,t,a,\,L,J,S,p,e,e,c,h,-,1,.,1,\,w,a,v,s,\,L,J,0,0,2,-,0,1,4,8,.,w,a,v
C,:,\,U,s,e,r,s,\,l,e,n,m,o,\,D,e,s,k,t,o,p,\,P,e,r,s,o,n,a,l,-,P,r,o,j,e,c,t,s,\,A,I,_,P,R,O,\,S,p,e,e,c,h,T,o,T,e,x,t,T,e,n,s,o,r,f,l,o,w,\,d,a,t,a,\,L,J,S,p,e,e,c,h,-,1,.,1,\,w,a,v,s,\,L,J,0,0,2,-,0,1,4,9,.,w,a,v
C,:,\,U,s,e,r,s,\,l,e,n,m,o,\,D,e,s,k,t,o,p,\,P,e,r,s,o,n,a,l,-,P,r,o,j,e,c,t,s,\,A,I,_,P,R,O,\,S,p,e,e,c,h,T,o,T,e,x,t,T,e,n,s,o,r,f,l,o,w,\,d,a,t,a,\,L,J,S,p,e,e,c,h,-,1,.,1,\,w,a,v,s,\,L,J,0,0,2,-,0,1,5,0,.,w,a,v
C,:,\,U,s,e,r,s,\,l,e,n,m,o,\,D,e,s,k,t,o,p,\,P,e,r,s,o,n,a,l,-,P,r,o,j,e,c,t,s,\,A,I,_,P,R,O,\,S,p,e,e,c,h,T,o,T,e,x,t,T,e,n,s,o,r,f,l,o,w,\,d,a,t,a,\,L,J,S,p,e,e,c,h,-,1,.,1,\,w,a,v,s,\,L,J,0,0,2,-,0,1,5,1,.,w,a,v
C,:,\,U,s,e,r,s,\,l,e,n,m,o,\,D,e,s,k,t,o,p,\,P,e,r,s,o,n,a,l,-,P,r,o,j,e,c,t,s,\,A,I,_,P,R,O,\,S,p,e,e,c,h,T,o,T,e,x,t,T,e,n,s,o,r,f,l,o,w,\,d,a,t,a,\,L,J,S,p,e,e,c,h,-,1,.,1,\,w,a,v,s,\,L,J,0,0,2,-,0,1,5,2,.,w,a,v
C,:,\,U,s,e,r,s,\,l,e,n,m,o,\,D,e,s,k,t,o,p,\,P,e,r,s,o,n,a,l,-,P,r,o,j,e,c,t,s,\,A,I,_,P,R,O,\,S,p,e,e,c,h,T,o,T,e,x,t,T,e,n,s,o,r,f,l,o,w,\,d,a,t,a,\,L,J,S,p,e,e,c,h,-,1,.,1,\,w,a,v,s,\,L,J,0,0,2,-,0,1,5,3,.,w,a,v
C,:,\,U,s,e,r,s,\,l,e,n,m,o,\,D,e,s,k,t,o,p,\,P,e,r,s,o,n,a,l,-,P,r,o,j,e,c,t,s,\,A,I,_,P,R,O,\,S,p,e,e,c,h,T,o,T,e,x,t,T,e,n,s,o,r,f,l,o,w,\,d,a,t,a,\,L,J,S,p,e,e,c,h,-,1,.,1,\,w,a,v,s,\,L,J,0,0,2,-,0,1,5,4,.,w,a,v
C,:,\,U,s,e,r,s,\,l,e,n,m,o,\,D,e,s,k,t,o,p,\,P,e,r,s,o,n,a,l,-,P,r,o,j,e,c,t,s,\,A,I,_,P,R,O,\,S,p,e,e,c,h,T,o,T,e,x,t,T,e,n,s,o,r,f,l,o,w,\,d,a,t,a,\,L,J,S,p,e,e,c,h,-,1,.,1,\,w,a,v,s,\,L,J,0,0,2,-,0,1,5,5,.,w,a,v
C,:,\,U,s,e,r,s,\,l,e,n,m,o,\,D,e,s,k,t,o,p,\,P,e,r,s,o,n,a,l,-,P,r,o,j,e,c,t,s,\,A,I,_,P,R,O,\,S,p,e,e,c,h,T,o,T,e,x,t,T,e,n,s,o,r,f,l,o,w,\,d,a,t,a,\,L,J,S,p,e,e,c,h,-,1,.,1,\,w,a,v,s,\,L,J,0,0,2,-,0,1,5,6,.,w,a,v
C,:,\,U,s,e,r,s,\,l,e,n,m,o,\,D,e,s,k,t,o,p,\,P,e,r,s,o,n,a,l,-,P,r,o,j,e,c,t,s,\,A,I,_,P,R,O,\,S,p,e,e,c,h,T,o,T,e,x,t,T,e,n,s,o,r,f,l,o,w,\,d,a,t,a,\,L,J,S,p,e,e,c,h,-,1,.,1,\,w,a,v,s,\,L,J,0,0,2,-,0,1,5,7,.,w,a,v
C,:,\,U,s,e,r,s,\,l,e,n,m,o,\,D,e,s,k,t,o,p,\,P,e,r,s,o,n,a,l,-,P,r,o,j,e,c,t,s,\,A,I,_,P,R,O,\,S,p,e,e,c,h,T,o,T,e,x,t,T,e,n,s,o,r,f,l,o,w,\,d,a,t,a,\,L,J,S,p,e,e,c,h,-,1,.,1,\,w,a,v,s,\,L,J,0,0,2,-,0,1,5,8,.,w,a,v
C,:,\,U,s,e,r,s,\,l,e,n,m,o,\,D,e,s,k,t,o,p,\,P,e,r,s,o,n,a,l,-,P,r,o,j,e,c,t,s,\,A,I,_,P,R,O,\,S,p,e,e,c,h,T,o,T,e,x,t,T,e,n,s,o,r,f,l,o,w,\,d,a,t,a,\,L,J,S,p,e,e,c,h,-,1,.,1,\,w,a,v,s,\,L,J,0,0,2,-,0,1,5,9,.,w,a,v
C,:,\,U,s,e,r,s,\,l,e,n,m,o,\,D,e,s,k,t,o,p,\,P,e,r,s,o,n,a,l,-,P,r,o,j,e,c,t,s,\,A,I,_,P,R,O,\,S,p,e,e,c,h,T,o,T,e,x,t,T,e,n,s,o,r,f,l,o,w,\,d,a,t,a,\,L,J,S,p,e,e,c,h,-,1,.,1,\,w,a,v,s,\,L,J,0,0,2,-,0,1,6,0,.,w,a,v
C,:,\,U,s,e,r,s,\,l,e,n,m,o,\,D,e,s,k,t,o,p,\,P,e,r,s,o,n,a,l,-,P,r,o,j,e,c,t,s,\,A,I,_,P,R,O,\,S,p,e,e,c,h,T,o,T,e,x,t,T,e,n,s,o,r,f,l,o,w,\,d,a,t,a,\,L,J,S,p,e,e,c,h,-,1,.,1,\,w,a,v,s,\,L,J,0,0,2,-,0,1,6,1,.,w,a,v
C,:,\,U,s,e,r,s,\,l,e,n,m,o,\,D,e,s,k,t,o,p,\,P,e,r,s,o,n,a,l,-,P,r,o,j,e,c,t,s,\,A,I,_,P,R,O,\,S,p,e,e,c,h,T,o,T,e,x,t,T,e,n,s,o,r,f,l,o,w,\,d,a,t,a,\,L,J,S,p,e,e,c,h,-,1,.,1,\,w,a,v,s,\,L,J,0,0,2,-,0,1,6,2,.,w,a,v
C,:,\,U,s,e,r,s,\,l,e,n,m,o,\,D,e,s,k,t,o,p,\,P,e,r,s,o,n,a,l,-,P,r,o,j,e,c,t,s,\,A,I,_,P,R,O,\,S,p,e,e,c,h,T,o,T,e,x,t,T,e,n,s,o,r,f,l,o,w,\,d,a,t,a,\,L,J,S,p,e,e,c,h,-,1,.,1,\,w,a,v,s,\,L,J,0,0,2,-,0,1,6,3,.,w,a,v
C,:,\,U,s,e,r,s,\,l,e,n,m,o,\,D,e,s,k,t,o,p,\,P,e,r,s,o,n,a,l,-,P,r,o,j,e,c,t,s,\,A,I,_,P,R,O,\,S,p,e,e,c,h,T,o,T,e,x,t,T,e,n,s,o,r,f,l,o,w,\,d,a,t,a,\,L,J,S,p,e,e,c,h,-,1,.,1,\,w,a,v,s,\,L,J,0,0,2,-,0,1,6,4,.,w,a,v
C,:,\,U,s,e,r,s,\,l,e,n,m,o,\,D,e,s,k,t,o,p,\,P,e,r,s,o,n,a,l,-,P,r,o,j,e,c,t,s,\,A,I,_,P,R,O,\,S,p,e,e,c,h,T,o,T,e,x,t,T,e,n,s,o,r,f,l,o,w,\,d,a,t,a,\,L,J,S,p,e,e,c,h,-,1,.,1,\,w,a,v,s,\,L,J,0,0,2,-,0,1,6,5,.,w,a,v
C,:,\,U,s,e,r,s,\,l,e,n,m,o,\,D,e,s,k,t,o,p,\,P,e,r,s,o,n,a,l,-,P,r,o,j,e,c,t,s,\,A,I,_,P,R,O,\,S,p,e,e,c,h,T,o,T,e,x,t,T,e,n,s,o,r,f,l,o,w,\,d,a,t,a,\,L,J,S,p,e,e,c,h,-,1,.,1,\,w,a,v,s,\,L,J,0,0,2,-,0,1,6,6,.,w,a,v
C,:,\,U,s,e,r,s,\,l,e,n,m,o,\,D,e,s,k,t,o,p,\,P,e,r,s,o,n,a,l,-,P,r,o,j,e,c,t,s,\,A,I,_,P,R,O,\,S,p,e,e,c,h,T,o,T,e,x,t,T,e,n,s,o,r,f,l,o,w,\,d,a,t,a,\,L,J,S,p,e,e,c,h,-,1,.,1,\,w,a,v,s,\,L,J,0,0,2,-,0,1,6,7,.,w,a,v
C,:,\,U,s,e,r,s,\,l,e,n,m,o,\,D,e,s,k,t,o,p,\,P,e,r,s,o,n,a,l,-,P,r,o,j,e,c,t,s,\,A,I,_,P,R,O,\,S,p,e,e,c,h,T,o,T,e,x,t,T,e,n,s,o,r,f,l,o,w,\,d,a,t,a,\,L,J,S,p,e,e,c,h,-,1,.,1,\,w,a,v,s,\,L,J,0,0,2,-,0,1,6,8,.,w,a,v
C,:,\,U,s,e,r,s,\,l,e,n,m,o,\,D,e,s,k,t,o,p,\,P,e,r,s,o,n,a,l,-,P,r,o,j,e,c,t,s,\,A,I,_,P,R,O,\,S,p,e,e,c,h,T,o,T,e,x,t,T,e,n,s,o,r,f,l,o,w,\,d,a,t,a,\,L,J,S,p,e,e,c,h,-,1,.,1,\,w,a,v,s,\,L,J,0,0,2,-,0,1,6,9,.,w,a,v
C,:,\,U,s,e,r,s,\,l,e,n,m,o,\,D,e,s,k,t,o,p,\,P,e,r,s,o,n,a,l,-,P,r,o,j,e,c,t,s,\,A,I,_,P,R,O,\,S,p,e,e,c,h,T,o,T,e,x,t,T,e,n,s,o,r,f,l,o,w,\,d,a,t,a,\,L,J,S,p,e,e,c,h,-,1,.,1,\,w,a,v,s,\,L,J,0,0,2,-,0,1,7,0,.,w,a,v
C,:,\,U,s,e,r,s,\,l,e,n,m,o,\,D,e,s,k,t,o,p,\,P,e,r,s,o,n,a,l,-,P,r,o,j,e,c,t,s,\,A,I,_,P,R,O,\,S,p,e,e,c,h,T,o,T,e,x,t,T,e,n,s,o,r,f,l,o,w,\,d,a,t,a,\,L,J,S,p,e,e,c,h,-,1,.,1,\,w,a,v,s,\,L,J,0,0,2,-,0,1,7,1,.,w,a,v
C,:,\,U,s,e,r,s,\,l,e,n,m,o,\,D,e,s,k,t,o,p,\,P,e,r,s,o,n,a,l,-,P,r,o,j,e,c,t,s,\,A,I,_,P,R,O,\,S,p,e,e,c,h,T,o,T,e,x,t,T,e,n,s,o,r,f,l,o,w,\,d,a,t,a,\,L,J,S,p,e,e,c,h,-,1,.,1,\,w,a,v,s,\,L,J,0,0,2,-,0,1,7,2,.,w,a,v
C,:,\,U,s,e,r,s,\,l,e,n,m,o,\,D,e,s,k,t,o,p,\,P,e,r,s,o,n,a,l,-,P,r,o,j,e,c,t,s,\,A,I,_,P,R,O,\,S,p,e,e,c,h,T,o,T,e,x,t,T,e,n,s,o,r,f,l,o,w,\,d,a,t,a,\,L,J,S,p,e,e,c,h,-,1,.,1,\,w,a,v,s,\,L,J,0,0,2,-,0,1,7,3,.,w,a,v
C,:,\,U,s,e,r,s,\,l,e,n,m,o,\,D,e,s,k,t,o,p,\,P,e,r,s,o,n,a,l,-,P,r,o,j,e,c,t,s,\,A,I,_,P,R,O,\,S,p,e,e,c,h,T,o,T,e,x,t,T,e,n,s,o,r,f,l,o,w,\,d,a,t,a,\,L,J,S,p,e,e,c,h,-,1,.,1,\,w,a,v,s,\,L,J,0,0,2,-,0,1,7,4,.,w,a,v
C,:,\,U,s,e,r,s,\,l,e,n,m,o,\,D,e,s,k,t,o,p,\,P,e,r,s,o,n,a,l,-,P,r,o,j,e,c,t,s,\,A,I,_,P,R,O,\,S,p,e,e,c,h,T,o,T,e,x,t,T,e,n,s,o,r,f,l,o,w,\,d,a,t,a,\,L,J,S,p,e,e,c,h,-,1,.,1,\,w,a,v,s,\,L,J,0,0,2,-,0,1,7,5,.,w,a,v
C,:,\,U,s,e,r,s,\,l,e,n,m,o,\,D,e,s,k,t,o,p,\,P,e,r,s,o,n,a,l,-,P,r,o,j,e,c,t,s,\,A,I,_,P,R,O,\,S,p,e,e,c,h,T,o,T,e,x,t,T,e,n,s,o,r,f,l,o,w,\,d,a,t,a,\,L,J,S,p,e,e,c,h,-,1,.,1,\,w,a,v,s,\,L,J,0,0,2,-,0,1,7,6,.,w,a,v
C,:,\,U,s,e,r,s,\,l,e,n,m,o,\,D,e,s,k,t,o,p,\,P,e,r,s,o,n,a,l,-,P,r,o,j,e,c,t,s,\,A,I,_,P,R,O,\,S,p,e,e,c,h,T,o,T,e,x,t,T,e,n,s,o,r,f,l,o,w,\,d,a,t,a,\,L,J,S,p,e,e,c,h,-,1,.,1,\,w,a,v,s,\,L,J,0,0,2,-,0,1,7,7,.,w,a,v
C,:,\,U,s,e,r,s,\,l,e,n,m,o,\,D,e,s,k,t,o,p,\,P,e,r,s,o,n,a,l,-,P,r,o,j,e,c,t,s,\,A,I,_,P,R,O,\,S,p,e,e,c,h,T,o,T,e,x,t,T,e,n,s,o,r,f,l,o,w,\,d,a,t,a,\,L,J,S,p,e,e,c,h,-,1,.,1,\,w,a,v,s,\,L,J,0,0,2,-,0,1,7,8,.,w,a,v
C,:,\,U,s,e,r,s,\,l,e,n,m,o,\,D,e,s,k,t,o,p,\,P,e,r,s,o,n,a,l,-,P,r,o,j,e,c,t,s,\,A,I,_,P,R,O,\,S,p,e,e,c,h,T,o,T,e,x,t,T,e,n,s,o,r,f,l,o,w,\,d,a,t,a,\,L,J,S,p,e,e,c,h,-,1,.,1,\,w,a,v,s,\,L,J,0,0,2,-,0,1,7,9,.,w,a,v
C,:,\,U,s,e,r,s,\,l,e,n,m,o,\,D,e,s,k,t,o,p,\,P,e,r,s,o,n,a,l,-,P,r,o,j,e,c,t,s,\,A,I,_,P,R,O,\,S,p,e,e,c,h,T,o,T,e,x,t,T,e,n,s,o,r,f,l,o,w,\,d,a,t,a,\,L,J,S,p,e,e,c,h,-,1,.,1,\,w,a,v,s,\,L,J,0,0,2,-,0,1,8,0,.,w,a,v
C,:,\,U,s,e,r,s,\,l,e,n,m,o,\,D,e,s,k,t,o,p,\,P,e,r,s,o,n,a,l,-,P,r,o,j,e,c,t,s,\,A,I,_,P,R,O,\,S,p,e,e,c,h,T,o,T,e,x,t,T,e,n,s,o,r,f,l,o,w,\,d,a,t,a,\,L,J,S,p,e,e,c,h,-,1,.,1,\,w,a,v,s,\,L,J,0,0,2,-,0,1,8,1,.,w,a,v
C,:,\,U,s,e,r,s,\,l,e,n,m,o,\,D,e,s,k,t,o,p,\,P,e,r,s,o,n,a,l,-,P,r,o,j,e,c,t,s,\,A,I,_,P,R,O,\,S,p,e,e,c,h,T,o,T,e,x,t,T,e,n,s,o,r,f,l,o,w,\,d,a,t,a,\,L,J,S,p,e,e,c,h,-,1,.,1,\,w,a,v,s,\,L,J,0,0,2,-,0,1,8,2,.,w,a,v
C,:,\,U,s,e,r,s,\,l,e,n,m,o,\,D,e,s,k,t,o,p,\,P,e,r,s,o,n,a,l,-,P,r,o,j,e,c,t,s,\,A,I,_,P,R,O,\,S,p,e,e,c,h,T,o,T,e,x,t,T,e,n,s,o,r,f,l,o,w,\,d,a,t,a,\,L,J,S,p,e,e,c,h,-,1,.,1,\,w,a,v,s,\,L,J,0,0,2,-,0,1,8,3,.,w,a,v
C,:,\,U,s,e,r,s,\,l,e,n,m,o,\,D,e,s,k,t,o,p,\,P,e,r,s,o,n,a,l,-,P,r,o,j,e,c,t,s,\,A,I,_,P,R,O,\,S,p,e,e,c,h,T,o,T,e,x,t,T,e,n,s,o,r,f,l,o,w,\,d,a,t,a,\,L,J,S,p,e,e,c,h,-,1,.,1,\,w,a,v,s,\,L,J,0,0,2,-,0,1,8,4,.,w,a,v
C,:,\,U,s,e,r,s,\,l,e,n,m,o,\,D,e,s,k,t,o,p,\,P,e,r,s,o,n,a,l,-,P,r,o,j,e,c,t,s,\,A,I,_,P,R,O,\,S,p,e,e,c,h,T,o,T,e,x,t,T,e,n,s,o,r,f,l,o,w,\,d,a,t,a,\,L,J,S,p,e,e,c,h,-,1,.,1,\,w,a,v,s,\,L,J,0,0,2,-,0,1,8,5,.,w,a,v
C,:,\,U,s,e,r,s,\,l,e,n,m,o,\,D,e,s,k,t,o,p,\,P,e,r,s,o,n,a,l,-,P,r,o,j,e,c,t,s,\,A,I,_,P,R,O,\,S,p,e,e,c,h,T,o,T,e,x,t,T,e,n,s,o,r,f,l,o,w,\,d,a,t,a,\,L,J,S,p,e,e,c,h,-,1,.,1,\,w,a,v,s,\,L,J,0,0,2,-,0,1,8,6,.,w,a,v
C,:,\,U,s,e,r,s,\,l,e,n,m,o,\,D,e,s,k,t,o,p,\,P,e,r,s,o,n,a,l,-,P,r,o,j,e,c,t,s,\,A,I,_,P,R,O,\,S,p,e,e,c,h,T,o,T,e,x,t,T,e,n,s,o,r,f,l,o,w,\,d,a,t,a,\,L,J,S,p,e,e,c,h,-,1,.,1,\,w,a,v,s,\,L,J,0,0,2,-,0,1,8,7,.,w,a,v
C,:,\,U,s,e,r,s,\,l,e,n,m,o,\,D,e,s,k,t,o,p,\,P,e,r,s,o,n,a,l,-,P,r,o,j,e,c,t,s,\,A,I,_,P,R,O,\,S,p,e,e,c,h,T,o,T,e,x,t,T,e,n,s,o,r,f,l,o,w,\,d,a,t,a,\,L,J,S,p,e,e,c,h,-,1,.,1,\,w,a,v,s,\,L,J,0,0,2,-,0,1,8,8,.,w,a,v
C,:,\,U,s,e,r,s,\,l,e,n,m,o,\,D,e,s,k,t,o,p,\,P,e,r,s,o,n,a,l,-,P,r,o,j,e,c,t,s,\,A,I,_,P,R,O,\,S,p,e,e,c,h,T,o,T,e,x,t,T,e,n,s,o,r,f,l,o,w,\,d,a,t,a,\,L,J,S,p,e,e,c,h,-,1,.,1,\,w,a,v,s,\,L,J,0,0,2,-,0,1,8,9,.,w,a,v
C,:,\,U,s,e,r,s,\,l,e,n,m,o,\,D,e,s,k,t,o,p,\,P,e,r,s,o,n,a,l,-,P,r,o,j,e,c,t,s,\,A,I,_,P,R,O,\,S,p,e,e,c,h,T,o,T,e,x,t,T,e,n,s,o,r,f,l,o,w,\,d,a,t,a,\,L,J,S,p,e,e,c,h,-,1,.,1,\,w,a,v,s,\,L,J,0,0,2,-,0,1,9,0,.,w,a,v
C,:,\,U,s,e,r,s,\,l,e,n,m,o,\,D,e,s,k,t,o,p,\,P,e,r,s,o,n,a,l,-,P,r,o,j,e,c,t,s,\,A,I,_,P,R,O,\,S,p,e,e,c,h,T,o,T,e,x,t,T,e,n,s,o,r,f,l,o,w,\,d,a,t,a,\,L,J,S,p,e,e,c,h,-,1,.,1,\,w,a,v,s,\,L,J,0,0,2,-,0,1,9,1,.,w,a,v
C,:,\,U,s,e,r,s,\,l,e,n,m,o,\,D,e,s,k,t,o,p,\,P,e,r,s,o,n,a,l,-,P,r,o,j,e,c,t,s,\,A,I,_,P,R,O,\,S,p,e,e,c,h,T,o,T,e,x,t,T,e,n,s,o,r,f,l,o,w,\,d,a,t,a,\,L,J,S,p,e,e,c,h,-,1,.,1,\,w,a,v,s,\,L,J,0,0,2,-,0,1,9,2,.,w,a,v
C,:,\,U,s,e,r,s,\,l,e,n,m,o,\,D,e,s,k,t,o,p,\,P,e,r,s,o,n,a,l,-,P,r,o,j,e,c,t,s,\,A,I,_,P,R,O,\,S,p,e,e,c,h,T,o,T,e,x,t,T,e,n,s,o,r,f,l,o,w,\,d,a,t,a,\,L,J,S,p,e,e,c,h,-,1,.,1,\,w,a,v,s,\,L,J,0,0,2,-,0,1,9,3,.,w,a,v
C,:,\,U,s,e,r,s,\,l,e,n,m,o,\,D,e,s,k,t,o,p,\,P,e,r,s,o,n,a,l,-,P,r,o,j,e,c,t,s,\,A,I,_,P,R,O,\,S,p,e,e,c,h,T,o,T,e,x,t,T,e,n,s,o,r,f,l,o,w,\,d,a,t,a,\,L,J,S,p,e,e,c,h,-,1,.,1,\,w,a,v,s,\,L,J,0,0,2,-,0,1,9,4,.,w,a,v
C,:,\,U,s,e,r,s,\,l,e,n,m,o,\,D,e,s,k,t,o,p,\,P,e,r,s,o,n,a,l,-,P,r,o,j,e,c,t,s,\,A,I,_,P,R,O,\,S,p,e,e,c,h,T,o,T,e,x,t,T,e,n,s,o,r,f,l,o,w,\,d,a,t,a,\,L,J,S,p,e,e,c,h,-,1,.,1,\,w,a,v,s,\,L,J,0,0,2,-,0,1,9,5,.,w,a,v
C,:,\,U,s,e,r,s,\,l,e,n,m,o,\,D,e,s,k,t,o,p,\,P,e,r,s,o,n,a,l,-,P,r,o,j,e,c,t,s,\,A,I,_,P,R,O,\,S,p,e,e,c,h,T,o,T,e,x,t,T,e,n,s,o,r,f,l,o,w,\,d,a,t,a,\,L,J,S,p,e,e,c,h,-,1,.,1,\,w,a,v,s,\,L,J,0,0,2,-,0,1,9,6,.,w,a,v
C,:,\,U,s,e,r,s,\,l,e,n,m,o,\,D,e,s,k,t,o,p,\,P,e,r,s,o,n,a,l,-,P,r,o,j,e,c,t,s,\,A,I,_,P,R,O,\,S,p,e,e,c,h,T,o,T,e,x,t,T,e,n,s,o,r,f,l,o,w,\,d,a,t,a,\,L,J,S,p,e,e,c,h,-,1,.,1,\,w,a,v,s,\,L,J,0,0,2,-,0,1,9,7,.,w,a,v
C,:,\,U,s,e,r,s,\,l,e,n,m,o,\,D,e,s,k,t,o,p,\,P,e,r,s,o,n,a,l,-,P,r,o,j,e,c,t,s,\,A,I,_,P,R,O,\,S,p,e,e,c,h,T,o,T,e,x,t,T,e,n,s,o,r,f,l,o,w,\,d,a,t,a,\,L,J,S,p,e,e,c,h,-,1,.,1,\,w,a,v,s,\,L,J,0,0,2,-,0,1,9,8,.,w,a,v
C,:,\,U,s,e,r,s,\,l,e,n,m,o,\,D,e,s,k,t,o,p,\,P,e,r,s,o,n,a,l,-,P,r,o,j,e,c,t,s,\,A,I,_,P,R,O,\,S,p,e,e,c,h,T,o,T,e,x,t,T,e,n,s,o,r,f,l,o,w,\,d,a,t,a,\,L,J,S,p,e,e,c,h,-,1,.,1,\,w,a,v,s,\,L,J,0,0,2,-,0,1,9,9,.,w,a,v
C,:,\,U,s,e,r,s,\,l,e,n,m,o,\,D,e,s,k,t,o,p,\,P,e,r,s,o,n,a,l,-,P,r,o,j,e,c,t,s,\,A,I,_,P,R,O,\,S,p,e,e,c,h,T,o,T,e,x,t,T,e,n,s,o,r,f,l,o,w,\,d,a,t,a,\,L,J,S,p,e,e,c,h,-,1,.,1,\,w,a,v,s,\,L,J,0,0,2,-,0,2,0,0,.,w,a,v
C,:,\,U,s,e,r,s,\,l,e,n,m,o,\,D,e,s,k,t,o,p,\,P,e,r,s,o,n,a,l,-,P,r,o,j,e,c,t,s,\,A,I,_,P,R,O,\,S,p,e,e,c,h,T,o,T,e,x,t,T,e,n,s,o,r,f,l,o,w,\,d,a,t,a,\,L,J,S,p,e,e,c,h,-,1,.,1,\,w,a,v,s,\,L,J,0,0,2,-,0,2,0,1,.,w,a,v
C,:,\,U,s,e,r,s,\,l,e,n,m,o,\,D,e,s,k,t,o,p,\,P,e,r,s,o,n,a,l,-,P,r,o,j,e,c,t,s,\,A,I,_,P,R,O,\,S,p,e,e,c,h,T,o,T,e,x,t,T,e,n,s,o,r,f,l,o,w,\,d,a,t,a,\,L,J,S,p,e,e,c,h,-,1,.,1,\,w,a,v,s,\,L,J,0,0,2,-,0,2,0,2,.,w,a,v
C,:,\,U,s,e,r,s,\,l,e,n,m,o,\,D,e,s,k,t,o,p,\,P,e,r,s,o,n,a,l,-,P,r,o,j,e,c,t,s,\,A,I,_,P,R,O,\,S,p,e,e,c,h,T,o,T,e,x,t,T,e,n,s,o,r,f,l,o,w,\,d,a,t,a,\,L,J,S,p,e,e,c,h,-,1,.,1,\,w,a,v,s,\,L,J,0,0,2,-,0,2,0,3,.,w,a,v
C,:,\,U,s,e,r,s,\,l,e,n,m,o,\,D,e,s,k,t,o,p,\,P,e,r,s,o,n,a,l,-,P,r,o,j,e,c,t,s,\,A,I,_,P,R,O,\,S,p,e,e,c,h,T,o,T,e,x,t,T,e,n,s,o,r,f,l,o,w,\,d,a,t,a,\,L,J,S,p,e,e,c,h,-,1,.,1,\,w,a,v,s,\,L,J,0,0,2,-,0,2,0,4,.,w,a,v
C,:,\,U,s,e,r,s,\,l,e,n,m,o,\,D,e,s,k,t,o,p,\,P,e,r,s,o,n,a,l,-,P,r,o,j,e,c,t,s,\,A,I,_,P,R,O,\,S,p,e,e,c,h,T,o,T,e,x,t,T,e,n,s,o,r,f,l,o,w,\,d,a,t,a,\,L,J,S,p,e,e,c,h,-,1,.,1,\,w,a,v,s,\,L,J,0,0,2,-,0,2,0,5,.,w,a,v
C,:,\,U,s,e,r,s,\,l,e,n,m,o,\,D,e,s,k,t,o,p,\,P,e,r,s,o,n,a,l,-,P,r,o,j,e,c,t,s,\,A,I,_,P,R,O,\,S,p,e,e,c,h,T,o,T,e,x,t,T,e,n,s,o,r,f,l,o,w,\,d,a,t,a,\,L,J,S,p,e,e,c,h,-,1,.,1,\,w,a,v,s,\,L,J,0,0,2,-,0,2,0,6,.,w,a,v
C,:,\,U,s,e,r,s,\,l,e,n,m,o,\,D,e,s,k,t,o,p,\,P,e,r,s,o,n,a,l,-,P,r,o,j,e,c,t,s,\,A,I,_,P,R,O,\,S,p,e,e,c,h,T,o,T,e,x,t,T,e,n,s,o,r,f,l,o,w,\,d,a,t,a,\,L,J,S,p,e,e,c,h,-,1,.,1,\,w,a,v,s,\,L,J,0,0,2,-,0,2,0,7,.,w,a,v
C,:,\,U,s,e,r,s,\,l,e,n,m,o,\,D,e,s,k,t,o,p,\,P,e,r,s,o,n,a,l,-,P,r,o,j,e,c,t,s,\,A,I,_,P,R,O,\,S,p,e,e,c,h,T,o,T,e,x,t,T,e,n,s,o,r,f,l,o,w,\,d,a,t,a,\,L,J,S,p,e,e,c,h,-,1,.,1,\,w,a,v,s,\,L,J,0,0,2,-,0,2,0,8,.,w,a,v
C,:,\,U,s,e,r,s,\,l,e,n,m,o,\,D,e,s,k,t,o,p,\,P,e,r,s,o,n,a,l,-,P,r,o,j,e,c,t,s,\,A,I,_,P,R,O,\,S,p,e,e,c,h,T,o,T,e,x,t,T,e,n,s,o,r,f,l,o,w,\,d,a,t,a,\,L,J,S,p,e,e,c,h,-,1,.,1,\,w,a,v,s,\,L,J,0,0,2,-,0,2,0,9,.,w,a,v
C,:,\,U,s,e,r,s,\,l,e,n,m,o,\,D,e,s,k,t,o,p,\,P,e,r,s,o,n,a,l,-,P,r,o,j,e,c,t,s,\,A,I,_,P,R,O,\,S,p,e,e,c,h,T,o,T,e,x,t,T,e,n,s,o,r,f,l,o,w,\,d,a,t,a,\,L,J,S,p,e,e,c,h,-,1,.,1,\,w,a,v,s,\,L,J,0,0,2,-,0,2,1,0,.,w,a,v
C,:,\,U,s,e,r,s,\,l,e,n,m,o,\,D,e,s,k,t,o,p,\,P,e,r,s,o,n,a,l,-,P,r,o,j,e,c,t,s,\,A,I,_,P,R,O,\,S,p,e,e,c,h,T,o,T,e,x,t,T,e,n,s,o,r,f,l,o,w,\,d,a,t,a,\,L,J,S,p,e,e,c,h,-,1,.,1,\,w,a,v,s,\,L,J,0,0,2,-,0,2,1,1,.,w,a,v
C,:,\,U,s,e,r,s,\,l,e,n,m,o,\,D,e,s,k,t,o,p,\,P,e,r,s,o,n,a,l,-,P,r,o,j,e,c,t,s,\,A,I,_,P,R,O,\,S,p,e,e,c,h,T,o,T,e,x,t,T,e,n,s,o,r,f,l,o,w,\,d,a,t,a,\,L,J,S,p,e,e,c,h,-,1,.,1,\,w,a,v,s,\,L,J,0,0,2,-,0,2,1,2,.,w,a,v
C,:,\,U,s,e,r,s,\,l,e,n,m,o,\,D,e,s,k,t,o,p,\,P,e,r,s,o,n,a,l,-,P,r,o,j,e,c,t,s,\,A,I,_,P,R,O,\,S,p,e,e,c,h,T,o,T,e,x,t,T,e,n,s,o,r,f,l,o,w,\,d,a,t,a,\,L,J,S,p,e,e,c,h,-,1,.,1,\,w,a,v,s,\,L,J,0,0,2,-,0,2,1,3,.,w,a,v
C,:,\,U,s,e,r,s,\,l,e,n,m,o,\,D,e,s,k,t,o,p,\,P,e,r,s,o,n,a,l,-,P,r,o,j,e,c,t,s,\,A,I,_,P,R,O,\,S,p,e,e,c,h,T,o,T,e,x,t,T,e,n,s,o,r,f,l,o,w,\,d,a,t,a,\,L,J,S,p,e,e,c,h,-,1,.,1,\,w,a,v,s,\,L,J,0,0,2,-,0,2,1,4,.,w,a,v
C,:,\,U,s,e,r,s,\,l,e,n,m,o,\,D,e,s,k,t,o,p,\,P,e,r,s,o,n,a,l,-,P,r,o,j,e,c,t,s,\,A,I,_,P,R,O,\,S,p,e,e,c,h,T,o,T,e,x,t,T,e,n,s,o,r,f,l,o,w,\,d,a,t,a,\,L,J,S,p,e,e,c,h,-,1,.,1,\,w,a,v,s,\,L,J,0,0,2,-,0,2,1,5,.,w,a,v
C,:,\,U,s,e,r,s,\,l,e,n,m,o,\,D,e,s,k,t,o,p,\,P,e,r,s,o,n,a,l,-,P,r,o,j,e,c,t,s,\,A,I,_,P,R,O,\,S,p,e,e,c,h,T,o,T,e,x,t,T,e,n,s,o,r,f,l,o,w,\,d,a,t,a,\,L,J,S,p,e,e,c,h,-,1,.,1,\,w,a,v,s,\,L,J,0,0,2,-,0,2,1,6,.,w,a,v
C,:,\,U,s,e,r,s,\,l,e,n,m,o,\,D,e,s,k,t,o,p,\,P,e,r,s,o,n,a,l,-,P,r,o,j,e,c,t,s,\,A,I,_,P,R,O,\,S,p,e,e,c,h,T,o,T,e,x,t,T,e,n,s,o,r,f,l,o,w,\,d,a,t,a,\,L,J,S,p,e,e,c,h,-,1,.,1,\,w,a,v,s,\,L,J,0,0,2,-,0,2,1,7,.,w,a,v
C,:,\,U,s,e,r,s,\,l,e,n,m,o,\,D,e,s,k,t,o,p,\,P,e,r,s,o,n,a,l,-,P,r,o,j,e,c,t,s,\,A,I,_,P,R,O,\,S,p,e,e,c,h,T,o,T,e,x,t,T,e,n,s,o,r,f,l,o,w,\,d,a,t,a,\,L,J,S,p,e,e,c,h,-,1,.,1,\,w,a,v,s,\,L,J,0,0,2,-,0,2,1,8,.,w,a,v
C,:,\,U,s,e,r,s,\,l,e,n,m,o,\,D,e,s,k,t,o,p,\,P,e,r,s,o,n,a,l,-,P,r,o,j,e,c,t,s,\,A,I,_,P,R,O,\,S,p,e,e,c,h,T,o,T,e,x,t,T,e,n,s,o,r,f,l,o,w,\,d,a,t,a,\,L,J,S,p,e,e,c,h,-,1,.,1,\,w,a,v,s,\,L,J,0,0,2,-,0,2,1,9,.,w,a,v
C,:,\,U,s,e,r,s,\,l,e,n,m,o,\,D,e,s,k,t,o,p,\,P,e,r,s,o,n,a,l,-,P,r,o,j,e,c,t,s,\,A,I,_,P,R,O,\,S,p,e,e,c,h,T,o,T,e,x,t,T,e,n,s,o,r,f,l,o,w,\,d,a,t,a,\,L,J,S,p,e,e,c,h,-,1,.,1,\,w,a,v,s,\,L,J,0,0,2,-,0,2,2,0,.,w,a,v
C,:,\,U,s,e,r,s,\,l,e,n,m,o,\,D,e,s,k,t,o,p,\,P,e,r,s,o,n,a,l,-,P,r,o,j,e,c,t,s,\,A,I,_,P,R,O,\,S,p,e,e,c,h,T,o,T,e,x,t,T,e,n,s,o,r,f,l,o,w,\,d,a,t,a,\,L,J,S,p,e,e,c,h,-,1,.,1,\,w,a,v,s,\,L,J,0,0,2,-,0,2,2,1,.,w,a,v
C,:,\,U,s,e,r,s,\,l,e,n,m,o,\,D,e,s,k,t,o,p,\,P,e,r,s,o,n,a,l,-,P,r,o,j,e,c,t,s,\,A,I,_,P,R,O,\,S,p,e,e,c,h,T,o,T,e,x,t,T,e,n,s,o,r,f,l,o,w,\,d,a,t,a,\,L,J,S,p,e,e,c,h,-,1,.,1,\,w,a,v,s,\,L,J,0,0,2,-,0,2,2,2,.,w,a,v
C,:,\,U,s,e,r,s,\,l,e,n,m,o,\,D,e,s,k,t,o,p,\,P,e,r,s,o,n,a,l,-,P,r,o,j,e,c,t,s,\,A,I,_,P,R,O,\,S,p,e,e,c,h,T,o,T,e,x,t,T,e,n,s,o,r,f,l,o,w,\,d,a,t,a,\,L,J,S,p,e,e,c,h,-,1,.,1,\,w,a,v,s,\,L,J,0,0,2,-,0,2,2,3,.,w,a,v
C,:,\,U,s,e,r,s,\,l,e,n,m,o,\,D,e,s,k,t,o,p,\,P,e,r,s,o,n,a,l,-,P,r,o,j,e,c,t,s,\,A,I,_,P,R,O,\,S,p,e,e,c,h,T,o,T,e,x,t,T,e,n,s,o,r,f,l,o,w,\,d,a,t,a,\,L,J,S,p,e,e,c,h,-,1,.,1,\,w,a,v,s,\,L,J,0,0,2,-,0,2,2,4,.,w,a,v
C,:,\,U,s,e,r,s,\,l,e,n,m,o,\,D,e,s,k,t,o,p,\,P,e,r,s,o,n,a,l,-,P,r,o,j,e,c,t,s,\,A,I,_,P,R,O,\,S,p,e,e,c,h,T,o,T,e,x,t,T,e,n,s,o,r,f,l,o,w,\,d,a,t,a,\,L,J,S,p,e,e,c,h,-,1,.,1,\,w,a,v,s,\,L,J,0,0,2,-,0,2,2,5,.,w,a,v
C,:,\,U,s,e,r,s,\,l,e,n,m,o,\,D,e,s,k,t,o,p,\,P,e,r,s,o,n,a,l,-,P,r,o,j,e,c,t,s,\,A,I,_,P,R,O,\,S,p,e,e,c,h,T,o,T,e,x,t,T,e,n,s,o,r,f,l,o,w,\,d,a,t,a,\,L,J,S,p,e,e,c,h,-,1,.,1,\,w,a,v,s,\,L,J,0,0,2,-,0,2,2,6,.,w,a,v
C,:,\,U,s,e,r,s,\,l,e,n,m,o,\,D,e,s,k,t,o,p,\,P,e,r,s,o,n,a,l,-,P,r,o,j,e,c,t,s,\,A,I,_,P,R,O,\,S,p,e,e,c,h,T,o,T,e,x,t,T,e,n,s,o,r,f,l,o,w,\,d,a,t,a,\,L,J,S,p,e,e,c,h,-,1,.,1,\,w,a,v,s,\,L,J,0,0,2,-,0,2,2,7,.,w,a,v
C,:,\,U,s,e,r,s,\,l,e,n,m,o,\,D,e,s,k,t,o,p,\,P,e,r,s,o,n,a,l,-,P,r,o,j,e,c,t,s,\,A,I,_,P,R,O,\,S,p,e,e,c,h,T,o,T,e,x,t,T,e,n,s,o,r,f,l,o,w,\,d,a,t,a,\,L,J,S,p,e,e,c,h,-,1,.,1,\,w,a,v,s,\,L,J,0,0,2,-,0,2,2,8,.,w,a,v
C,:,\,U,s,e,r,s,\,l,e,n,m,o,\,D,e,s,k,t,o,p,\,P,e,r,s,o,n,a,l,-,P,r,o,j,e,c,t,s,\,A,I,_,P,R,O,\,S,p,e,e,c,h,T,o,T,e,x,t,T,e,n,s,o,r,f,l,o,w,\,d,a,t,a,\,L,J,S,p,e,e,c,h,-,1,.,1,\,w,a,v,s,\,L,J,0,0,2,-,0,2,2,9,.,w,a,v
C,:,\,U,s,e,r,s,\,l,e,n,m,o,\,D,e,s,k,t,o,p,\,P,e,r,s,o,n,a,l,-,P,r,o,j,e,c,t,s,\,A,I,_,P,R,O,\,S,p,e,e,c,h,T,o,T,e,x,t,T,e,n,s,o,r,f,l,o,w,\,d,a,t,a,\,L,J,S,p,e,e,c,h,-,1,.,1,\,w,a,v,s,\,L,J,0,0,2,-,0,2,3,0,.,w,a,v
C,:,\,U,s,e,r,s,\,l,e,n,m,o,\,D,e,s,k,t,o,p,\,P,e,r,s,o,n,a,l,-,P,r,o,j,e,c,t,s,\,A,I,_,P,R,O,\,S,p,e,e,c,h,T,o,T,e,x,t,T,e,n,s,o,r,f,l,o,w,\,d,a,t,a,\,L,J,S,p,e,e,c,h,-,1,.,1,\,w,a,v,s,\,L,J,0,0,2,-,0,2,3,1,.,w,a,v
C,:,\,U,s,e,r,s,\,l,e,n,m,o,\,D,e,s,k,t,o,p,\,P,e,r,s,o,n,a,l,-,P,r,o,j,e,c,t,s,\,A,I,_,P,R,O,\,S,p,e,e,c,h,T,o,T,e,x,t,T,e,n,s,o,r,f,l,o,w,\,d,a,t,a,\,L,J,S,p,e,e,c,h,-,1,.,1,\,w,a,v,s,\,L,J,0,0,2,-,0,2,3,2,.,w,a,v
C,:,\,U,s,e,r,s,\,l,e,n,m,o,\,D,e,s,k,t,o,p,\,P,e,r,s,o,n,a,l,-,P,r,o,j,e,c,t,s,\,A,I,_,P,R,O,\,S,p,e,e,c,h,T,o,T,e,x,t,T,e,n,s,o,r,f,l,o,w,\,d,a,t,a,\,L,J,S,p,e,e,c,h,-,1,.,1,\,w,a,v,s,\,L,J,0,0,2,-,0,2,3,3,.,w,a,v
C,:,\,U,s,e,r,s,\,l,e,n,m,o,\,D,e,s,k,t,o,p,\,P,e,r,s,o,n,a,l,-,P,r,o,j,e,c,t,s,\,A,I,_,P,R,O,\,S,p,e,e,c,h,T,o,T,e,x,t,T,e,n,s,o,r,f,l,o,w,\,d,a,t,a,\,L,J,S,p,e,e,c,h,-,1,.,1,\,w,a,v,s,\,L,J,0,0,2,-,0,2,3,4,.,w,a,v
C,:,\,U,s,e,r,s,\,l,e,n,m,o,\,D,e,s,k,t,o,p,\,P,e,r,s,o,n,a,l,-,P,r,o,j,e,c,t,s,\,A,I,_,P,R,O,\,S,p,e,e,c,h,T,o,T,e,x,t,T,e,n,s,o,r,f,l,o,w,\,d,a,t,a,\,L,J,S,p,e,e,c,h,-,1,.,1,\,w,a,v,s,\,L,J,0,0,2,-,0,2,3,5,.,w,a,v
C,:,\,U,s,e,r,s,\,l,e,n,m,o,\,D,e,s,k,t,o,p,\,P,e,r,s,o,n,a,l,-,P,r,o,j,e,c,t,s,\,A,I,_,P,R,O,\,S,p,e,e,c,h,T,o,T,e,x,t,T,e,n,s,o,r,f,l,o,w,\,d,a,t,a,\,L,J,S,p,e,e,c,h,-,1,.,1,\,w,a,v,s,\,L,J,0,0,2,-,0,2,3,6,.,w,a,v
C,:,\,U,s,e,r,s,\,l,e,n,m,o,\,D,e,s,k,t,o,p,\,P,e,r,s,o,n,a,l,-,P,r,o,j,e,c,t,s,\,A,I,_,P,R,O,\,S,p,e,e,c,h,T,o,T,e,x,t,T,e,n,s,o,r,f,l,o,w,\,d,a,t,a,\,L,J,S,p,e,e,c,h,-,1,.,1,\,w,a,v,s,\,L,J,0,0,2,-,0,2,3,7,.,w,a,v
C,:,\,U,s,e,r,s,\,l,e,n,m,o,\,D,e,s,k,t,o,p,\,P,e,r,s,o,n,a,l,-,P,r,o,j,e,c,t,s,\,A,I,_,P,R,O,\,S,p,e,e,c,h,T,o,T,e,x,t,T,e,n,s,o,r,f,l,o,w,\,d,a,t,a,\,L,J,S,p,e,e,c,h,-,1,.,1,\,w,a,v,s,\,L,J,0,0,2,-,0,2,3,8,.,w,a,v
C,:,\,U,s,e,r,s,\,l,e,n,m,o,\,D,e,s,k,t,o,p,\,P,e,r,s,o,n,a,l,-,P,r,o,j,e,c,t,s,\,A,I,_,P,R,O,\,S,p,e,e,c,h,T,o,T,e,x,t,T,e,n,s,o,r,f,l,o,w,\,d,a,t,a,\,L,J,S,p,e,e,c,h,-,1,.,1,\,w,a,v,s,\,L,J,0,0,2,-,0,2,3,9,.,w,a,v
C,:,\,U,s,e,r,s,\,l,e,n,m,o,\,D,e,s,k,t,o,p,\,P,e,r,s,o,n,a,l,-,P,r,o,j,e,c,t,s,\,A,I,_,P,R,O,\,S,p,e,e,c,h,T,o,T,e,x,t,T,e,n,s,o,r,f,l,o,w,\,d,a,t,a,\,L,J,S,p,e,e,c,h,-,1,.,1,\,w,a,v,s,\,L,J,0,0,2,-,0,2,4,0,.,w,a,v
C,:,\,U,s,e,r,s,\,l,e,n,m,o,\,D,e,s,k,t,o,p,\,P,e,r,s,o,n,a,l,-,P,r,o,j,e,c,t,s,\,A,I,_,P,R,O,\,S,p,e,e,c,h,T,o,T,e,x,t,T,e,n,s,o,r,f,l,o,w,\,d,a,t,a,\,L,J,S,p,e,e,c,h,-,1,.,1,\,w,a,v,s,\,L,J,0,0,2,-,0,2,4,1,.,w,a,v
C,:,\,U,s,e,r,s,\,l,e,n,m,o,\,D,e,s,k,t,o,p,\,P,e,r,s,o,n,a,l,-,P,r,o,j,e,c,t,s,\,A,I,_,P,R,O,\,S,p,e,e,c,h,T,o,T,e,x,t,T,e,n,s,o,r,f,l,o,w,\,d,a,t,a,\,L,J,S,p,e,e,c,h,-,1,.,1,\,w,a,v,s,\,L,J,0,0,2,-,0,2,4,2,.,w,a,v
C,:,\,U,s,e,r,s,\,l,e,n,m,o,\,D,e,s,k,t,o,p,\,P,e,r,s,o,n,a,l,-,P,r,o,j,e,c,t,s,\,A,I,_,P,R,O,\,S,p,e,e,c,h,T,o,T,e,x,t,T,e,n,s,o,r,f,l,o,w,\,d,a,t,a,\,L,J,S,p,e,e,c,h,-,1,.,1,\,w,a,v,s,\,L,J,0,0,2,-,0,2,4,3,.,w,a,v
C,:,\,U,s,e,r,s,\,l,e,n,m,o,\,D,e,s,k,t,o,p,\,P,e,r,s,o,n,a,l,-,P,r,o,j,e,c,t,s,\,A,I,_,P,R,O,\,S,p,e,e,c,h,T,o,T,e,x,t,T,e,n,s,o,r,f,l,o,w,\,d,a,t,a,\,L,J,S,p,e,e,c,h,-,1,.,1,\,w,a,v,s,\,L,J,0,0,2,-,0,2,4,4,.,w,a,v
C,:,\,U,s,e,r,s,\,l,e,n,m,o,\,D,e,s,k,t,o,p,\,P,e,r,s,o,n,a,l,-,P,r,o,j,e,c,t,s,\,A,I,_,P,R,O,\,S,p,e,e,c,h,T,o,T,e,x,t,T,e,n,s,o,r,f,l,o,w,\,d,a,t,a,\,L,J,S,p,e,e,c,h,-,1,.,1,\,w,a,v,s,\,L,J,0,0,2,-,0,2,4,5,.,w,a,v
C,:,\,U,s,e,r,s,\,l,e,n,m,o,\,D,e,s,k,t,o,p,\,P,e,r,s,o,n,a,l,-,P,r,o,j,e,c,t,s,\,A,I,_,P,R,O,\,S,p,e,e,c,h,T,o,T,e,x,t,T,e,n,s,o,r,f,l,o,w,\,d,a,t,a,\,L,J,S,p,e,e,c,h,-,1,.,1,\,w,a,v,s,\,L,J,0,0,2,-,0,2,4,6,.,w,a,v
C,:,\,U,s,e,r,s,\,l,e,n,m,o,\,D,e,s,k,t,o,p,\,P,e,r,s,o,n,a,l,-,P,r,o,j,e,c,t,s,\,A,I,_,P,R,O,\,S,p,e,e,c,h,T,o,T,e,x,t,T,e,n,s,o,r,f,l,o,w,\,d,a,t,a,\,L,J,S,p,e,e,c,h,-,1,.,1,\,w,a,v,s,\,L,J,0,0,2,-,0,2,4,7,.,w,a,v
C,:,\,U,s,e,r,s,\,l,e,n,m,o,\,D,e,s,k,t,o,p,\,P,e,r,s,o,n,a,l,-,P,r,o,j,e,c,t,s,\,A,I,_,P,R,O,\,S,p,e,e,c,h,T,o,T,e,x,t,T,e,n,s,o,r,f,l,o,w,\,d,a,t,a,\,L,J,S,p,e,e,c,h,-,1,.,1,\,w,a,v,s,\,L,J,0,0,2,-,0,2,4,8,.,w,a,v
C,:,\,U,s,e,r,s,\,l,e,n,m,o,\,D,e,s,k,t,o,p,\,P,e,r,s,o,n,a,l,-,P,r,o,j,e,c,t,s,\,A,I,_,P,R,O,\,S,p,e,e,c,h,T,o,T,e,x,t,T,e,n,s,o,r,f,l,o,w,\,d,a,t,a,\,L,J,S,p,e,e,c,h,-,1,.,1,\,w,a,v,s,\,L,J,0,0,2,-,0,2,4,9,.,w,a,v
C,:,\,U,s,e,r,s,\,l,e,n,m,o,\,D,e,s,k,t,o,p,\,P,e,r,s,o,n,a,l,-,P,r,o,j,e,c,t,s,\,A,I,_,P,R,O,\,S,p,e,e,c,h,T,o,T,e,x,t,T,e,n,s,o,r,f,l,o,w,\,d,a,t,a,\,L,J,S,p,e,e,c,h,-,1,.,1,\,w,a,v,s,\,L,J,0,0,2,-,0,2,5,0,.,w,a,v
C,:,\,U,s,e,r,s,\,l,e,n,m,o,\,D,e,s,k,t,o,p,\,P,e,r,s,o,n,a,l,-,P,r,o,j,e,c,t,s,\,A,I,_,P,R,O,\,S,p,e,e,c,h,T,o,T,e,x,t,T,e,n,s,o,r,f,l,o,w,\,d,a,t,a,\,L,J,S,p,e,e,c,h,-,1,.,1,\,w,a,v,s,\,L,J,0,0,2,-,0,2,5,1,.,w,a,v
C,:,\,U,s,e,r,s,\,l,e,n,m,o,\,D,e,s,k,t,o,p,\,P,e,r,s,o,n,a,l,-,P,r,o,j,e,c,t,s,\,A,I,_,P,R,O,\,S,p,e,e,c,h,T,o,T,e,x,t,T,e,n,s,o,r,f,l,o,w,\,d,a,t,a,\,L,J,S,p,e,e,c,h,-,1,.,1,\,w,a,v,s,\,L,J,0,0,2,-,0,2,5,2,.,w,a,v
C,:,\,U,s,e,r,s,\,l,e,n,m,o,\,D,e,s,k,t,o,p,\,P,e,r,s,o,n,a,l,-,P,r,o,j,e,c,t,s,\,A,I,_,P,R,O,\,S,p,e,e,c,h,T,o,T,e,x,t,T,e,n,s,o,r,f,l,o,w,\,d,a,t,a,\,L,J,S,p,e,e,c,h,-,1,.,1,\,w,a,v,s,\,L,J,0,0,2,-,0,2,5,3,.,w,a,v
C,:,\,U,s,e,r,s,\,l,e,n,m,o,\,D,e,s,k,t,o,p,\,P,e,r,s,o,n,a,l,-,P,r,o,j,e,c,t,s,\,A,I,_,P,R,O,\,S,p,e,e,c,h,T,o,T,e,x,t,T,e,n,s,o,r,f,l,o,w,\,d,a,t,a,\,L,J,S,p,e,e,c,h,-,1,.,1,\,w,a,v,s,\,L,J,0,0,2,-,0,2,5,4,.,w,a,v
C,:,\,U,s,e,r,s,\,l,e,n,m,o,\,D,e,s,k,t,o,p,\,P,e,r,s,o,n,a,l,-,P,r,o,j,e,c,t,s,\,A,I,_,P,R,O,\,S,p,e,e,c,h,T,o,T,e,x,t,T,e,n,s,o,r,f,l,o,w,\,d,a,t,a,\,L,J,S,p,e,e,c,h,-,1,.,1,\,w,a,v,s,\,L,J,0,0,2,-,0,2,5,5,.,w,a,v
C,:,\,U,s,e,r,s,\,l,e,n,m,o,\,D,e,s,k,t,o,p,\,P,e,r,s,o,n,a,l,-,P,r,o,j,e,c,t,s,\,A,I,_,P,R,O,\,S,p,e,e,c,h,T,o,T,e,x,t,T,e,n,s,o,r,f,l,o,w,\,d,a,t,a,\,L,J,S,p,e,e,c,h,-,1,.,1,\,w,a,v,s,\,L,J,0,0,2,-,0,2,5,6,.,w,a,v
C,:,\,U,s,e,r,s,\,l,e,n,m,o,\,D,e,s,k,t,o,p,\,P,e,r,s,o,n,a,l,-,P,r,o,j,e,c,t,s,\,A,I,_,P,R,O,\,S,p,e,e,c,h,T,o,T,e,x,t,T,e,n,s,o,r,f,l,o,w,\,d,a,t,a,\,L,J,S,p,e,e,c,h,-,1,.,1,\,w,a,v,s,\,L,J,0,0,2,-,0,2,5,7,.,w,a,v
C,:,\,U,s,e,r,s,\,l,e,n,m,o,\,D,e,s,k,t,o,p,\,P,e,r,s,o,n,a,l,-,P,r,o,j,e,c,t,s,\,A,I,_,P,R,O,\,S,p,e,e,c,h,T,o,T,e,x,t,T,e,n,s,o,r,f,l,o,w,\,d,a,t,a,\,L,J,S,p,e,e,c,h,-,1,.,1,\,w,a,v,s,\,L,J,0,0,2,-,0,2,5,8,.,w,a,v
C,:,\,U,s,e,r,s,\,l,e,n,m,o,\,D,e,s,k,t,o,p,\,P,e,r,s,o,n,a,l,-,P,r,o,j,e,c,t,s,\,A,I,_,P,R,O,\,S,p,e,e,c,h,T,o,T,e,x,t,T,e,n,s,o,r,f,l,o,w,\,d,a,t,a,\,L,J,S,p,e,e,c,h,-,1,.,1,\,w,a,v,s,\,L,J,0,0,2,-,0,2,5,9,.,w,a,v
C,:,\,U,s,e,r,s,\,l,e,n,m,o,\,D,e,s,k,t,o,p,\,P,e,r,s,o,n,a,l,-,P,r,o,j,e,c,t,s,\,A,I,_,P,R,O,\,S,p,e,e,c,h,T,o,T,e,x,t,T,e,n,s,o,r,f,l,o,w,\,d,a,t,a,\,L,J,S,p,e,e,c,h,-,1,.,1,\,w,a,v,s,\,L,J,0,0,2,-,0,2,6,0,.,w,a,v
C,:,\,U,s,e,r,s,\,l,e,n,m,o,\,D,e,s,k,t,o,p,\,P,e,r,s,o,n,a,l,-,P,r,o,j,e,c,t,s,\,A,I,_,P,R,O,\,S,p,e,e,c,h,T,o,T,e,x,t,T,e,n,s,o,r,f,l,o,w,\,d,a,t,a,\,L,J,S,p,e,e,c,h,-,1,.,1,\,w,a,v,s,\,L,J,0,0,2,-,0,2,6,1,.,w,a,v
C,:,\,U,s,e,r,s,\,l,e,n,m,o,\,D,e,s,k,t,o,p,\,P,e,r,s,o,n,a,l,-,P,r,o,j,e,c,t,s,\,A,I,_,P,R,O,\,S,p,e,e,c,h,T,o,T,e,x,t,T,e,n,s,o,r,f,l,o,w,\,d,a,t,a,\,L,J,S,p,e,e,c,h,-,1,.,1,\,w,a,v,s,\,L,J,0,0,2,-,0,2,6,2,.,w,a,v
C,:,\,U,s,e,r,s,\,l,e,n,m,o,\,D,e,s,k,t,o,p,\,P,e,r,s,o,n,a,l,-,P,r,o,j,e,c,t,s,\,A,I,_,P,R,O,\,S,p,e,e,c,h,T,o,T,e,x,t,T,e,n,s,o,r,f,l,o,w,\,d,a,t,a,\,L,J,S,p,e,e,c,h,-,1,.,1,\,w,a,v,s,\,L,J,0,0,2,-,0,2,6,3,.,w,a,v
C,:,\,U,s,e,r,s,\,l,e,n,m,o,\,D,e,s,k,t,o,p,\,P,e,r,s,o,n,a,l,-,P,r,o,j,e,c,t,s,\,A,I,_,P,R,O,\,S,p,e,e,c,h,T,o,T,e,x,t,T,e,n,s,o,r,f,l,o,w,\,d,a,t,a,\,L,J,S,p,e,e,c,h,-,1,.,1,\,w,a,v,s,\,L,J,0,0,2,-,0,2,6,4,.,w,a,v
C,:,\,U,s,e,r,s,\,l,e,n,m,o,\,D,e,s,k,t,o,p,\,P,e,r,s,o,n,a,l,-,P,r,o,j,e,c,t,s,\,A,I,_,P,R,O,\,S,p,e,e,c,h,T,o,T,e,x,t,T,e,n,s,o,r,f,l,o,w,\,d,a,t,a,\,L,J,S,p,e,e,c,h,-,1,.,1,\,w,a,v,s,\,L,J,0,0,2,-,0,2,6,5,.,w,a,v
C,:,\,U,s,e,r,s,\,l,e,n,m,o,\,D,e,s,k,t,o,p,\,P,e,r,s,o,n,a,l,-,P,r,o,j,e,c,t,s,\,A,I,_,P,R,O,\,S,p,e,e,c,h,T,o,T,e,x,t,T,e,n,s,o,r,f,l,o,w,\,d,a,t,a,\,L,J,S,p,e,e,c,h,-,1,.,1,\,w,a,v,s,\,L,J,0,0,2,-,0,2,6,6,.,w,a,v
C,:,\,U,s,e,r,s,\,l,e,n,m,o,\,D,e,s,k,t,o,p,\,P,e,r,s,o,n,a,l,-,P,r,o,j,e,c,t,s,\,A,I,_,P,R,O,\,S,p,e,e,c,h,T,o,T,e,x,t,T,e,n,s,o,r,f,l,o,w,\,d,a,t,a,\,L,J,S,p,e,e,c,h,-,1,.,1,\,w,a,v,s,\,L,J,0,0,2,-,0,2,6,7,.,w,a,v
C,:,\,U,s,e,r,s,\,l,e,n,m,o,\,D,e,s,k,t,o,p,\,P,e,r,s,o,n,a,l,-,P,r,o,j,e,c,t,s,\,A,I,_,P,R,O,\,S,p,e,e,c,h,T,o,T,e,x,t,T,e,n,s,o,r,f,l,o,w,\,d,a,t,a,\,L,J,S,p,e,e,c,h,-,1,.,1,\,w,a,v,s,\,L,J,0,0,2,-,0,2,6,8,.,w,a,v
C,:,\,U,s,e,r,s,\,l,e,n,m,o,\,D,e,s,k,t,o,p,\,P,e,r,s,o,n,a,l,-,P,r,o,j,e,c,t,s,\,A,I,_,P,R,O,\,S,p,e,e,c,h,T,o,T,e,x,t,T,e,n,s,o,r,f,l,o,w,\,d,a,t,a,\,L,J,S,p,e,e,c,h,-,1,.,1,\,w,a,v,s,\,L,J,0,0,2,-,0,2,6,9,.,w,a,v
C,:,\,U,s,e,r,s,\,l,e,n,m,o,\,D,e,s,k,t,o,p,\,P,e,r,s,o,n,a,l,-,P,r,o,j,e,c,t,s,\,A,I,_,P,R,O,\,S,p,e,e,c,h,T,o,T,e,x,t,T,e,n,s,o,r,f,l,o,w,\,d,a,t,a,\,L,J,S,p,e,e,c,h,-,1,.,1,\,w,a,v,s,\,L,J,0,0,2,-,0,2,7,0,.,w,a,v
C,:,\,U,s,e,r,s,\,l,e,n,m,o,\,D,e,s,k,t,o,p,\,P,e,r,s,o,n,a,l,-,P,r,o,j,e,c,t,s,\,A,I,_,P,R,O,\,S,p,e,e,c,h,T,o,T,e,x,t,T,e,n,s,o,r,f,l,o,w,\,d,a,t,a,\,L,J,S,p,e,e,c,h,-,1,.,1,\,w,a,v,s,\,L,J,0,0,2,-,0,2,7,1,.,w,a,v
C,:,\,U,s,e,r,s,\,l,e,n,m,o,\,D,e,s,k,t,o,p,\,P,e,r,s,o,n,a,l,-,P,r,o,j,e,c,t,s,\,A,I,_,P,R,O,\,S,p,e,e,c,h,T,o,T,e,x,t,T,e,n,s,o,r,f,l,o,w,\,d,a,t,a,\,L,J,S,p,e,e,c,h,-,1,.,1,\,w,a,v,s,\,L,J,0,0,2,-,0,2,7,2,.,w,a,v
C,:,\,U,s,e,r,s,\,l,e,n,m,o,\,D,e,s,k,t,o,p,\,P,e,r,s,o,n,a,l,-,P,r,o,j,e,c,t,s,\,A,I,_,P,R,O,\,S,p,e,e,c,h,T,o,T,e,x,t,T,e,n,s,o,r,f,l,o,w,\,d,a,t,a,\,L,J,S,p,e,e,c,h,-,1,.,1,\,w,a,v,s,\,L,J,0,0,2,-,0,2,7,3,.,w,a,v
C,:,\,U,s,e,r,s,\,l,e,n,m,o,\,D,e,s,k,t,o,p,\,P,e,r,s,o,n,a,l,-,P,r,o,j,e,c,t,s,\,A,I,_,P,R,O,\,S,p,e,e,c,h,T,o,T,e,x,t,T,e,n,s,o,r,f,l,o,w,\,d,a,t,a,\,L,J,S,p,e,e,c,h,-,1,.,1,\,w,a,v,s,\,L,J,0,0,2,-,0,2,7,4,.,w,a,v
C,:,\,U,s,e,r,s,\,l,e,n,m,o,\,D,e,s,k,t,o,p,\,P,e,r,s,o,n,a,l,-,P,r,o,j,e,c,t,s,\,A,I,_,P,R,O,\,S,p,e,e,c,h,T,o,T,e,x,t,T,e,n,s,o,r,f,l,o,w,\,d,a,t,a,\,L,J,S,p,e,e,c,h,-,1,.,1,\,w,a,v,s,\,L,J,0,0,2,-,0,2,7,5,.,w,a,v
C,:,\,U,s,e,r,s,\,l,e,n,m,o,\,D,e,s,k,t,o,p,\,P,e,r,s,o,n,a,l,-,P,r,o,j,e,c,t,s,\,A,I,_,P,R,O,\,S,p,e,e,c,h,T,o,T,e,x,t,T,e,n,s,o,r,f,l,o,w,\,d,a,t,a,\,L,J,S,p,e,e,c,h,-,1,.,1,\,w,a,v,s,\,L,J,0,0,2,-,0,2,7,6,.,w,a,v
C,:,\,U,s,e,r,s,\,l,e,n,m,o,\,D,e,s,k,t,o,p,\,P,e,r,s,o,n,a,l,-,P,r,o,j,e,c,t,s,\,A,I,_,P,R,O,\,S,p,e,e,c,h,T,o,T,e,x,t,T,e,n,s,o,r,f,l,o,w,\,d,a,t,a,\,L,J,S,p,e,e,c,h,-,1,.,1,\,w,a,v,s,\,L,J,0,0,2,-,0,2,7,7,.,w,a,v
C,:,\,U,s,e,r,s,\,l,e,n,m,o,\,D,e,s,k,t,o,p,\,P,e,r,s,o,n,a,l,-,P,r,o,j,e,c,t,s,\,A,I,_,P,R,O,\,S,p,e,e,c,h,T,o,T,e,x,t,T,e,n,s,o,r,f,l,o,w,\,d,a,t,a,\,L,J,S,p,e,e,c,h,-,1,.,1,\,w,a,v,s,\,L,J,0,0,2,-,0,2,7,8,.,w,a,v
C,:,\,U,s,e,r,s,\,l,e,n,m,o,\,D,e,s,k,t,o,p,\,P,e,r,s,o,n,a,l,-,P,r,o,j,e,c,t,s,\,A,I,_,P,R,O,\,S,p,e,e,c,h,T,o,T,e,x,t,T,e,n,s,o,r,f,l,o,w,\,d,a,t,a,\,L,J,S,p,e,e,c,h,-,1,.,1,\,w,a,v,s,\,L,J,0,0,2,-,0,2,7,9,.,w,a,v
C,:,\,U,s,e,r,s,\,l,e,n,m,o,\,D,e,s,k,t,o,p,\,P,e,r,s,o,n,a,l,-,P,r,o,j,e,c,t,s,\,A,I,_,P,R,O,\,S,p,e,e,c,h,T,o,T,e,x,t,T,e,n,s,o,r,f,l,o,w,\,d,a,t,a,\,L,J,S,p,e,e,c,h,-,1,.,1,\,w,a,v,s,\,L,J,0,0,2,-,0,2,8,0,.,w,a,v
C,:,\,U,s,e,r,s,\,l,e,n,m,o,\,D,e,s,k,t,o,p,\,P,e,r,s,o,n,a,l,-,P,r,o,j,e,c,t,s,\,A,I,_,P,R,O,\,S,p,e,e,c,h,T,o,T,e,x,t,T,e,n,s,o,r,f,l,o,w,\,d,a,t,a,\,L,J,S,p,e,e,c,h,-,1,.,1,\,w,a,v,s,\,L,J,0,0,2,-,0,2,8,1,.,w,a,v
C,:,\,U,s,e,r,s,\,l,e,n,m,o,\,D,e,s,k,t,o,p,\,P,e,r,s,o,n,a,l,-,P,r,o,j,e,c,t,s,\,A,I,_,P,R,O,\,S,p,e,e,c,h,T,o,T,e,x,t,T,e,n,s,o,r,f,l,o,w,\,d,a,t,a,\,L,J,S,p,e,e,c,h,-,1,.,1,\,w,a,v,s,\,L,J,0,0,2,-,0,2,8,2,.,w,a,v
C,:,\,U,s,e,r,s,\,l,e,n,m,o,\,D,e,s,k,t,o,p,\,P,e,r,s,o,n,a,l,-,P,r,o,j,e,c,t,s,\,A,I,_,P,R,O,\,S,p,e,e,c,h,T,o,T,e,x,t,T,e,n,s,o,r,f,l,o,w,\,d,a,t,a,\,L,J,S,p,e,e,c,h,-,1,.,1,\,w,a,v,s,\,L,J,0,0,2,-,0,2,8,3,.,w,a,v
C,:,\,U,s,e,r,s,\,l,e,n,m,o,\,D,e,s,k,t,o,p,\,P,e,r,s,o,n,a,l,-,P,r,o,j,e,c,t,s,\,A,I,_,P,R,O,\,S,p,e,e,c,h,T,o,T,e,x,t,T,e,n,s,o,r,f,l,o,w,\,d,a,t,a,\,L,J,S,p,e,e,c,h,-,1,.,1,\,w,a,v,s,\,L,J,0,0,2,-,0,2,8,4,.,w,a,v
C,:,\,U,s,e,r,s,\,l,e,n,m,o,\,D,e,s,k,t,o,p,\,P,e,r,s,o,n,a,l,-,P,r,o,j,e,c,t,s,\,A,I,_,P,R,O,\,S,p,e,e,c,h,T,o,T,e,x,t,T,e,n,s,o,r,f,l,o,w,\,d,a,t,a,\,L,J,S,p,e,e,c,h,-,1,.,1,\,w,a,v,s,\,L,J,0,0,2,-,0,2,8,5,.,w,a,v
C,:,\,U,s,e,r,s,\,l,e,n,m,o,\,D,e,s,k,t,o,p,\,P,e,r,s,o,n,a,l,-,P,r,o,j,e,c,t,s,\,A,I,_,P,R,O,\,S,p,e,e,c,h,T,o,T,e,x,t,T,e,n,s,o,r,f,l,o,w,\,d,a,t,a,\,L,J,S,p,e,e,c,h,-,1,.,1,\,w,a,v,s,\,L,J,0,0,2,-,0,2,8,6,.,w,a,v
C,:,\,U,s,e,r,s,\,l,e,n,m,o,\,D,e,s,k,t,o,p,\,P,e,r,s,o,n,a,l,-,P,r,o,j,e,c,t,s,\,A,I,_,P,R,O,\,S,p,e,e,c,h,T,o,T,e,x,t,T,e,n,s,o,r,f,l,o,w,\,d,a,t,a,\,L,J,S,p,e,e,c,h,-,1,.,1,\,w,a,v,s,\,L,J,0,0,2,-,0,2,8,7,.,w,a,v
C,:,\,U,s,e,r,s,\,l,e,n,m,o,\,D,e,s,k,t,o,p,\,P,e,r,s,o,n,a,l,-,P,r,o,j,e,c,t,s,\,A,I,_,P,R,O,\,S,p,e,e,c,h,T,o,T,e,x,t,T,e,n,s,o,r,f,l,o,w,\,d,a,t,a,\,L,J,S,p,e,e,c,h,-,1,.,1,\,w,a,v,s,\,L,J,0,0,2,-,0,2,8,8,.,w,a,v
C,:,\,U,s,e,r,s,\,l,e,n,m,o,\,D,e,s,k,t,o,p,\,P,e,r,s,o,n,a,l,-,P,r,o,j,e,c,t,s,\,A,I,_,P,R,O,\,S,p,e,e,c,h,T,o,T,e,x,t,T,e,n,s,o,r,f,l,o,w,\,d,a,t,a,\,L,J,S,p,e,e,c,h,-,1,.,1,\,w,a,v,s,\,L,J,0,0,2,-,0,2,8,9,.,w,a,v
C,:,\,U,s,e,r,s,\,l,e,n,m,o,\,D,e,s,k,t,o,p,\,P,e,r,s,o,n,a,l,-,P,r,o,j,e,c,t,s,\,A,I,_,P,R,O,\,S,p,e,e,c,h,T,o,T,e,x,t,T,e,n,s,o,r,f,l,o,w,\,d,a,t,a,\,L,J,S,p,e,e,c,h,-,1,.,1,\,w,a,v,s,\,L,J,0,0,2,-,0,2,9,0,.,w,a,v
C,:,\,U,s,e,r,s,\,l,e,n,m,o,\,D,e,s,k,t,o,p,\,P,e,r,s,o,n,a,l,-,P,r,o,j,e,c,t,s,\,A,I,_,P,R,O,\,S,p,e,e,c,h,T,o,T,e,x,t,T,e,n,s,o,r,f,l,o,w,\,d,a,t,a,\,L,J,S,p,e,e,c,h,-,1,.,1,\,w,a,v,s,\,L,J,0,0,2,-,0,2,9,1,.,w,a,v
C,:,\,U,s,e,r,s,\,l,e,n,m,o,\,D,e,s,k,t,o,p,\,P,e,r,s,o,n,a,l,-,P,r,o,j,e,c,t,s,\,A,I,_,P,R,O,\,S,p,e,e,c,h,T,o,T,e,x,t,T,e,n,s,o,r,f,l,o,w,\,d,a,t,a,\,L,J,S,p,e,e,c,h,-,1,.,1,\,w,a,v,s,\,L,J,0,0,2,-,0,2,9,2,.,w,a,v
C,:,\,U,s,e,r,s,\,l,e,n,m,o,\,D,e,s,k,t,o,p,\,P,e,r,s,o,n,a,l,-,P,r,o,j,e,c,t,s,\,A,I,_,P,R,O,\,S,p,e,e,c,h,T,o,T,e,x,t,T,e,n,s,o,r,f,l,o,w,\,d,a,t,a,\,L,J,S,p,e,e,c,h,-,1,.,1,\,w,a,v,s,\,L,J,0,0,2,-,0,2,9,3,.,w,a,v
C,:,\,U,s,e,r,s,\,l,e,n,m,o,\,D,e,s,k,t,o,p,\,P,e,r,s,o,n,a,l,-,P,r,o,j,e,c,t,s,\,A,I,_,P,R,O,\,S,p,e,e,c,h,T,o,T,e,x,t,T,e,n,s,o,r,f,l,o,w,\,d,a,t,a,\,L,J,S,p,e,e,c,h,-,1,.,1,\,w,a,v,s,\,L,J,0,0,2,-,0,2,9,4,.,w,a,v
C,:,\,U,s,e,r,s,\,l,e,n,m,o,\,D,e,s,k,t,o,p,\,P,e,r,s,o,n,a,l,-,P,r,o,j,e,c,t,s,\,A,I,_,P,R,O,\,S,p,e,e,c,h,T,o,T,e,x,t,T,e,n,s,o,r,f,l,o,w,\,d,a,t,a,\,L,J,S,p,e,e,c,h,-,1,.,1,\,w,a,v,s,\,L,J,0,0,2,-,0,2,9,5,.,w,a,v
C,:,\,U,s,e,r,s,\,l,e,n,m,o,\,D,e,s,k,t,o,p,\,P,e,r,s,o,n,a,l,-,P,r,o,j,e,c,t,s,\,A,I,_,P,R,O,\,S,p,e,e,c,h,T,o,T,e,x,t,T,e,n,s,o,r,f,l,o,w,\,d,a,t,a,\,L,J,S,p,e,e,c,h,-,1,.,1,\,w,a,v,s,\,L,J,0,0,2,-,0,2,9,6,.,w,a,v
C,:,\,U,s,e,r,s,\,l,e,n,m,o,\,D,e,s,k,t,o,p,\,P,e,r,s,o,n,a,l,-,P,r,o,j,e,c,t,s,\,A,I,_,P,R,O,\,S,p,e,e,c,h,T,o,T,e,x,t,T,e,n,s,o,r,f,l,o,w,\,d,a,t,a,\,L,J,S,p,e,e,c,h,-,1,.,1,\,w,a,v,s,\,L,J,0,0,2,-,0,2,9,7,.,w,a,v
C,:,\,U,s,e,r,s,\,l,e,n,m,o,\,D,e,s,k,t,o,p,\,P,e,r,s,o,n,a,l,-,P,r,o,j,e,c,t,s,\,A,I,_,P,R,O,\,S,p,e,e,c,h,T,o,T,e,x,t,T,e,n,s,o,r,f,l,o,w,\,d,a,t,a,\,L,J,S,p,e,e,c,h,-,1,.,1,\,w,a,v,s,\,L,J,0,0,2,-,0,2,9,8,.,w,a,v
C,:,\,U,s,e,r,s,\,l,e,n,m,o,\,D,e,s,k,t,o,p,\,P,e,r,s,o,n,a,l,-,P,r,o,j,e,c,t,s,\,A,I,_,P,R,O,\,S,p,e,e,c,h,T,o,T,e,x,t,T,e,n,s,o,r,f,l,o,w,\,d,a,t,a,\,L,J,S,p,e,e,c,h,-,1,.,1,\,w,a,v,s,\,L,J,0,0,2,-,0,2,9,9,.,w,a,v
C,:,\,U,s,e,r,s,\,l,e,n,m,o,\,D,e,s,k,t,o,p,\,P,e,r,s,o,n,a,l,-,P,r,o,j,e,c,t,s,\,A,I,_,P,R,O,\,S,p,e,e,c,h,T,o,T,e,x,t,T,e,n,s,o,r,f,l,o,w,\,d,a,t,a,\,L,J,S,p,e,e,c,h,-,1,.,1,\,w,a,v,s,\,L,J,0,0,2,-,0,3,0,0,.,w,a,v
C,:,\,U,s,e,r,s,\,l,e,n,m,o,\,D,e,s,k,t,o,p,\,P,e,r,s,o,n,a,l,-,P,r,o,j,e,c,t,s,\,A,I,_,P,R,O,\,S,p,e,e,c,h,T,o,T,e,x,t,T,e,n,s,o,r,f,l,o,w,\,d,a,t,a,\,L,J,S,p,e,e,c,h,-,1,.,1,\,w,a,v,s,\,L,J,0,0,2,-,0,3,0,1,.,w,a,v
C,:,\,U,s,e,r,s,\,l,e,n,m,o,\,D,e,s,k,t,o,p,\,P,e,r,s,o,n,a,l,-,P,r,o,j,e,c,t,s,\,A,I,_,P,R,O,\,S,p,e,e,c,h,T,o,T,e,x,t,T,e,n,s,o,r,f,l,o,w,\,d,a,t,a,\,L,J,S,p,e,e,c,h,-,1,.,1,\,w,a,v,s,\,L,J,0,0,2,-,0,3,0,2,.,w,a,v
C,:,\,U,s,e,r,s,\,l,e,n,m,o,\,D,e,s,k,t,o,p,\,P,e,r,s,o,n,a,l,-,P,r,o,j,e,c,t,s,\,A,I,_,P,R,O,\,S,p,e,e,c,h,T,o,T,e,x,t,T,e,n,s,o,r,f,l,o,w,\,d,a,t,a,\,L,J,S,p,e,e,c,h,-,1,.,1,\,w,a,v,s,\,L,J,0,0,2,-,0,3,0,3,.,w,a,v
C,:,\,U,s,e,r,s,\,l,e,n,m,o,\,D,e,s,k,t,o,p,\,P,e,r,s,o,n,a,l,-,P,r,o,j,e,c,t,s,\,A,I,_,P,R,O,\,S,p,e,e,c,h,T,o,T,e,x,t,T,e,n,s,o,r,f,l,o,w,\,d,a,t,a,\,L,J,S,p,e,e,c,h,-,1,.,1,\,w,a,v,s,\,L,J,0,0,2,-,0,3,0,4,.,w,a,v
C,:,\,U,s,e,r,s,\,l,e,n,m,o,\,D,e,s,k,t,o,p,\,P,e,r,s,o,n,a,l,-,P,r,o,j,e,c,t,s,\,A,I,_,P,R,O,\,S,p,e,e,c,h,T,o,T,e,x,t,T,e,n,s,o,r,f,l,o,w,\,d,a,t,a,\,L,J,S,p,e,e,c,h,-,1,.,1,\,w,a,v,s,\,L,J,0,0,2,-,0,3,0,5,.,w,a,v
C,:,\,U,s,e,r,s,\,l,e,n,m,o,\,D,e,s,k,t,o,p,\,P,e,r,s,o,n,a,l,-,P,r,o,j,e,c,t,s,\,A,I,_,P,R,O,\,S,p,e,e,c,h,T,o,T,e,x,t,T,e,n,s,o,r,f,l,o,w,\,d,a,t,a,\,L,J,S,p,e,e,c,h,-,1,.,1,\,w,a,v,s,\,L,J,0,0,2,-,0,3,0,6,.,w,a,v
C,:,\,U,s,e,r,s,\,l,e,n,m,o,\,D,e,s,k,t,o,p,\,P,e,r,s,o,n,a,l,-,P,r,o,j,e,c,t,s,\,A,I,_,P,R,O,\,S,p,e,e,c,h,T,o,T,e,x,t,T,e,n,s,o,r,f,l,o,w,\,d,a,t,a,\,L,J,S,p,e,e,c,h,-,1,.,1,\,w,a,v,s,\,L,J,0,0,2,-,0,3,0,7,.,w,a,v
C,:,\,U,s,e,r,s,\,l,e,n,m,o,\,D,e,s,k,t,o,p,\,P,e,r,s,o,n,a,l,-,P,r,o,j,e,c,t,s,\,A,I,_,P,R,O,\,S,p,e,e,c,h,T,o,T,e,x,t,T,e,n,s,o,r,f,l,o,w,\,d,a,t,a,\,L,J,S,p,e,e,c,h,-,1,.,1,\,w,a,v,s,\,L,J,0,0,2,-,0,3,0,8,.,w,a,v
C,:,\,U,s,e,r,s,\,l,e,n,m,o,\,D,e,s,k,t,o,p,\,P,e,r,s,o,n,a,l,-,P,r,o,j,e,c,t,s,\,A,I,_,P,R,O,\,S,p,e,e,c,h,T,o,T,e,x,t,T,e,n,s,o,r,f,l,o,w,\,d,a,t,a,\,L,J,S,p,e,e,c,h,-,1,.,1,\,w,a,v,s,\,L,J,0,0,2,-,0,3,0,9,.,w,a,v
C,:,\,U,s,e,r,s,\,l,e,n,m,o,\,D,e,s,k,t,o,p,\,P,e,r,s,o,n,a,l,-,P,r,o,j,e,c,t,s,\,A,I,_,P,R,O,\,S,p,e,e,c,h,T,o,T,e,x,t,T,e,n,s,o,r,f,l,o,w,\,d,a,t,a,\,L,J,S,p,e,e,c,h,-,1,.,1,\,w,a,v,s,\,L,J,0,0,2,-,0,3,1,0,.,w,a,v
C,:,\,U,s,e,r,s,\,l,e,n,m,o,\,D,e,s,k,t,o,p,\,P,e,r,s,o,n,a,l,-,P,r,o,j,e,c,t,s,\,A,I,_,P,R,O,\,S,p,e,e,c,h,T,o,T,e,x,t,T,e,n,s,o,r,f,l,o,w,\,d,a,t,a,\,L,J,S,p,e,e,c,h,-,1,.,1,\,w,a,v,s,\,L,J,0,0,2,-,0,3,1,1,.,w,a,v
C,:,\,U,s,e,r,s,\,l,e,n,m,o,\,D,e,s,k,t,o,p,\,P,e,r,s,o,n,a,l,-,P,r,o,j,e,c,t,s,\,A,I,_,P,R,O,\,S,p,e,e,c,h,T,o,T,e,x,t,T,e,n,s,o,r,f,l,o,w,\,d,a,t,a,\,L,J,S,p,e,e,c,h,-,1,.,1,\,w,a,v,s,\,L,J,0,0,2,-,0,3,1,2,.,w,a,v
C,:,\,U,s,e,r,s,\,l,e,n,m,o,\,D,e,s,k,t,o,p,\,P,e,r,s,o,n,a,l,-,P,r,o,j,e,c,t,s,\,A,I,_,P,R,O,\,S,p,e,e,c,h,T,o,T,e,x,t,T,e,n,s,o,r,f,l,o,w,\,d,a,t,a,\,L,J,S,p,e,e,c,h,-,1,.,1,\,w,a,v,s,\,L,J,0,0,2,-,0,3,1,3,.,w,a,v
C,:,\,U,s,e,r,s,\,l,e,n,m,o,\,D,e,s,k,t,o,p,\,P,e,r,s,o,n,a,l,-,P,r,o,j,e,c,t,s,\,A,I,_,P,R,O,\,S,p,e,e,c,h,T,o,T,e,x,t,T,e,n,s,o,r,f,l,o,w,\,d,a,t,a,\,L,J,S,p,e,e,c,h,-,1,.,1,\,w,a,v,s,\,L,J,0,0,2,-,0,3,1,4,.,w,a,v
C,:,\,U,s,e,r,s,\,l,e,n,m,o,\,D,e,s,k,t,o,p,\,P,e,r,s,o,n,a,l,-,P,r,o,j,e,c,t,s,\,A,I,_,P,R,O,\,S,p,e,e,c,h,T,o,T,e,x,t,T,e,n,s,o,r,f,l,o,w,\,d,a,t,a,\,L,J,S,p,e,e,c,h,-,1,.,1,\,w,a,v,s,\,L,J,0,0,2,-,0,3,1,5,.,w,a,v
C,:,\,U,s,e,r,s,\,l,e,n,m,o,\,D,e,s,k,t,o,p,\,P,e,r,s,o,n,a,l,-,P,r,o,j,e,c,t,s,\,A,I,_,P,R,O,\,S,p,e,e,c,h,T,o,T,e,x,t,T,e,n,s,o,r,f,l,o,w,\,d,a,t,a,\,L,J,S,p,e,e,c,h,-,1,.,1,\,w,a,v,s,\,L,J,0,0,2,-,0,3,1,6,.,w,a,v
C,:,\,U,s,e,r,s,\,l,e,n,m,o,\,D,e,s,k,t,o,p,\,P,e,r,s,o,n,a,l,-,P,r,o,j,e,c,t,s,\,A,I,_,P,R,O,\,S,p,e,e,c,h,T,o,T,e,x,t,T,e,n,s,o,r,f,l,o,w,\,d,a,t,a,\,L,J,S,p,e,e,c,h,-,1,.,1,\,w,a,v,s,\,L,J,0,0,2,-,0,3,1,7,.,w,a,v
C,:,\,U,s,e,r,s,\,l,e,n,m,o,\,D,e,s,k,t,o,p,\,P,e,r,s,o,n,a,l,-,P,r,o,j,e,c,t,s,\,A,I,_,P,R,O,\,S,p,e,e,c,h,T,o,T,e,x,t,T,e,n,s,o,r,f,l,o,w,\,d,a,t,a,\,L,J,S,p,e,e,c,h,-,1,.,1,\,w,a,v,s,\,L,J,0,0,2,-,0,3,1,8,.,w,a,v
C,:,\,U,s,e,r,s,\,l,e,n,m,o,\,D,e,s,k,t,o,p,\,P,e,r,s,o,n,a,l,-,P,r,o,j,e,c,t,s,\,A,I,_,P,R,O,\,S,p,e,e,c,h,T,o,T,e,x,t,T,e,n,s,o,r,f,l,o,w,\,d,a,t,a,\,L,J,S,p,e,e,c,h,-,1,.,1,\,w,a,v,s,\,L,J,0,0,2,-,0,3,1,9,.,w,a,v
C,:,\,U,s,e,r,s,\,l,e,n,m,o,\,D,e,s,k,t,o,p,\,P,e,r,s,o,n,a,l,-,P,r,o,j,e,c,t,s,\,A,I,_,P,R,O,\,S,p,e,e,c,h,T,o,T,e,x,t,T,e,n,s,o,r,f,l,o,w,\,d,a,t,a,\,L,J,S,p,e,e,c,h,-,1,.,1,\,w,a,v,s,\,L,J,0,0,2,-,0,3,2,0,.,w,a,v
C,:,\,U,s,e,r,s,\,l,e,n,m,o,\,D,e,s,k,t,o,p,\,P,e,r,s,o,n,a,l,-,P,r,o,j,e,c,t,s,\,A,I,_,P,R,O,\,S,p,e,e,c,h,T,o,T,e,x,t,T,e,n,s,o,r,f,l,o,w,\,d,a,t,a,\,L,J,S,p,e,e,c,h,-,1,.,1,\,w,a,v,s,\,L,J,0,0,2,-,0,3,2,1,.,w,a,v
C,:,\,U,s,e,r,s,\,l,e,n,m,o,\,D,e,s,k,t,o,p,\,P,e,r,s,o,n,a,l,-,P,r,o,j,e,c,t,s,\,A,I,_,P,R,O,\,S,p,e,e,c,h,T,o,T,e,x,t,T,e,n,s,o,r,f,l,o,w,\,d,a,t,a,\,L,J,S,p,e,e,c,h,-,1,.,1,\,w,a,v,s,\,L,J,0,0,2,-,0,3,2,2,.,w,a,v
C,:,\,U,s,e,r,s,\,l,e,n,m,o,\,D,e,s,k,t,o,p,\,P,e,r,s,o,n,a,l,-,P,r,o,j,e,c,t,s,\,A,I,_,P,R,O,\,S,p,e,e,c,h,T,o,T,e,x,t,T,e,n,s,o,r,f,l,o,w,\,d,a,t,a,\,L,J,S,p,e,e,c,h,-,1,.,1,\,w,a,v,s,\,L,J,0,0,2,-,0,3,2,3,.,w,a,v
C,:,\,U,s,e,r,s,\,l,e,n,m,o,\,D,e,s,k,t,o,p,\,P,e,r,s,o,n,a,l,-,P,r,o,j,e,c,t,s,\,A,I,_,P,R,O,\,S,p,e,e,c,h,T,o,T,e,x,t,T,e,n,s,o,r,f,l,o,w,\,d,a,t,a,\,L,J,S,p,e,e,c,h,-,1,.,1,\,w,a,v,s,\,L,J,0,0,2,-,0,3,2,4,.,w,a,v
C,:,\,U,s,e,r,s,\,l,e,n,m,o,\,D,e,s,k,t,o,p,\,P,e,r,s,o,n,a,l,-,P,r,o,j,e,c,t,s,\,A,I,_,P,R,O,\,S,p,e,e,c,h,T,o,T,e,x,t,T,e,n,s,o,r,f,l,o,w,\,d,a,t,a,\,L,J,S,p,e,e,c,h,-,1,.,1,\,w,a,v,s,\,L,J,0,0,2,-,0,3,2,5,.,w,a,v
C,:,\,U,s,e,r,s,\,l,e,n,m,o,\,D,e,s,k,t,o,p,\,P,e,r,s,o,n,a,l,-,P,r,o,j,e,c,t,s,\,A,I,_,P,R,O,\,S,p,e,e,c,h,T,o,T,e,x,t,T,e,n,s,o,r,f,l,o,w,\,d,a,t,a,\,L,J,S,p,e,e,c,h,-,1,.,1,\,w,a,v,s,\,L,J,0,0,2,-,0,3,2,6,.,w,a,v
C,:,\,U,s,e,r,s,\,l,e,n,m,o,\,D,e,s,k,t,o,p,\,P,e,r,s,o,n,a,l,-,P,r,o,j,e,c,t,s,\,A,I,_,P,R,O,\,S,p,e,e,c,h,T,o,T,e,x,t,T,e,n,s,o,r,f,l,o,w,\,d,a,t,a,\,L,J,S,p,e,e,c,h,-,1,.,1,\,w,a,v,s,\,L,J,0,0,2,-,0,3,2,7,.,w,a,v
C,:,\,U,s,e,r,s,\,l,e,n,m,o,\,D,e,s,k,t,o,p,\,P,e,r,s,o,n,a,l,-,P,r,o,j,e,c,t,s,\,A,I,_,P,R,O,\,S,p,e,e,c,h,T,o,T,e,x,t,T,e,n,s,o,r,f,l,o,w,\,d,a,t,a,\,L,J,S,p,e,e,c,h,-,1,.,1,\,w,a,v,s,\,L,J,0,0,2,-,0,3,2,8,.,w,a,v
C,:,\,U,s,e,r,s,\,l,e,n,m,o,\,D,e,s,k,t,o,p,\,P,e,r,s,o,n,a,l,-,P,r,o,j,e,c,t,s,\,A,I,_,P,R,O,\,S,p,e,e,c,h,T,o,T,e,x,t,T,e,n,s,o,r,f,l,o,w,\,d,a,t,a,\,L,J,S,p,e,e,c,h,-,1,.,1,\,w,a,v,s,\,L,J,0,0,2,-,0,3,2,9,.,w,a,v
C,:,\,U,s,e,r,s,\,l,e,n,m,o,\,D,e,s,k,t,o,p,\,P,e,r,s,o,n,a,l,-,P,r,o,j,e,c,t,s,\,A,I,_,P,R,O,\,S,p,e,e,c,h,T,o,T,e,x,t,T,e,n,s,o,r,f,l,o,w,\,d,a,t,a,\,L,J,S,p,e,e,c,h,-,1,.,1,\,w,a,v,s,\,L,J,0,0,2,-,0,3,3,0,.,w,a,v
C,:,\,U,s,e,r,s,\,l,e,n,m,o,\,D,e,s,k,t,o,p,\,P,e,r,s,o,n,a,l,-,P,r,o,j,e,c,t,s,\,A,I,_,P,R,O,\,S,p,e,e,c,h,T,o,T,e,x,t,T,e,n,s,o,r,f,l,o,w,\,d,a,t,a,\,L,J,S,p,e,e,c,h,-,1,.,1,\,w,a,v,s,\,L,J,0,0,2,-,0,3,3,1,.,w,a,v
C,:,\,U,s,e,r,s,\,l,e,n,m,o,\,D,e,s,k,t,o,p,\,P,e,r,s,o,n,a,l,-,P,r,o,j,e,c,t,s,\,A,I,_,P,R,O,\,S,p,e,e,c,h,T,o,T,e,x,t,T,e,n,s,o,r,f,l,o,w,\,d,a,t,a,\,L,J,S,p,e,e,c,h,-,1,.,1,\,w,a,v,s,\,L,J,0,0,2,-,0,3,3,2,.,w,a,v
C,:,\,U,s,e,r,s,\,l,e,n,m,o,\,D,e,s,k,t,o,p,\,P,e,r,s,o,n,a,l,-,P,r,o,j,e,c,t,s,\,A,I,_,P,R,O,\,S,p,e,e,c,h,T,o,T,e,x,t,T,e,n,s,o,r,f,l,o,w,\,d,a,t,a,\,L,J,S,p,e,e,c,h,-,1,.,1,\,w,a,v,s,\,L,J,0,0,2,-,0,3,3,3,.,w,a,v
C,:,\,U,s,e,r,s,\,l,e,n,m,o,\,D,e,s,k,t,o,p,\,P,e,r,s,o,n,a,l,-,P,r,o,j,e,c,t,s,\,A,I,_,P,R,O,\,S,p,e,e,c,h,T,o,T,e,x,t,T,e,n,s,o,r,f,l,o,w,\,d,a,t,a,\,L,J,S,p,e,e,c,h,-,1,.,1,\,w,a,v,s,\,L,J,0,0,2,-,0,3,3,4,.,w,a,v
C,:,\,U,s,e,r,s,\,l,e,n,m,o,\,D,e,s,k,t,o,p,\,P,e,r,s,o,n,a,l,-,P,r,o,j,e,c,t,s,\,A,I,_,P,R,O,\,S,p,e,e,c,h,T,o,T,e,x,t,T,e,n,s,o,r,f,l,o,w,\,d,a,t,a,\,L,J,S,p,e,e,c,h,-,1,.,1,\,w,a,v,s,\,L,J,0,0,2,-,0,3,3,5,.,w,a,v
C,:,\,U,s,e,r,s,\,l,e,n,m,o,\,D,e,s,k,t,o,p,\,P,e,r,s,o,n,a,l,-,P,r,o,j,e,c,t,s,\,A,I,_,P,R,O,\,S,p,e,e,c,h,T,o,T,e,x,t,T,e,n,s,o,r,f,l,o,w,\,d,a,t,a,\,L,J,S,p,e,e,c,h,-,1,.,1,\,w,a,v,s,\,L,J,0,0,2,-,0,3,3,6,.,w,a,v
C,:,\,U,s,e,r,s,\,l,e,n,m,o,\,D,e,s,k,t,o,p,\,P,e,r,s,o,n,a,l,-,P,r,o,j,e,c,t,s,\,A,I,_,P,R,O,\,S,p,e,e,c,h,T,o,T,e,x,t,T,e,n,s,o,r,f,l,o,w,\,d,a,t,a,\,L,J,S,p,e,e,c,h,-,1,.,1,\,w,a,v,s,\,L,J,0,0,2,-,0,3,3,7,.,w,a,v
C,:,\,U,s,e,r,s,\,l,e,n,m,o,\,D,e,s,k,t,o,p,\,P,e,r,s,o,n,a,l,-,P,r,o,j,e,c,t,s,\,A,I,_,P,R,O,\,S,p,e,e,c,h,T,o,T,e,x,t,T,e,n,s,o,r,f,l,o,w,\,d,a,t,a,\,L,J,S,p,e,e,c,h,-,1,.,1,\,w,a,v,s,\,L,J,0,0,2,-,0,3,3,8,.,w,a,v
C,:,\,U,s,e,r,s,\,l,e,n,m,o,\,D,e,s,k,t,o,p,\,P,e,r,s,o,n,a,l,-,P,r,o,j,e,c,t,s,\,A,I,_,P,R,O,\,S,p,e,e,c,h,T,o,T,e,x,t,T,e,n,s,o,r,f,l,o,w,\,d,a,t,a,\,L,J,S,p,e,e,c,h,-,1,.,1,\,w,a,v,s,\,L,J,0,0,3,-,0,0,0,1,.,w,a,v
C,:,\,U,s,e,r,s,\,l,e,n,m,o,\,D,e,s,k,t,o,p,\,P,e,r,s,o,n,a,l,-,P,r,o,j,e,c,t,s,\,A,I,_,P,R,O,\,S,p,e,e,c,h,T,o,T,e,x,t,T,e,n,s,o,r,f,l,o,w,\,d,a,t,a,\,L,J,S,p,e,e,c,h,-,1,.,1,\,w,a,v,s,\,L,J,0,0,3,-,0,0,0,2,.,w,a,v
C,:,\,U,s,e,r,s,\,l,e,n,m,o,\,D,e,s,k,t,o,p,\,P,e,r,s,o,n,a,l,-,P,r,o,j,e,c,t,s,\,A,I,_,P,R,O,\,S,p,e,e,c,h,T,o,T,e,x,t,T,e,n,s,o,r,f,l,o,w,\,d,a,t,a,\,L,J,S,p,e,e,c,h,-,1,.,1,\,w,a,v,s,\,L,J,0,0,3,-,0,0,0,3,.,w,a,v
C,:,\,U,s,e,r,s,\,l,e,n,m,o,\,D,e,s,k,t,o,p,\,P,e,r,s,o,n,a,l,-,P,r,o,j,e,c,t,s,\,A,I,_,P,R,O,\,S,p,e,e,c,h,T,o,T,e,x,t,T,e,n,s,o,r,f,l,o,w,\,d,a,t,a,\,L,J,S,p,e,e,c,h,-,1,.,1,\,w,a,v,s,\,L,J,0,0,3,-,0,0,0,4,.,w,a,v
C,:,\,U,s,e,r,s,\,l,e,n,m,o,\,D,e,s,k,t,o,p,\,P,e,r,s,o,n,a,l,-,P,r,o,j,e,c,t,s,\,A,I,_,P,R,O,\,S,p,e,e,c,h,T,o,T,e,x,t,T,e,n,s,o,r,f,l,o,w,\,d,a,t,a,\,L,J,S,p,e,e,c,h,-,1,.,1,\,w,a,v,s,\,L,J,0,0,3,-,0,0,0,5,.,w,a,v
C,:,\,U,s,e,r,s,\,l,e,n,m,o,\,D,e,s,k,t,o,p,\,P,e,r,s,o,n,a,l,-,P,r,o,j,e,c,t,s,\,A,I,_,P,R,O,\,S,p,e,e,c,h,T,o,T,e,x,t,T,e,n,s,o,r,f,l,o,w,\,d,a,t,a,\,L,J,S,p,e,e,c,h,-,1,.,1,\,w,a,v,s,\,L,J,0,0,3,-,0,0,0,6,.,w,a,v
C,:,\,U,s,e,r,s,\,l,e,n,m,o,\,D,e,s,k,t,o,p,\,P,e,r,s,o,n,a,l,-,P,r,o,j,e,c,t,s,\,A,I,_,P,R,O,\,S,p,e,e,c,h,T,o,T,e,x,t,T,e,n,s,o,r,f,l,o,w,\,d,a,t,a,\,L,J,S,p,e,e,c,h,-,1,.,1,\,w,a,v,s,\,L,J,0,0,3,-,0,0,0,7,.,w,a,v
C,:,\,U,s,e,r,s,\,l,e,n,m,o,\,D,e,s,k,t,o,p,\,P,e,r,s,o,n,a,l,-,P,r,o,j,e,c,t,s,\,A,I,_,P,R,O,\,S,p,e,e,c,h,T,o,T,e,x,t,T,e,n,s,o,r,f,l,o,w,\,d,a,t,a,\,L,J,S,p,e,e,c,h,-,1,.,1,\,w,a,v,s,\,L,J,0,0,3,-,0,0,0,8,.,w,a,v
C,:,\,U,s,e,r,s,\,l,e,n,m,o,\,D,e,s,k,t,o,p,\,P,e,r,s,o,n,a,l,-,P,r,o,j,e,c,t,s,\,A,I,_,P,R,O,\,S,p,e,e,c,h,T,o,T,e,x,t,T,e,n,s,o,r,f,l,o,w,\,d,a,t,a,\,L,J,S,p,e,e,c,h,-,1,.,1,\,w,a,v,s,\,L,J,0,0,3,-,0,0,0,9,.,w,a,v
C,:,\,U,s,e,r,s,\,l,e,n,m,o,\,D,e,s,k,t,o,p,\,P,e,r,s,o,n,a,l,-,P,r,o,j,e,c,t,s,\,A,I,_,P,R,O,\,S,p,e,e,c,h,T,o,T,e,x,t,T,e,n,s,o,r,f,l,o,w,\,d,a,t,a,\,L,J,S,p,e,e,c,h,-,1,.,1,\,w,a,v,s,\,L,J,0,0,3,-,0,0,1,0,.,w,a,v
C,:,\,U,s,e,r,s,\,l,e,n,m,o,\,D,e,s,k,t,o,p,\,P,e,r,s,o,n,a,l,-,P,r,o,j,e,c,t,s,\,A,I,_,P,R,O,\,S,p,e,e,c,h,T,o,T,e,x,t,T,e,n,s,o,r,f,l,o,w,\,d,a,t,a,\,L,J,S,p,e,e,c,h,-,1,.,1,\,w,a,v,s,\,L,J,0,0,3,-,0,0,1,1,.,w,a,v
C,:,\,U,s,e,r,s,\,l,e,n,m,o,\,D,e,s,k,t,o,p,\,P,e,r,s,o,n,a,l,-,P,r,o,j,e,c,t,s,\,A,I,_,P,R,O,\,S,p,e,e,c,h,T,o,T,e,x,t,T,e,n,s,o,r,f,l,o,w,\,d,a,t,a,\,L,J,S,p,e,e,c,h,-,1,.,1,\,w,a,v,s,\,L,J,0,0,3,-,0,0,1,2,.,w,a,v
C,:,\,U,s,e,r,s,\,l,e,n,m,o,\,D,e,s,k,t,o,p,\,P,e,r,s,o,n,a,l,-,P,r,o,j,e,c,t,s,\,A,I,_,P,R,O,\,S,p,e,e,c,h,T,o,T,e,x,t,T,e,n,s,o,r,f,l,o,w,\,d,a,t,a,\,L,J,S,p,e,e,c,h,-,1,.,1,\,w,a,v,s,\,L,J,0,0,3,-,0,0,1,3,.,w,a,v
C,:,\,U,s,e,r,s,\,l,e,n,m,o,\,D,e,s,k,t,o,p,\,P,e,r,s,o,n,a,l,-,P,r,o,j,e,c,t,s,\,A,I,_,P,R,O,\,S,p,e,e,c,h,T,o,T,e,x,t,T,e,n,s,o,r,f,l,o,w,\,d,a,t,a,\,L,J,S,p,e,e,c,h,-,1,.,1,\,w,a,v,s,\,L,J,0,0,3,-,0,0,1,4,.,w,a,v
C,:,\,U,s,e,r,s,\,l,e,n,m,o,\,D,e,s,k,t,o,p,\,P,e,r,s,o,n,a,l,-,P,r,o,j,e,c,t,s,\,A,I,_,P,R,O,\,S,p,e,e,c,h,T,o,T,e,x,t,T,e,n,s,o,r,f,l,o,w,\,d,a,t,a,\,L,J,S,p,e,e,c,h,-,1,.,1,\,w,a,v,s,\,L,J,0,0,3,-,0,0,1,5,.,w,a,v
C,:,\,U,s,e,r,s,\,l,e,n,m,o,\,D,e,s,k,t,o,p,\,P,e,r,s,o,n,a,l,-,P,r,o,j,e,c,t,s,\,A,I,_,P,R,O,\,S,p,e,e,c,h,T,o,T,e,x,t,T,e,n,s,o,r,f,l,o,w,\,d,a,t,a,\,L,J,S,p,e,e,c,h,-,1,.,1,\,w,a,v,s,\,L,J,0,0,3,-,0,0,1,6,.,w,a,v
C,:,\,U,s,e,r,s,\,l,e,n,m,o,\,D,e,s,k,t,o,p,\,P,e,r,s,o,n,a,l,-,P,r,o,j,e,c,t,s,\,A,I,_,P,R,O,\,S,p,e,e,c,h,T,o,T,e,x,t,T,e,n,s,o,r,f,l,o,w,\,d,a,t,a,\,L,J,S,p,e,e,c,h,-,1,.,1,\,w,a,v,s,\,L,J,0,0,3,-,0,0,1,7,.,w,a,v
C,:,\,U,s,e,r,s,\,l,e,n,m,o,\,D,e,s,k,t,o,p,\,P,e,r,s,o,n,a,l,-,P,r,o,j,e,c,t,s,\,A,I,_,P,R,O,\,S,p,e,e,c,h,T,o,T,e,x,t,T,e,n,s,o,r,f,l,o,w,\,d,a,t,a,\,L,J,S,p,e,e,c,h,-,1,.,1,\,w,a,v,s,\,L,J,0,0,3,-,0,0,1,8,.,w,a,v
C,:,\,U,s,e,r,s,\,l,e,n,m,o,\,D,e,s,k,t,o,p,\,P,e,r,s,o,n,a,l,-,P,r,o,j,e,c,t,s,\,A,I,_,P,R,O,\,S,p,e,e,c,h,T,o,T,e,x,t,T,e,n,s,o,r,f,l,o,w,\,d,a,t,a,\,L,J,S,p,e,e,c,h,-,1,.,1,\,w,a,v,s,\,L,J,0,0,3,-,0,0,1,9,.,w,a,v
C,:,\,U,s,e,r,s,\,l,e,n,m,o,\,D,e,s,k,t,o,p,\,P,e,r,s,o,n,a,l,-,P,r,o,j,e,c,t,s,\,A,I,_,P,R,O,\,S,p,e,e,c,h,T,o,T,e,x,t,T,e,n,s,o,r,f,l,o,w,\,d,a,t,a,\,L,J,S,p,e,e,c,h,-,1,.,1,\,w,a,v,s,\,L,J,0,0,3,-,0,0,2,0,.,w,a,v
C,:,\,U,s,e,r,s,\,l,e,n,m,o,\,D,e,s,k,t,o,p,\,P,e,r,s,o,n,a,l,-,P,r,o,j,e,c,t,s,\,A,I,_,P,R,O,\,S,p,e,e,c,h,T,o,T,e,x,t,T,e,n,s,o,r,f,l,o,w,\,d,a,t,a,\,L,J,S,p,e,e,c,h,-,1,.,1,\,w,a,v,s,\,L,J,0,0,3,-,0,0,2,1,.,w,a,v
C,:,\,U,s,e,r,s,\,l,e,n,m,o,\,D,e,s,k,t,o,p,\,P,e,r,s,o,n,a,l,-,P,r,o,j,e,c,t,s,\,A,I,_,P,R,O,\,S,p,e,e,c,h,T,o,T,e,x,t,T,e,n,s,o,r,f,l,o,w,\,d,a,t,a,\,L,J,S,p,e,e,c,h,-,1,.,1,\,w,a,v,s,\,L,J,0,0,3,-,0,0,2,2,.,w,a,v
C,:,\,U,s,e,r,s,\,l,e,n,m,o,\,D,e,s,k,t,o,p,\,P,e,r,s,o,n,a,l,-,P,r,o,j,e,c,t,s,\,A,I,_,P,R,O,\,S,p,e,e,c,h,T,o,T,e,x,t,T,e,n,s,o,r,f,l,o,w,\,d,a,t,a,\,L,J,S,p,e,e,c,h,-,1,.,1,\,w,a,v,s,\,L,J,0,0,3,-,0,0,2,3,.,w,a,v
C,:,\,U,s,e,r,s,\,l,e,n,m,o,\,D,e,s,k,t,o,p,\,P,e,r,s,o,n,a,l,-,P,r,o,j,e,c,t,s,\,A,I,_,P,R,O,\,S,p,e,e,c,h,T,o,T,e,x,t,T,e,n,s,o,r,f,l,o,w,\,d,a,t,a,\,L,J,S,p,e,e,c,h,-,1,.,1,\,w,a,v,s,\,L,J,0,0,3,-,0,0,2,4,.,w,a,v
C,:,\,U,s,e,r,s,\,l,e,n,m,o,\,D,e,s,k,t,o,p,\,P,e,r,s,o,n,a,l,-,P,r,o,j,e,c,t,s,\,A,I,_,P,R,O,\,S,p,e,e,c,h,T,o,T,e,x,t,T,e,n,s,o,r,f,l,o,w,\,d,a,t,a,\,L,J,S,p,e,e,c,h,-,1,.,1,\,w,a,v,s,\,L,J,0,0,3,-,0,0,2,5,.,w,a,v
C,:,\,U,s,e,r,s,\,l,e,n,m,o,\,D,e,s,k,t,o,p,\,P,e,r,s,o,n,a,l,-,P,r,o,j,e,c,t,s,\,A,I,_,P,R,O,\,S,p,e,e,c,h,T,o,T,e,x,t,T,e,n,s,o,r,f,l,o,w,\,d,a,t,a,\,L,J,S,p,e,e,c,h,-,1,.,1,\,w,a,v,s,\,L,J,0,0,3,-,0,0,2,6,.,w,a,v
C,:,\,U,s,e,r,s,\,l,e,n,m,o,\,D,e,s,k,t,o,p,\,P,e,r,s,o,n,a,l,-,P,r,o,j,e,c,t,s,\,A,I,_,P,R,O,\,S,p,e,e,c,h,T,o,T,e,x,t,T,e,n,s,o,r,f,l,o,w,\,d,a,t,a,\,L,J,S,p,e,e,c,h,-,1,.,1,\,w,a,v,s,\,L,J,0,0,3,-,0,0,2,7,.,w,a,v
C,:,\,U,s,e,r,s,\,l,e,n,m,o,\,D,e,s,k,t,o,p,\,P,e,r,s,o,n,a,l,-,P,r,o,j,e,c,t,s,\,A,I,_,P,R,O,\,S,p,e,e,c,h,T,o,T,e,x,t,T,e,n,s,o,r,f,l,o,w,\,d,a,t,a,\,L,J,S,p,e,e,c,h,-,1,.,1,\,w,a,v,s,\,L,J,0,0,3,-,0,0,2,8,.,w,a,v
C,:,\,U,s,e,r,s,\,l,e,n,m,o,\,D,e,s,k,t,o,p,\,P,e,r,s,o,n,a,l,-,P,r,o,j,e,c,t,s,\,A,I,_,P,R,O,\,S,p,e,e,c,h,T,o,T,e,x,t,T,e,n,s,o,r,f,l,o,w,\,d,a,t,a,\,L,J,S,p,e,e,c,h,-,1,.,1,\,w,a,v,s,\,L,J,0,0,3,-,0,0,2,9,.,w,a,v
C,:,\,U,s,e,r,s,\,l,e,n,m,o,\,D,e,s,k,t,o,p,\,P,e,r,s,o,n,a,l,-,P,r,o,j,e,c,t,s,\,A,I,_,P,R,O,\,S,p,e,e,c,h,T,o,T,e,x,t,T,e,n,s,o,r,f,l,o,w,\,d,a,t,a,\,L,J,S,p,e,e,c,h,-,1,.,1,\,w,a,v,s,\,L,J,0,0,3,-,0,0,3,0,.,w,a,v
C,:,\,U,s,e,r,s,\,l,e,n,m,o,\,D,e,s,k,t,o,p,\,P,e,r,s,o,n,a,l,-,P,r,o,j,e,c,t,s,\,A,I,_,P,R,O,\,S,p,e,e,c,h,T,o,T,e,x,t,T,e,n,s,o,r,f,l,o,w,\,d,a,t,a,\,L,J,S,p,e,e,c,h,-,1,.,1,\,w,a,v,s,\,L,J,0,0,3,-,0,0,3,1,.,w,a,v
C,:,\,U,s,e,r,s,\,l,e,n,m,o,\,D,e,s,k,t,o,p,\,P,e,r,s,o,n,a,l,-,P,r,o,j,e,c,t,s,\,A,I,_,P,R,O,\,S,p,e,e,c,h,T,o,T,e,x,t,T,e,n,s,o,r,f,l,o,w,\,d,a,t,a,\,L,J,S,p,e,e,c,h,-,1,.,1,\,w,a,v,s,\,L,J,0,0,3,-,0,0,3,2,.,w,a,v
C,:,\,U,s,e,r,s,\,l,e,n,m,o,\,D,e,s,k,t,o,p,\,P,e,r,s,o,n,a,l,-,P,r,o,j,e,c,t,s,\,A,I,_,P,R,O,\,S,p,e,e,c,h,T,o,T,e,x,t,T,e,n,s,o,r,f,l,o,w,\,d,a,t,a,\,L,J,S,p,e,e,c,h,-,1,.,1,\,w,a,v,s,\,L,J,0,0,3,-,0,0,3,3,.,w,a,v
C,:,\,U,s,e,r,s,\,l,e,n,m,o,\,D,e,s,k,t,o,p,\,P,e,r,s,o,n,a,l,-,P,r,o,j,e,c,t,s,\,A,I,_,P,R,O,\,S,p,e,e,c,h,T,o,T,e,x,t,T,e,n,s,o,r,f,l,o,w,\,d,a,t,a,\,L,J,S,p,e,e,c,h,-,1,.,1,\,w,a,v,s,\,L,J,0,0,3,-,0,0,3,4,.,w,a,v
C,:,\,U,s,e,r,s,\,l,e,n,m,o,\,D,e,s,k,t,o,p,\,P,e,r,s,o,n,a,l,-,P,r,o,j,e,c,t,s,\,A,I,_,P,R,O,\,S,p,e,e,c,h,T,o,T,e,x,t,T,e,n,s,o,r,f,l,o,w,\,d,a,t,a,\,L,J,S,p,e,e,c,h,-,1,.,1,\,w,a,v,s,\,L,J,0,0,3,-,0,0,3,5,.,w,a,v
C,:,\,U,s,e,r,s,\,l,e,n,m,o,\,D,e,s,k,t,o,p,\,P,e,r,s,o,n,a,l,-,P,r,o,j,e,c,t,s,\,A,I,_,P,R,O,\,S,p,e,e,c,h,T,o,T,e,x,t,T,e,n,s,o,r,f,l,o,w,\,d,a,t,a,\,L,J,S,p,e,e,c,h,-,1,.,1,\,w,a,v,s,\,L,J,0,0,3,-,0,0,3,6,.,w,a,v
C,:,\,U,s,e,r,s,\,l,e,n,m,o,\,D,e,s,k,t,o,p,\,P,e,r,s,o,n,a,l,-,P,r,o,j,e,c,t,s,\,A,I,_,P,R,O,\,S,p,e,e,c,h,T,o,T,e,x,t,T,e,n,s,o,r,f,l,o,w,\,d,a,t,a,\,L,J,S,p,e,e,c,h,-,1,.,1,\,w,a,v,s,\,L,J,0,0,3,-,0,0,3,7,.,w,a,v
C,:,\,U,s,e,r,s,\,l,e,n,m,o,\,D,e,s,k,t,o,p,\,P,e,r,s,o,n,a,l,-,P,r,o,j,e,c,t,s,\,A,I,_,P,R,O,\,S,p,e,e,c,h,T,o,T,e,x,t,T,e,n,s,o,r,f,l,o,w,\,d,a,t,a,\,L,J,S,p,e,e,c,h,-,1,.,1,\,w,a,v,s,\,L,J,0,0,3,-,0,0,3,8,.,w,a,v
C,:,\,U,s,e,r,s,\,l,e,n,m,o,\,D,e,s,k,t,o,p,\,P,e,r,s,o,n,a,l,-,P,r,o,j,e,c,t,s,\,A,I,_,P,R,O,\,S,p,e,e,c,h,T,o,T,e,x,t,T,e,n,s,o,r,f,l,o,w,\,d,a,t,a,\,L,J,S,p,e,e,c,h,-,1,.,1,\,w,a,v,s,\,L,J,0,0,3,-,0,0,3,9,.,w,a,v
C,:,\,U,s,e,r,s,\,l,e,n,m,o,\,D,e,s,k,t,o,p,\,P,e,r,s,o,n,a,l,-,P,r,o,j,e,c,t,s,\,A,I,_,P,R,O,\,S,p,e,e,c,h,T,o,T,e,x,t,T,e,n,s,o,r,f,l,o,w,\,d,a,t,a,\,L,J,S,p,e,e,c,h,-,1,.,1,\,w,a,v,s,\,L,J,0,0,3,-,0,0,4,0,.,w,a,v
C,:,\,U,s,e,r,s,\,l,e,n,m,o,\,D,e,s,k,t,o,p,\,P,e,r,s,o,n,a,l,-,P,r,o,j,e,c,t,s,\,A,I,_,P,R,O,\,S,p,e,e,c,h,T,o,T,e,x,t,T,e,n,s,o,r,f,l,o,w,\,d,a,t,a,\,L,J,S,p,e,e,c,h,-,1,.,1,\,w,a,v,s,\,L,J,0,0,3,-,0,0,4,1,.,w,a,v
C,:,\,U,s,e,r,s,\,l,e,n,m,o,\,D,e,s,k,t,o,p,\,P,e,r,s,o,n,a,l,-,P,r,o,j,e,c,t,s,\,A,I,_,P,R,O,\,S,p,e,e,c,h,T,o,T,e,x,t,T,e,n,s,o,r,f,l,o,w,\,d,a,t,a,\,L,J,S,p,e,e,c,h,-,1,.,1,\,w,a,v,s,\,L,J,0,0,3,-,0,0,4,2,.,w,a,v
C,:,\,U,s,e,r,s,\,l,e,n,m,o,\,D,e,s,k,t,o,p,\,P,e,r,s,o,n,a,l,-,P,r,o,j,e,c,t,s,\,A,I,_,P,R,O,\,S,p,e,e,c,h,T,o,T,e,x,t,T,e,n,s,o,r,f,l,o,w,\,d,a,t,a,\,L,J,S,p,e,e,c,h,-,1,.,1,\,w,a,v,s,\,L,J,0,0,3,-,0,0,4,3,.,w,a,v
C,:,\,U,s,e,r,s,\,l,e,n,m,o,\,D,e,s,k,t,o,p,\,P,e,r,s,o,n,a,l,-,P,r,o,j,e,c,t,s,\,A,I,_,P,R,O,\,S,p,e,e,c,h,T,o,T,e,x,t,T,e,n,s,o,r,f,l,o,w,\,d,a,t,a,\,L,J,S,p,e,e,c,h,-,1,.,1,\,w,a,v,s,\,L,J,0,0,3,-,0,0,4,4,.,w,a,v
C,:,\,U,s,e,r,s,\,l,e,n,m,o,\,D,e,s,k,t,o,p,\,P,e,r,s,o,n,a,l,-,P,r,o,j,e,c,t,s,\,A,I,_,P,R,O,\,S,p,e,e,c,h,T,o,T,e,x,t,T,e,n,s,o,r,f,l,o,w,\,d,a,t,a,\,L,J,S,p,e,e,c,h,-,1,.,1,\,w,a,v,s,\,L,J,0,0,3,-,0,0,4,5,.,w,a,v
C,:,\,U,s,e,r,s,\,l,e,n,m,o,\,D,e,s,k,t,o,p,\,P,e,r,s,o,n,a,l,-,P,r,o,j,e,c,t,s,\,A,I,_,P,R,O,\,S,p,e,e,c,h,T,o,T,e,x,t,T,e,n,s,o,r,f,l,o,w,\,d,a,t,a,\,L,J,S,p,e,e,c,h,-,1,.,1,\,w,a,v,s,\,L,J,0,0,3,-,0,0,4,6,.,w,a,v
C,:,\,U,s,e,r,s,\,l,e,n,m,o,\,D,e,s,k,t,o,p,\,P,e,r,s,o,n,a,l,-,P,r,o,j,e,c,t,s,\,A,I,_,P,R,O,\,S,p,e,e,c,h,T,o,T,e,x,t,T,e,n,s,o,r,f,l,o,w,\,d,a,t,a,\,L,J,S,p,e,e,c,h,-,1,.,1,\,w,a,v,s,\,L,J,0,0,3,-,0,0,4,7,.,w,a,v
C,:,\,U,s,e,r,s,\,l,e,n,m,o,\,D,e,s,k,t,o,p,\,P,e,r,s,o,n,a,l,-,P,r,o,j,e,c,t,s,\,A,I,_,P,R,O,\,S,p,e,e,c,h,T,o,T,e,x,t,T,e,n,s,o,r,f,l,o,w,\,d,a,t,a,\,L,J,S,p,e,e,c,h,-,1,.,1,\,w,a,v,s,\,L,J,0,0,3,-,0,0,4,8,.,w,a,v
C,:,\,U,s,e,r,s,\,l,e,n,m,o,\,D,e,s,k,t,o,p,\,P,e,r,s,o,n,a,l,-,P,r,o,j,e,c,t,s,\,A,I,_,P,R,O,\,S,p,e,e,c,h,T,o,T,e,x,t,T,e,n,s,o,r,f,l,o,w,\,d,a,t,a,\,L,J,S,p,e,e,c,h,-,1,.,1,\,w,a,v,s,\,L,J,0,0,3,-,0,0,4,9,.,w,a,v
C,:,\,U,s,e,r,s,\,l,e,n,m,o,\,D,e,s,k,t,o,p,\,P,e,r,s,o,n,a,l,-,P,r,o,j,e,c,t,s,\,A,I,_,P,R,O,\,S,p,e,e,c,h,T,o,T,e,x,t,T,e,n,s,o,r,f,l,o,w,\,d,a,t,a,\,L,J,S,p,e,e,c,h,-,1,.,1,\,w,a,v,s,\,L,J,0,0,3,-,0,0,5,0,.,w,a,v
C,:,\,U,s,e,r,s,\,l,e,n,m,o,\,D,e,s,k,t,o,p,\,P,e,r,s,o,n,a,l,-,P,r,o,j,e,c,t,s,\,A,I,_,P,R,O,\,S,p,e,e,c,h,T,o,T,e,x,t,T,e,n,s,o,r,f,l,o,w,\,d,a,t,a,\,L,J,S,p,e,e,c,h,-,1,.,1,\,w,a,v,s,\,L,J,0,0,3,-,0,0,5,1,.,w,a,v
C,:,\,U,s,e,r,s,\,l,e,n,m,o,\,D,e,s,k,t,o,p,\,P,e,r,s,o,n,a,l,-,P,r,o,j,e,c,t,s,\,A,I,_,P,R,O,\,S,p,e,e,c,h,T,o,T,e,x,t,T,e,n,s,o,r,f,l,o,w,\,d,a,t,a,\,L,J,S,p,e,e,c,h,-,1,.,1,\,w,a,v,s,\,L,J,0,0,3,-,0,0,5,2,.,w,a,v
C,:,\,U,s,e,r,s,\,l,e,n,m,o,\,D,e,s,k,t,o,p,\,P,e,r,s,o,n,a,l,-,P,r,o,j,e,c,t,s,\,A,I,_,P,R,O,\,S,p,e,e,c,h,T,o,T,e,x,t,T,e,n,s,o,r,f,l,o,w,\,d,a,t,a,\,L,J,S,p,e,e,c,h,-,1,.,1,\,w,a,v,s,\,L,J,0,0,3,-,0,0,5,3,.,w,a,v
C,:,\,U,s,e,r,s,\,l,e,n,m,o,\,D,e,s,k,t,o,p,\,P,e,r,s,o,n,a,l,-,P,r,o,j,e,c,t,s,\,A,I,_,P,R,O,\,S,p,e,e,c,h,T,o,T,e,x,t,T,e,n,s,o,r,f,l,o,w,\,d,a,t,a,\,L,J,S,p,e,e,c,h,-,1,.,1,\,w,a,v,s,\,L,J,0,0,3,-,0,0,5,4,.,w,a,v
C,:,\,U,s,e,r,s,\,l,e,n,m,o,\,D,e,s,k,t,o,p,\,P,e,r,s,o,n,a,l,-,P,r,o,j,e,c,t,s,\,A,I,_,P,R,O,\,S,p,e,e,c,h,T,o,T,e,x,t,T,e,n,s,o,r,f,l,o,w,\,d,a,t,a,\,L,J,S,p,e,e,c,h,-,1,.,1,\,w,a,v,s,\,L,J,0,0,3,-,0,0,5,5,.,w,a,v
C,:,\,U,s,e,r,s,\,l,e,n,m,o,\,D,e,s,k,t,o,p,\,P,e,r,s,o,n,a,l,-,P,r,o,j,e,c,t,s,\,A,I,_,P,R,O,\,S,p,e,e,c,h,T,o,T,e,x,t,T,e,n,s,o,r,f,l,o,w,\,d,a,t,a,\,L,J,S,p,e,e,c,h,-,1,.,1,\,w,a,v,s,\,L,J,0,0,3,-,0,0,5,6,.,w,a,v
C,:,\,U,s,e,r,s,\,l,e,n,m,o,\,D,e,s,k,t,o,p,\,P,e,r,s,o,n,a,l,-,P,r,o,j,e,c,t,s,\,A,I,_,P,R,O,\,S,p,e,e,c,h,T,o,T,e,x,t,T,e,n,s,o,r,f,l,o,w,\,d,a,t,a,\,L,J,S,p,e,e,c,h,-,1,.,1,\,w,a,v,s,\,L,J,0,0,3,-,0,0,5,7,.,w,a,v
C,:,\,U,s,e,r,s,\,l,e,n,m,o,\,D,e,s,k,t,o,p,\,P,e,r,s,o,n,a,l,-,P,r,o,j,e,c,t,s,\,A,I,_,P,R,O,\,S,p,e,e,c,h,T,o,T,e,x,t,T,e,n,s,o,r,f,l,o,w,\,d,a,t,a,\,L,J,S,p,e,e,c,h,-,1,.,1,\,w,a,v,s,\,L,J,0,0,3,-,0,0,5,8,.,w,a,v
C,:,\,U,s,e,r,s,\,l,e,n,m,o,\,D,e,s,k,t,o,p,\,P,e,r,s,o,n,a,l,-,P,r,o,j,e,c,t,s,\,A,I,_,P,R,O,\,S,p,e,e,c,h,T,o,T,e,x,t,T,e,n,s,o,r,f,l,o,w,\,d,a,t,a,\,L,J,S,p,e,e,c,h,-,1,.,1,\,w,a,v,s,\,L,J,0,0,3,-,0,0,5,9,.,w,a,v
C,:,\,U,s,e,r,s,\,l,e,n,m,o,\,D,e,s,k,t,o,p,\,P,e,r,s,o,n,a,l,-,P,r,o,j,e,c,t,s,\,A,I,_,P,R,O,\,S,p,e,e,c,h,T,o,T,e,x,t,T,e,n,s,o,r,f,l,o,w,\,d,a,t,a,\,L,J,S,p,e,e,c,h,-,1,.,1,\,w,a,v,s,\,L,J,0,0,3,-,0,0,6,0,.,w,a,v
C,:,\,U,s,e,r,s,\,l,e,n,m,o,\,D,e,s,k,t,o,p,\,P,e,r,s,o,n,a,l,-,P,r,o,j,e,c,t,s,\,A,I,_,P,R,O,\,S,p,e,e,c,h,T,o,T,e,x,t,T,e,n,s,o,r,f,l,o,w,\,d,a,t,a,\,L,J,S,p,e,e,c,h,-,1,.,1,\,w,a,v,s,\,L,J,0,0,3,-,0,0,6,1,.,w,a,v
C,:,\,U,s,e,r,s,\,l,e,n,m,o,\,D,e,s,k,t,o,p,\,P,e,r,s,o,n,a,l,-,P,r,o,j,e,c,t,s,\,A,I,_,P,R,O,\,S,p,e,e,c,h,T,o,T,e,x,t,T,e,n,s,o,r,f,l,o,w,\,d,a,t,a,\,L,J,S,p,e,e,c,h,-,1,.,1,\,w,a,v,s,\,L,J,0,0,3,-,0,0,6,2,.,w,a,v
C,:,\,U,s,e,r,s,\,l,e,n,m,o,\,D,e,s,k,t,o,p,\,P,e,r,s,o,n,a,l,-,P,r,o,j,e,c,t,s,\,A,I,_,P,R,O,\,S,p,e,e,c,h,T,o,T,e,x,t,T,e,n,s,o,r,f,l,o,w,\,d,a,t,a,\,L,J,S,p,e,e,c,h,-,1,.,1,\,w,a,v,s,\,L,J,0,0,3,-,0,0,6,3,.,w,a,v
C,:,\,U,s,e,r,s,\,l,e,n,m,o,\,D,e,s,k,t,o,p,\,P,e,r,s,o,n,a,l,-,P,r,o,j,e,c,t,s,\,A,I,_,P,R,O,\,S,p,e,e,c,h,T,o,T,e,x,t,T,e,n,s,o,r,f,l,o,w,\,d,a,t,a,\,L,J,S,p,e,e,c,h,-,1,.,1,\,w,a,v,s,\,L,J,0,0,3,-,0,0,6,4,.,w,a,v
C,:,\,U,s,e,r,s,\,l,e,n,m,o,\,D,e,s,k,t,o,p,\,P,e,r,s,o,n,a,l,-,P,r,o,j,e,c,t,s,\,A,I,_,P,R,O,\,S,p,e,e,c,h,T,o,T,e,x,t,T,e,n,s,o,r,f,l,o,w,\,d,a,t,a,\,L,J,S,p,e,e,c,h,-,1,.,1,\,w,a,v,s,\,L,J,0,0,3,-,0,0,6,5,.,w,a,v
C,:,\,U,s,e,r,s,\,l,e,n,m,o,\,D,e,s,k,t,o,p,\,P,e,r,s,o,n,a,l,-,P,r,o,j,e,c,t,s,\,A,I,_,P,R,O,\,S,p,e,e,c,h,T,o,T,e,x,t,T,e,n,s,o,r,f,l,o,w,\,d,a,t,a,\,L,J,S,p,e,e,c,h,-,1,.,1,\,w,a,v,s,\,L,J,0,0,3,-,0,0,6,6,.,w,a,v
C,:,\,U,s,e,r,s,\,l,e,n,m,o,\,D,e,s,k,t,o,p,\,P,e,r,s,o,n,a,l,-,P,r,o,j,e,c,t,s,\,A,I,_,P,R,O,\,S,p,e,e,c,h,T,o,T,e,x,t,T,e,n,s,o,r,f,l,o,w,\,d,a,t,a,\,L,J,S,p,e,e,c,h,-,1,.,1,\,w,a,v,s,\,L,J,0,0,3,-,0,0,6,7,.,w,a,v
C,:,\,U,s,e,r,s,\,l,e,n,m,o,\,D,e,s,k,t,o,p,\,P,e,r,s,o,n,a,l,-,P,r,o,j,e,c,t,s,\,A,I,_,P,R,O,\,S,p,e,e,c,h,T,o,T,e,x,t,T,e,n,s,o,r,f,l,o,w,\,d,a,t,a,\,L,J,S,p,e,e,c,h,-,1,.,1,\,w,a,v,s,\,L,J,0,0,3,-,0,0,6,8,.,w,a,v
C,:,\,U,s,e,r,s,\,l,e,n,m,o,\,D,e,s,k,t,o,p,\,P,e,r,s,o,n,a,l,-,P,r,o,j,e,c,t,s,\,A,I,_,P,R,O,\,S,p,e,e,c,h,T,o,T,e,x,t,T,e,n,s,o,r,f,l,o,w,\,d,a,t,a,\,L,J,S,p,e,e,c,h,-,1,.,1,\,w,a,v,s,\,L,J,0,0,3,-,0,0,6,9,.,w,a,v
C,:,\,U,s,e,r,s,\,l,e,n,m,o,\,D,e,s,k,t,o,p,\,P,e,r,s,o,n,a,l,-,P,r,o,j,e,c,t,s,\,A,I,_,P,R,O,\,S,p,e,e,c,h,T,o,T,e,x,t,T,e,n,s,o,r,f,l,o,w,\,d,a,t,a,\,L,J,S,p,e,e,c,h,-,1,.,1,\,w,a,v,s,\,L,J,0,0,3,-,0,0,7,0,.,w,a,v
C,:,\,U,s,e,r,s,\,l,e,n,m,o,\,D,e,s,k,t,o,p,\,P,e,r,s,o,n,a,l,-,P,r,o,j,e,c,t,s,\,A,I,_,P,R,O,\,S,p,e,e,c,h,T,o,T,e,x,t,T,e,n,s,o,r,f,l,o,w,\,d,a,t,a,\,L,J,S,p,e,e,c,h,-,1,.,1,\,w,a,v,s,\,L,J,0,0,3,-,0,0,7,1,.,w,a,v
C,:,\,U,s,e,r,s,\,l,e,n,m,o,\,D,e,s,k,t,o,p,\,P,e,r,s,o,n,a,l,-,P,r,o,j,e,c,t,s,\,A,I,_,P,R,O,\,S,p,e,e,c,h,T,o,T,e,x,t,T,e,n,s,o,r,f,l,o,w,\,d,a,t,a,\,L,J,S,p,e,e,c,h,-,1,.,1,\,w,a,v,s,\,L,J,0,0,3,-,0,0,7,2,.,w,a,v
C,:,\,U,s,e,r,s,\,l,e,n,m,o,\,D,e,s,k,t,o,p,\,P,e,r,s,o,n,a,l,-,P,r,o,j,e,c,t,s,\,A,I,_,P,R,O,\,S,p,e,e,c,h,T,o,T,e,x,t,T,e,n,s,o,r,f,l,o,w,\,d,a,t,a,\,L,J,S,p,e,e,c,h,-,1,.,1,\,w,a,v,s,\,L,J,0,0,3,-,0,0,7,3,.,w,a,v
C,:,\,U,s,e,r,s,\,l,e,n,m,o,\,D,e,s,k,t,o,p,\,P,e,r,s,o,n,a,l,-,P,r,o,j,e,c,t,s,\,A,I,_,P,R,O,\,S,p,e,e,c,h,T,o,T,e,x,t,T,e,n,s,o,r,f,l,o,w,\,d,a,t,a,\,L,J,S,p,e,e,c,h,-,1,.,1,\,w,a,v,s,\,L,J,0,0,3,-,0,0,7,4,.,w,a,v
C,:,\,U,s,e,r,s,\,l,e,n,m,o,\,D,e,s,k,t,o,p,\,P,e,r,s,o,n,a,l,-,P,r,o,j,e,c,t,s,\,A,I,_,P,R,O,\,S,p,e,e,c,h,T,o,T,e,x,t,T,e,n,s,o,r,f,l,o,w,\,d,a,t,a,\,L,J,S,p,e,e,c,h,-,1,.,1,\,w,a,v,s,\,L,J,0,0,3,-,0,0,7,5,.,w,a,v
C,:,\,U,s,e,r,s,\,l,e,n,m,o,\,D,e,s,k,t,o,p,\,P,e,r,s,o,n,a,l,-,P,r,o,j,e,c,t,s,\,A,I,_,P,R,O,\,S,p,e,e,c,h,T,o,T,e,x,t,T,e,n,s,o,r,f,l,o,w,\,d,a,t,a,\,L,J,S,p,e,e,c,h,-,1,.,1,\,w,a,v,s,\,L,J,0,0,3,-,0,0,7,6,.,w,a,v
C,:,\,U,s,e,r,s,\,l,e,n,m,o,\,D,e,s,k,t,o,p,\,P,e,r,s,o,n,a,l,-,P,r,o,j,e,c,t,s,\,A,I,_,P,R,O,\,S,p,e,e,c,h,T,o,T,e,x,t,T,e,n,s,o,r,f,l,o,w,\,d,a,t,a,\,L,J,S,p,e,e,c,h,-,1,.,1,\,w,a,v,s,\,L,J,0,0,3,-,0,0,7,7,.,w,a,v
C,:,\,U,s,e,r,s,\,l,e,n,m,o,\,D,e,s,k,t,o,p,\,P,e,r,s,o,n,a,l,-,P,r,o,j,e,c,t,s,\,A,I,_,P,R,O,\,S,p,e,e,c,h,T,o,T,e,x,t,T,e,n,s,o,r,f,l,o,w,\,d,a,t,a,\,L,J,S,p,e,e,c,h,-,1,.,1,\,w,a,v,s,\,L,J,0,0,3,-,0,0,7,8,.,w,a,v
C,:,\,U,s,e,r,s,\,l,e,n,m,o,\,D,e,s,k,t,o,p,\,P,e,r,s,o,n,a,l,-,P,r,o,j,e,c,t,s,\,A,I,_,P,R,O,\,S,p,e,e,c,h,T,o,T,e,x,t,T,e,n,s,o,r,f,l,o,w,\,d,a,t,a,\,L,J,S,p,e,e,c,h,-,1,.,1,\,w,a,v,s,\,L,J,0,0,3,-,0,0,7,9,.,w,a,v
C,:,\,U,s,e,r,s,\,l,e,n,m,o,\,D,e,s,k,t,o,p,\,P,e,r,s,o,n,a,l,-,P,r,o,j,e,c,t,s,\,A,I,_,P,R,O,\,S,p,e,e,c,h,T,o,T,e,x,t,T,e,n,s,o,r,f,l,o,w,\,d,a,t,a,\,L,J,S,p,e,e,c,h,-,1,.,1,\,w,a,v,s,\,L,J,0,0,3,-,0,0,8,0,.,w,a,v
C,:,\,U,s,e,r,s,\,l,e,n,m,o,\,D,e,s,k,t,o,p,\,P,e,r,s,o,n,a,l,-,P,r,o,j,e,c,t,s,\,A,I,_,P,R,O,\,S,p,e,e,c,h,T,o,T,e,x,t,T,e,n,s,o,r,f,l,o,w,\,d,a,t,a,\,L,J,S,p,e,e,c,h,-,1,.,1,\,w,a,v,s,\,L,J,0,0,3,-,0,0,8,1,.,w,a,v
C,:,\,U,s,e,r,s,\,l,e,n,m,o,\,D,e,s,k,t,o,p,\,P,e,r,s,o,n,a,l,-,P,r,o,j,e,c,t,s,\,A,I,_,P,R,O,\,S,p,e,e,c,h,T,o,T,e,x,t,T,e,n,s,o,r,f,l,o,w,\,d,a,t,a,\,L,J,S,p,e,e,c,h,-,1,.,1,\,w,a,v,s,\,L,J,0,0,3,-,0,0,8,2,.,w,a,v
C,:,\,U,s,e,r,s,\,l,e,n,m,o,\,D,e,s,k,t,o,p,\,P,e,r,s,o,n,a,l,-,P,r,o,j,e,c,t,s,\,A,I,_,P,R,O,\,S,p,e,e,c,h,T,o,T,e,x,t,T,e,n,s,o,r,f,l,o,w,\,d,a,t,a,\,L,J,S,p,e,e,c,h,-,1,.,1,\,w,a,v,s,\,L,J,0,0,3,-,0,0,8,3,.,w,a,v
C,:,\,U,s,e,r,s,\,l,e,n,m,o,\,D,e,s,k,t,o,p,\,P,e,r,s,o,n,a,l,-,P,r,o,j,e,c,t,s,\,A,I,_,P,R,O,\,S,p,e,e,c,h,T,o,T,e,x,t,T,e,n,s,o,r,f,l,o,w,\,d,a,t,a,\,L,J,S,p,e,e,c,h,-,1,.,1,\,w,a,v,s,\,L,J,0,0,3,-,0,0,8,4,.,w,a,v
C,:,\,U,s,e,r,s,\,l,e,n,m,o,\,D,e,s,k,t,o,p,\,P,e,r,s,o,n,a,l,-,P,r,o,j,e,c,t,s,\,A,I,_,P,R,O,\,S,p,e,e,c,h,T,o,T,e,x,t,T,e,n,s,o,r,f,l,o,w,\,d,a,t,a,\,L,J,S,p,e,e,c,h,-,1,.,1,\,w,a,v,s,\,L,J,0,0,3,-,0,0,8,5,.,w,a,v
C,:,\,U,s,e,r,s,\,l,e,n,m,o,\,D,e,s,k,t,o,p,\,P,e,r,s,o,n,a,l,-,P,r,o,j,e,c,t,s,\,A,I,_,P,R,O,\,S,p,e,e,c,h,T,o,T,e,x,t,T,e,n,s,o,r,f,l,o,w,\,d,a,t,a,\,L,J,S,p,e,e,c,h,-,1,.,1,\,w,a,v,s,\,L,J,0,0,3,-,0,0,8,6,.,w,a,v
C,:,\,U,s,e,r,s,\,l,e,n,m,o,\,D,e,s,k,t,o,p,\,P,e,r,s,o,n,a,l,-,P,r,o,j,e,c,t,s,\,A,I,_,P,R,O,\,S,p,e,e,c,h,T,o,T,e,x,t,T,e,n,s,o,r,f,l,o,w,\,d,a,t,a,\,L,J,S,p,e,e,c,h,-,1,.,1,\,w,a,v,s,\,L,J,0,0,3,-,0,0,8,7,.,w,a,v
C,:,\,U,s,e,r,s,\,l,e,n,m,o,\,D,e,s,k,t,o,p,\,P,e,r,s,o,n,a,l,-,P,r,o,j,e,c,t,s,\,A,I,_,P,R,O,\,S,p,e,e,c,h,T,o,T,e,x,t,T,e,n,s,o,r,f,l,o,w,\,d,a,t,a,\,L,J,S,p,e,e,c,h,-,1,.,1,\,w,a,v,s,\,L,J,0,0,3,-,0,0,8,8,.,w,a,v
C,:,\,U,s,e,r,s,\,l,e,n,m,o,\,D,e,s,k,t,o,p,\,P,e,r,s,o,n,a,l,-,P,r,o,j,e,c,t,s,\,A,I,_,P,R,O,\,S,p,e,e,c,h,T,o,T,e,x,t,T,e,n,s,o,r,f,l,o,w,\,d,a,t,a,\,L,J,S,p,e,e,c,h,-,1,.,1,\,w,a,v,s,\,L,J,0,0,3,-,0,0,8,9,.,w,a,v
C,:,\,U,s,e,r,s,\,l,e,n,m,o,\,D,e,s,k,t,o,p,\,P,e,r,s,o,n,a,l,-,P,r,o,j,e,c,t,s,\,A,I,_,P,R,O,\,S,p,e,e,c,h,T,o,T,e,x,t,T,e,n,s,o,r,f,l,o,w,\,d,a,t,a,\,L,J,S,p,e,e,c,h,-,1,.,1,\,w,a,v,s,\,L,J,0,0,3,-,0,0,9,0,.,w,a,v
C,:,\,U,s,e,r,s,\,l,e,n,m,o,\,D,e,s,k,t,o,p,\,P,e,r,s,o,n,a,l,-,P,r,o,j,e,c,t,s,\,A,I,_,P,R,O,\,S,p,e,e,c,h,T,o,T,e,x,t,T,e,n,s,o,r,f,l,o,w,\,d,a,t,a,\,L,J,S,p,e,e,c,h,-,1,.,1,\,w,a,v,s,\,L,J,0,0,3,-,0,0,9,1,.,w,a,v
C,:,\,U,s,e,r,s,\,l,e,n,m,o,\,D,e,s,k,t,o,p,\,P,e,r,s,o,n,a,l,-,P,r,o,j,e,c,t,s,\,A,I,_,P,R,O,\,S,p,e,e,c,h,T,o,T,e,x,t,T,e,n,s,o,r,f,l,o,w,\,d,a,t,a,\,L,J,S,p,e,e,c,h,-,1,.,1,\,w,a,v,s,\,L,J,0,0,3,-,0,0,9,2,.,w,a,v
C,:,\,U,s,e,r,s,\,l,e,n,m,o,\,D,e,s,k,t,o,p,\,P,e,r,s,o,n,a,l,-,P,r,o,j,e,c,t,s,\,A,I,_,P,R,O,\,S,p,e,e,c,h,T,o,T,e,x,t,T,e,n,s,o,r,f,l,o,w,\,d,a,t,a,\,L,J,S,p,e,e,c,h,-,1,.,1,\,w,a,v,s,\,L,J,0,0,3,-,0,0,9,3,.,w,a,v
C,:,\,U,s,e,r,s,\,l,e,n,m,o,\,D,e,s,k,t,o,p,\,P,e,r,s,o,n,a,l,-,P,r,o,j,e,c,t,s,\,A,I,_,P,R,O,\,S,p,e,e,c,h,T,o,T,e,x,t,T,e,n,s,o,r,f,l,o,w,\,d,a,t,a,\,L,J,S,p,e,e,c,h,-,1,.,1,\,w,a,v,s,\,L,J,0,0,3,-,0,0,9,4,.,w,a,v
C,:,\,U,s,e,r,s,\,l,e,n,m,o,\,D,e,s,k,t,o,p,\,P,e,r,s,o,n,a,l,-,P,r,o,j,e,c,t,s,\,A,I,_,P,R,O,\,S,p,e,e,c,h,T,o,T,e,x,t,T,e,n,s,o,r,f,l,o,w,\,d,a,t,a,\,L,J,S,p,e,e,c,h,-,1,.,1,\,w,a,v,s,\,L,J,0,0,3,-,0,0,9,5,.,w,a,v
C,:,\,U,s,e,r,s,\,l,e,n,m,o,\,D,e,s,k,t,o,p,\,P,e,r,s,o,n,a,l,-,P,r,o,j,e,c,t,s,\,A,I,_,P,R,O,\,S,p,e,e,c,h,T,o,T,e,x,t,T,e,n,s,o,r,f,l,o,w,\,d,a,t,a,\,L,J,S,p,e,e,c,h,-,1,.,1,\,w,a,v,s,\,L,J,0,0,3,-,0,0,9,6,.,w,a,v
C,:,\,U,s,e,r,s,\,l,e,n,m,o,\,D,e,s,k,t,o,p,\,P,e,r,s,o,n,a,l,-,P,r,o,j,e,c,t,s,\,A,I,_,P,R,O,\,S,p,e,e,c,h,T,o,T,e,x,t,T,e,n,s,o,r,f,l,o,w,\,d,a,t,a,\,L,J,S,p,e,e,c,h,-,1,.,1,\,w,a,v,s,\,L,J,0,0,3,-,0,0,9,7,.,w,a,v
C,:,\,U,s,e,r,s,\,l,e,n,m,o,\,D,e,s,k,t,o,p,\,P,e,r,s,o,n,a,l,-,P,r,o,j,e,c,t,s,\,A,I,_,P,R,O,\,S,p,e,e,c,h,T,o,T,e,x,t,T,e,n,s,o,r,f,l,o,w,\,d,a,t,a,\,L,J,S,p,e,e,c,h,-,1,.,1,\,w,a,v,s,\,L,J,0,0,3,-,0,0,9,8,.,w,a,v
C,:,\,U,s,e,r,s,\,l,e,n,m,o,\,D,e,s,k,t,o,p,\,P,e,r,s,o,n,a,l,-,P,r,o,j,e,c,t,s,\,A,I,_,P,R,O,\,S,p,e,e,c,h,T,o,T,e,x,t,T,e,n,s,o,r,f,l,o,w,\,d,a,t,a,\,L,J,S,p,e,e,c,h,-,1,.,1,\,w,a,v,s,\,L,J,0,0,3,-,0,0,9,9,.,w,a,v
C,:,\,U,s,e,r,s,\,l,e,n,m,o,\,D,e,s,k,t,o,p,\,P,e,r,s,o,n,a,l,-,P,r,o,j,e,c,t,s,\,A,I,_,P,R,O,\,S,p,e,e,c,h,T,o,T,e,x,t,T,e,n,s,o,r,f,l,o,w,\,d,a,t,a,\,L,J,S,p,e,e,c,h,-,1,.,1,\,w,a,v,s,\,L,J,0,0,3,-,0,1,0,0,.,w,a,v
C,:,\,U,s,e,r,s,\,l,e,n,m,o,\,D,e,s,k,t,o,p,\,P,e,r,s,o,n,a,l,-,P,r,o,j,e,c,t,s,\,A,I,_,P,R,O,\,S,p,e,e,c,h,T,o,T,e,x,t,T,e,n,s,o,r,f,l,o,w,\,d,a,t,a,\,L,J,S,p,e,e,c,h,-,1,.,1,\,w,a,v,s,\,L,J,0,0,3,-,0,1,0,1,.,w,a,v
C,:,\,U,s,e,r,s,\,l,e,n,m,o,\,D,e,s,k,t,o,p,\,P,e,r,s,o,n,a,l,-,P,r,o,j,e,c,t,s,\,A,I,_,P,R,O,\,S,p,e,e,c,h,T,o,T,e,x,t,T,e,n,s,o,r,f,l,o,w,\,d,a,t,a,\,L,J,S,p,e,e,c,h,-,1,.,1,\,w,a,v,s,\,L,J,0,0,3,-,0,1,0,2,.,w,a,v
C,:,\,U,s,e,r,s,\,l,e,n,m,o,\,D,e,s,k,t,o,p,\,P,e,r,s,o,n,a,l,-,P,r,o,j,e,c,t,s,\,A,I,_,P,R,O,\,S,p,e,e,c,h,T,o,T,e,x,t,T,e,n,s,o,r,f,l,o,w,\,d,a,t,a,\,L,J,S,p,e,e,c,h,-,1,.,1,\,w,a,v,s,\,L,J,0,0,3,-,0,1,0,3,.,w,a,v
C,:,\,U,s,e,r,s,\,l,e,n,m,o,\,D,e,s,k,t,o,p,\,P,e,r,s,o,n,a,l,-,P,r,o,j,e,c,t,s,\,A,I,_,P,R,O,\,S,p,e,e,c,h,T,o,T,e,x,t,T,e,n,s,o,r,f,l,o,w,\,d,a,t,a,\,L,J,S,p,e,e,c,h,-,1,.,1,\,w,a,v,s,\,L,J,0,0,3,-,0,1,0,4,.,w,a,v
C,:,\,U,s,e,r,s,\,l,e,n,m,o,\,D,e,s,k,t,o,p,\,P,e,r,s,o,n,a,l,-,P,r,o,j,e,c,t,s,\,A,I,_,P,R,O,\,S,p,e,e,c,h,T,o,T,e,x,t,T,e,n,s,o,r,f,l,o,w,\,d,a,t,a,\,L,J,S,p,e,e,c,h,-,1,.,1,\,w,a,v,s,\,L,J,0,0,3,-,0,1,0,5,.,w,a,v
C,:,\,U,s,e,r,s,\,l,e,n,m,o,\,D,e,s,k,t,o,p,\,P,e,r,s,o,n,a,l,-,P,r,o,j,e,c,t,s,\,A,I,_,P,R,O,\,S,p,e,e,c,h,T,o,T,e,x,t,T,e,n,s,o,r,f,l,o,w,\,d,a,t,a,\,L,J,S,p,e,e,c,h,-,1,.,1,\,w,a,v,s,\,L,J,0,0,3,-,0,1,0,6,.,w,a,v
C,:,\,U,s,e,r,s,\,l,e,n,m,o,\,D,e,s,k,t,o,p,\,P,e,r,s,o,n,a,l,-,P,r,o,j,e,c,t,s,\,A,I,_,P,R,O,\,S,p,e,e,c,h,T,o,T,e,x,t,T,e,n,s,o,r,f,l,o,w,\,d,a,t,a,\,L,J,S,p,e,e,c,h,-,1,.,1,\,w,a,v,s,\,L,J,0,0,3,-,0,1,0,7,.,w,a,v
C,:,\,U,s,e,r,s,\,l,e,n,m,o,\,D,e,s,k,t,o,p,\,P,e,r,s,o,n,a,l,-,P,r,o,j,e,c,t,s,\,A,I,_,P,R,O,\,S,p,e,e,c,h,T,o,T,e,x,t,T,e,n,s,o,r,f,l,o,w,\,d,a,t,a,\,L,J,S,p,e,e,c,h,-,1,.,1,\,w,a,v,s,\,L,J,0,0,3,-,0,1,0,8,.,w,a,v
C,:,\,U,s,e,r,s,\,l,e,n,m,o,\,D,e,s,k,t,o,p,\,P,e,r,s,o,n,a,l,-,P,r,o,j,e,c,t,s,\,A,I,_,P,R,O,\,S,p,e,e,c,h,T,o,T,e,x,t,T,e,n,s,o,r,f,l,o,w,\,d,a,t,a,\,L,J,S,p,e,e,c,h,-,1,.,1,\,w,a,v,s,\,L,J,0,0,3,-,0,1,0,9,.,w,a,v
C,:,\,U,s,e,r,s,\,l,e,n,m,o,\,D,e,s,k,t,o,p,\,P,e,r,s,o,n,a,l,-,P,r,o,j,e,c,t,s,\,A,I,_,P,R,O,\,S,p,e,e,c,h,T,o,T,e,x,t,T,e,n,s,o,r,f,l,o,w,\,d,a,t,a,\,L,J,S,p,e,e,c,h,-,1,.,1,\,w,a,v,s,\,L,J,0,0,3,-,0,1,1,0,.,w,a,v
C,:,\,U,s,e,r,s,\,l,e,n,m,o,\,D,e,s,k,t,o,p,\,P,e,r,s,o,n,a,l,-,P,r,o,j,e,c,t,s,\,A,I,_,P,R,O,\,S,p,e,e,c,h,T,o,T,e,x,t,T,e,n,s,o,r,f,l,o,w,\,d,a,t,a,\,L,J,S,p,e,e,c,h,-,1,.,1,\,w,a,v,s,\,L,J,0,0,3,-,0,1,1,1,.,w,a,v
C,:,\,U,s,e,r,s,\,l,e,n,m,o,\,D,e,s,k,t,o,p,\,P,e,r,s,o,n,a,l,-,P,r,o,j,e,c,t,s,\,A,I,_,P,R,O,\,S,p,e,e,c,h,T,o,T,e,x,t,T,e,n,s,o,r,f,l,o,w,\,d,a,t,a,\,L,J,S,p,e,e,c,h,-,1,.,1,\,w,a,v,s,\,L,J,0,0,3,-,0,1,1,2,.,w,a,v
C,:,\,U,s,e,r,s,\,l,e,n,m,o,\,D,e,s,k,t,o,p,\,P,e,r,s,o,n,a,l,-,P,r,o,j,e,c,t,s,\,A,I,_,P,R,O,\,S,p,e,e,c,h,T,o,T,e,x,t,T,e,n,s,o,r,f,l,o,w,\,d,a,t,a,\,L,J,S,p,e,e,c,h,-,1,.,1,\,w,a,v,s,\,L,J,0,0,3,-,0,1,1,3,.,w,a,v
C,:,\,U,s,e,r,s,\,l,e,n,m,o,\,D,e,s,k,t,o,p,\,P,e,r,s,o,n,a,l,-,P,r,o,j,e,c,t,s,\,A,I,_,P,R,O,\,S,p,e,e,c,h,T,o,T,e,x,t,T,e,n,s,o,r,f,l,o,w,\,d,a,t,a,\,L,J,S,p,e,e,c,h,-,1,.,1,\,w,a,v,s,\,L,J,0,0,3,-,0,1,1,4,.,w,a,v
C,:,\,U,s,e,r,s,\,l,e,n,m,o,\,D,e,s,k,t,o,p,\,P,e,r,s,o,n,a,l,-,P,r,o,j,e,c,t,s,\,A,I,_,P,R,O,\,S,p,e,e,c,h,T,o,T,e,x,t,T,e,n,s,o,r,f,l,o,w,\,d,a,t,a,\,L,J,S,p,e,e,c,h,-,1,.,1,\,w,a,v,s,\,L,J,0,0,3,-,0,1,1,5,.,w,a,v
C,:,\,U,s,e,r,s,\,l,e,n,m,o,\,D,e,s,k,t,o,p,\,P,e,r,s,o,n,a,l,-,P,r,o,j,e,c,t,s,\,A,I,_,P,R,O,\,S,p,e,e,c,h,T,o,T,e,x,t,T,e,n,s,o,r,f,l,o,w,\,d,a,t,a,\,L,J,S,p,e,e,c,h,-,1,.,1,\,w,a,v,s,\,L,J,0,0,3,-,0,1,1,6,.,w,a,v
C,:,\,U,s,e,r,s,\,l,e,n,m,o,\,D,e,s,k,t,o,p,\,P,e,r,s,o,n,a,l,-,P,r,o,j,e,c,t,s,\,A,I,_,P,R,O,\,S,p,e,e,c,h,T,o,T,e,x,t,T,e,n,s,o,r,f,l,o,w,\,d,a,t,a,\,L,J,S,p,e,e,c,h,-,1,.,1,\,w,a,v,s,\,L,J,0,0,3,-,0,1,1,7,.,w,a,v
C,:,\,U,s,e,r,s,\,l,e,n,m,o,\,D,e,s,k,t,o,p,\,P,e,r,s,o,n,a,l,-,P,r,o,j,e,c,t,s,\,A,I,_,P,R,O,\,S,p,e,e,c,h,T,o,T,e,x,t,T,e,n,s,o,r,f,l,o,w,\,d,a,t,a,\,L,J,S,p,e,e,c,h,-,1,.,1,\,w,a,v,s,\,L,J,0,0,3,-,0,1,1,8,.,w,a,v
C,:,\,U,s,e,r,s,\,l,e,n,m,o,\,D,e,s,k,t,o,p,\,P,e,r,s,o,n,a,l,-,P,r,o,j,e,c,t,s,\,A,I,_,P,R,O,\,S,p,e,e,c,h,T,o,T,e,x,t,T,e,n,s,o,r,f,l,o,w,\,d,a,t,a,\,L,J,S,p,e,e,c,h,-,1,.,1,\,w,a,v,s,\,L,J,0,0,3,-,0,1,1,9,.,w,a,v
C,:,\,U,s,e,r,s,\,l,e,n,m,o,\,D,e,s,k,t,o,p,\,P,e,r,s,o,n,a,l,-,P,r,o,j,e,c,t,s,\,A,I,_,P,R,O,\,S,p,e,e,c,h,T,o,T,e,x,t,T,e,n,s,o,r,f,l,o,w,\,d,a,t,a,\,L,J,S,p,e,e,c,h,-,1,.,1,\,w,a,v,s,\,L,J,0,0,3,-,0,1,2,0,.,w,a,v
C,:,\,U,s,e,r,s,\,l,e,n,m,o,\,D,e,s,k,t,o,p,\,P,e,r,s,o,n,a,l,-,P,r,o,j,e,c,t,s,\,A,I,_,P,R,O,\,S,p,e,e,c,h,T,o,T,e,x,t,T,e,n,s,o,r,f,l,o,w,\,d,a,t,a,\,L,J,S,p,e,e,c,h,-,1,.,1,\,w,a,v,s,\,L,J,0,0,3,-,0,1,2,1,.,w,a,v
C,:,\,U,s,e,r,s,\,l,e,n,m,o,\,D,e,s,k,t,o,p,\,P,e,r,s,o,n,a,l,-,P,r,o,j,e,c,t,s,\,A,I,_,P,R,O,\,S,p,e,e,c,h,T,o,T,e,x,t,T,e,n,s,o,r,f,l,o,w,\,d,a,t,a,\,L,J,S,p,e,e,c,h,-,1,.,1,\,w,a,v,s,\,L,J,0,0,3,-,0,1,2,2,.,w,a,v
C,:,\,U,s,e,r,s,\,l,e,n,m,o,\,D,e,s,k,t,o,p,\,P,e,r,s,o,n,a,l,-,P,r,o,j,e,c,t,s,\,A,I,_,P,R,O,\,S,p,e,e,c,h,T,o,T,e,x,t,T,e,n,s,o,r,f,l,o,w,\,d,a,t,a,\,L,J,S,p,e,e,c,h,-,1,.,1,\,w,a,v,s,\,L,J,0,0,3,-,0,1,2,3,.,w,a,v
C,:,\,U,s,e,r,s,\,l,e,n,m,o,\,D,e,s,k,t,o,p,\,P,e,r,s,o,n,a,l,-,P,r,o,j,e,c,t,s,\,A,I,_,P,R,O,\,S,p,e,e,c,h,T,o,T,e,x,t,T,e,n,s,o,r,f,l,o,w,\,d,a,t,a,\,L,J,S,p,e,e,c,h,-,1,.,1,\,w,a,v,s,\,L,J,0,0,3,-,0,1,2,4,.,w,a,v
C,:,\,U,s,e,r,s,\,l,e,n,m,o,\,D,e,s,k,t,o,p,\,P,e,r,s,o,n,a,l,-,P,r,o,j,e,c,t,s,\,A,I,_,P,R,O,\,S,p,e,e,c,h,T,o,T,e,x,t,T,e,n,s,o,r,f,l,o,w,\,d,a,t,a,\,L,J,S,p,e,e,c,h,-,1,.,1,\,w,a,v,s,\,L,J,0,0,3,-,0,1,2,5,.,w,a,v
C,:,\,U,s,e,r,s,\,l,e,n,m,o,\,D,e,s,k,t,o,p,\,P,e,r,s,o,n,a,l,-,P,r,o,j,e,c,t,s,\,A,I,_,P,R,O,\,S,p,e,e,c,h,T,o,T,e,x,t,T,e,n,s,o,r,f,l,o,w,\,d,a,t,a,\,L,J,S,p,e,e,c,h,-,1,.,1,\,w,a,v,s,\,L,J,0,0,3,-,0,1,2,6,.,w,a,v
C,:,\,U,s,e,r,s,\,l,e,n,m,o,\,D,e,s,k,t,o,p,\,P,e,r,s,o,n,a,l,-,P,r,o,j,e,c,t,s,\,A,I,_,P,R,O,\,S,p,e,e,c,h,T,o,T,e,x,t,T,e,n,s,o,r,f,l,o,w,\,d,a,t,a,\,L,J,S,p,e,e,c,h,-,1,.,1,\,w,a,v,s,\,L,J,0,0,3,-,0,1,2,7,.,w,a,v
C,:,\,U,s,e,r,s,\,l,e,n,m,o,\,D,e,s,k,t,o,p,\,P,e,r,s,o,n,a,l,-,P,r,o,j,e,c,t,s,\,A,I,_,P,R,O,\,S,p,e,e,c,h,T,o,T,e,x,t,T,e,n,s,o,r,f,l,o,w,\,d,a,t,a,\,L,J,S,p,e,e,c,h,-,1,.,1,\,w,a,v,s,\,L,J,0,0,3,-,0,1,2,8,.,w,a,v
C,:,\,U,s,e,r,s,\,l,e,n,m,o,\,D,e,s,k,t,o,p,\,P,e,r,s,o,n,a,l,-,P,r,o,j,e,c,t,s,\,A,I,_,P,R,O,\,S,p,e,e,c,h,T,o,T,e,x,t,T,e,n,s,o,r,f,l,o,w,\,d,a,t,a,\,L,J,S,p,e,e,c,h,-,1,.,1,\,w,a,v,s,\,L,J,0,0,3,-,0,1,2,9,.,w,a,v
C,:,\,U,s,e,r,s,\,l,e,n,m,o,\,D,e,s,k,t,o,p,\,P,e,r,s,o,n,a,l,-,P,r,o,j,e,c,t,s,\,A,I,_,P,R,O,\,S,p,e,e,c,h,T,o,T,e,x,t,T,e,n,s,o,r,f,l,o,w,\,d,a,t,a,\,L,J,S,p,e,e,c,h,-,1,.,1,\,w,a,v,s,\,L,J,0,0,3,-,0,1,3,0,.,w,a,v
C,:,\,U,s,e,r,s,\,l,e,n,m,o,\,D,e,s,k,t,o,p,\,P,e,r,s,o,n,a,l,-,P,r,o,j,e,c,t,s,\,A,I,_,P,R,O,\,S,p,e,e,c,h,T,o,T,e,x,t,T,e,n,s,o,r,f,l,o,w,\,d,a,t,a,\,L,J,S,p,e,e,c,h,-,1,.,1,\,w,a,v,s,\,L,J,0,0,3,-,0,1,3,1,.,w,a,v
C,:,\,U,s,e,r,s,\,l,e,n,m,o,\,D,e,s,k,t,o,p,\,P,e,r,s,o,n,a,l,-,P,r,o,j,e,c,t,s,\,A,I,_,P,R,O,\,S,p,e,e,c,h,T,o,T,e,x,t,T,e,n,s,o,r,f,l,o,w,\,d,a,t,a,\,L,J,S,p,e,e,c,h,-,1,.,1,\,w,a,v,s,\,L,J,0,0,3,-,0,1,3,2,.,w,a,v
C,:,\,U,s,e,r,s,\,l,e,n,m,o,\,D,e,s,k,t,o,p,\,P,e,r,s,o,n,a,l,-,P,r,o,j,e,c,t,s,\,A,I,_,P,R,O,\,S,p,e,e,c,h,T,o,T,e,x,t,T,e,n,s,o,r,f,l,o,w,\,d,a,t,a,\,L,J,S,p,e,e,c,h,-,1,.,1,\,w,a,v,s,\,L,J,0,0,3,-,0,1,3,3,.,w,a,v
C,:,\,U,s,e,r,s,\,l,e,n,m,o,\,D,e,s,k,t,o,p,\,P,e,r,s,o,n,a,l,-,P,r,o,j,e,c,t,s,\,A,I,_,P,R,O,\,S,p,e,e,c,h,T,o,T,e,x,t,T,e,n,s,o,r,f,l,o,w,\,d,a,t,a,\,L,J,S,p,e,e,c,h,-,1,.,1,\,w,a,v,s,\,L,J,0,0,3,-,0,1,3,4,.,w,a,v
C,:,\,U,s,e,r,s,\,l,e,n,m,o,\,D,e,s,k,t,o,p,\,P,e,r,s,o,n,a,l,-,P,r,o,j,e,c,t,s,\,A,I,_,P,R,O,\,S,p,e,e,c,h,T,o,T,e,x,t,T,e,n,s,o,r,f,l,o,w,\,d,a,t,a,\,L,J,S,p,e,e,c,h,-,1,.,1,\,w,a,v,s,\,L,J,0,0,3,-,0,1,3,5,.,w,a,v
C,:,\,U,s,e,r,s,\,l,e,n,m,o,\,D,e,s,k,t,o,p,\,P,e,r,s,o,n,a,l,-,P,r,o,j,e,c,t,s,\,A,I,_,P,R,O,\,S,p,e,e,c,h,T,o,T,e,x,t,T,e,n,s,o,r,f,l,o,w,\,d,a,t,a,\,L,J,S,p,e,e,c,h,-,1,.,1,\,w,a,v,s,\,L,J,0,0,3,-,0,1,3,6,.,w,a,v
C,:,\,U,s,e,r,s,\,l,e,n,m,o,\,D,e,s,k,t,o,p,\,P,e,r,s,o,n,a,l,-,P,r,o,j,e,c,t,s,\,A,I,_,P,R,O,\,S,p,e,e,c,h,T,o,T,e,x,t,T,e,n,s,o,r,f,l,o,w,\,d,a,t,a,\,L,J,S,p,e,e,c,h,-,1,.,1,\,w,a,v,s,\,L,J,0,0,3,-,0,1,3,7,.,w,a,v
C,:,\,U,s,e,r,s,\,l,e,n,m,o,\,D,e,s,k,t,o,p,\,P,e,r,s,o,n,a,l,-,P,r,o,j,e,c,t,s,\,A,I,_,P,R,O,\,S,p,e,e,c,h,T,o,T,e,x,t,T,e,n,s,o,r,f,l,o,w,\,d,a,t,a,\,L,J,S,p,e,e,c,h,-,1,.,1,\,w,a,v,s,\,L,J,0,0,3,-,0,1,3,8,.,w,a,v
C,:,\,U,s,e,r,s,\,l,e,n,m,o,\,D,e,s,k,t,o,p,\,P,e,r,s,o,n,a,l,-,P,r,o,j,e,c,t,s,\,A,I,_,P,R,O,\,S,p,e,e,c,h,T,o,T,e,x,t,T,e,n,s,o,r,f,l,o,w,\,d,a,t,a,\,L,J,S,p,e,e,c,h,-,1,.,1,\,w,a,v,s,\,L,J,0,0,3,-,0,1,3,9,.,w,a,v
C,:,\,U,s,e,r,s,\,l,e,n,m,o,\,D,e,s,k,t,o,p,\,P,e,r,s,o,n,a,l,-,P,r,o,j,e,c,t,s,\,A,I,_,P,R,O,\,S,p,e,e,c,h,T,o,T,e,x,t,T,e,n,s,o,r,f,l,o,w,\,d,a,t,a,\,L,J,S,p,e,e,c,h,-,1,.,1,\,w,a,v,s,\,L,J,0,0,3,-,0,1,4,0,.,w,a,v
C,:,\,U,s,e,r,s,\,l,e,n,m,o,\,D,e,s,k,t,o,p,\,P,e,r,s,o,n,a,l,-,P,r,o,j,e,c,t,s,\,A,I,_,P,R,O,\,S,p,e,e,c,h,T,o,T,e,x,t,T,e,n,s,o,r,f,l,o,w,\,d,a,t,a,\,L,J,S,p,e,e,c,h,-,1,.,1,\,w,a,v,s,\,L,J,0,0,3,-,0,1,4,1,.,w,a,v
C,:,\,U,s,e,r,s,\,l,e,n,m,o,\,D,e,s,k,t,o,p,\,P,e,r,s,o,n,a,l,-,P,r,o,j,e,c,t,s,\,A,I,_,P,R,O,\,S,p,e,e,c,h,T,o,T,e,x,t,T,e,n,s,o,r,f,l,o,w,\,d,a,t,a,\,L,J,S,p,e,e,c,h,-,1,.,1,\,w,a,v,s,\,L,J,0,0,3,-,0,1,4,2,.,w,a,v
C,:,\,U,s,e,r,s,\,l,e,n,m,o,\,D,e,s,k,t,o,p,\,P,e,r,s,o,n,a,l,-,P,r,o,j,e,c,t,s,\,A,I,_,P,R,O,\,S,p,e,e,c,h,T,o,T,e,x,t,T,e,n,s,o,r,f,l,o,w,\,d,a,t,a,\,L,J,S,p,e,e,c,h,-,1,.,1,\,w,a,v,s,\,L,J,0,0,3,-,0,1,4,3,.,w,a,v
C,:,\,U,s,e,r,s,\,l,e,n,m,o,\,D,e,s,k,t,o,p,\,P,e,r,s,o,n,a,l,-,P,r,o,j,e,c,t,s,\,A,I,_,P,R,O,\,S,p,e,e,c,h,T,o,T,e,x,t,T,e,n,s,o,r,f,l,o,w,\,d,a,t,a,\,L,J,S,p,e,e,c,h,-,1,.,1,\,w,a,v,s,\,L,J,0,0,3,-,0,1,4,4,.,w,a,v
C,:,\,U,s,e,r,s,\,l,e,n,m,o,\,D,e,s,k,t,o,p,\,P,e,r,s,o,n,a,l,-,P,r,o,j,e,c,t,s,\,A,I,_,P,R,O,\,S,p,e,e,c,h,T,o,T,e,x,t,T,e,n,s,o,r,f,l,o,w,\,d,a,t,a,\,L,J,S,p,e,e,c,h,-,1,.,1,\,w,a,v,s,\,L,J,0,0,3,-,0,1,4,5,.,w,a,v
C,:,\,U,s,e,r,s,\,l,e,n,m,o,\,D,e,s,k,t,o,p,\,P,e,r,s,o,n,a,l,-,P,r,o,j,e,c,t,s,\,A,I,_,P,R,O,\,S,p,e,e,c,h,T,o,T,e,x,t,T,e,n,s,o,r,f,l,o,w,\,d,a,t,a,\,L,J,S,p,e,e,c,h,-,1,.,1,\,w,a,v,s,\,L,J,0,0,3,-,0,1,4,6,.,w,a,v
C,:,\,U,s,e,r,s,\,l,e,n,m,o,\,D,e,s,k,t,o,p,\,P,e,r,s,o,n,a,l,-,P,r,o,j,e,c,t,s,\,A,I,_,P,R,O,\,S,p,e,e,c,h,T,o,T,e,x,t,T,e,n,s,o,r,f,l,o,w,\,d,a,t,a,\,L,J,S,p,e,e,c,h,-,1,.,1,\,w,a,v,s,\,L,J,0,0,3,-,0,1,4,7,.,w,a,v
C,:,\,U,s,e,r,s,\,l,e,n,m,o,\,D,e,s,k,t,o,p,\,P,e,r,s,o,n,a,l,-,P,r,o,j,e,c,t,s,\,A,I,_,P,R,O,\,S,p,e,e,c,h,T,o,T,e,x,t,T,e,n,s,o,r,f,l,o,w,\,d,a,t,a,\,L,J,S,p,e,e,c,h,-,1,.,1,\,w,a,v,s,\,L,J,0,0,3,-,0,1,4,8,.,w,a,v
C,:,\,U,s,e,r,s,\,l,e,n,m,o,\,D,e,s,k,t,o,p,\,P,e,r,s,o,n,a,l,-,P,r,o,j,e,c,t,s,\,A,I,_,P,R,O,\,S,p,e,e,c,h,T,o,T,e,x,t,T,e,n,s,o,r,f,l,o,w,\,d,a,t,a,\,L,J,S,p,e,e,c,h,-,1,.,1,\,w,a,v,s,\,L,J,0,0,3,-,0,1,4,9,.,w,a,v
C,:,\,U,s,e,r,s,\,l,e,n,m,o,\,D,e,s,k,t,o,p,\,P,e,r,s,o,n,a,l,-,P,r,o,j,e,c,t,s,\,A,I,_,P,R,O,\,S,p,e,e,c,h,T,o,T,e,x,t,T,e,n,s,o,r,f,l,o,w,\,d,a,t,a,\,L,J,S,p,e,e,c,h,-,1,.,1,\,w,a,v,s,\,L,J,0,0,3,-,0,1,5,0,.,w,a,v
C,:,\,U,s,e,r,s,\,l,e,n,m,o,\,D,e,s,k,t,o,p,\,P,e,r,s,o,n,a,l,-,P,r,o,j,e,c,t,s,\,A,I,_,P,R,O,\,S,p,e,e,c,h,T,o,T,e,x,t,T,e,n,s,o,r,f,l,o,w,\,d,a,t,a,\,L,J,S,p,e,e,c,h,-,1,.,1,\,w,a,v,s,\,L,J,0,0,3,-,0,1,5,1,.,w,a,v
C,:,\,U,s,e,r,s,\,l,e,n,m,o,\,D,e,s,k,t,o,p,\,P,e,r,s,o,n,a,l,-,P,r,o,j,e,c,t,s,\,A,I,_,P,R,O,\,S,p,e,e,c,h,T,o,T,e,x,t,T,e,n,s,o,r,f,l,o,w,\,d,a,t,a,\,L,J,S,p,e,e,c,h,-,1,.,1,\,w,a,v,s,\,L,J,0,0,3,-,0,1,5,2,.,w,a,v
C,:,\,U,s,e,r,s,\,l,e,n,m,o,\,D,e,s,k,t,o,p,\,P,e,r,s,o,n,a,l,-,P,r,o,j,e,c,t,s,\,A,I,_,P,R,O,\,S,p,e,e,c,h,T,o,T,e,x,t,T,e,n,s,o,r,f,l,o,w,\,d,a,t,a,\,L,J,S,p,e,e,c,h,-,1,.,1,\,w,a,v,s,\,L,J,0,0,3,-,0,1,5,3,.,w,a,v
C,:,\,U,s,e,r,s,\,l,e,n,m,o,\,D,e,s,k,t,o,p,\,P,e,r,s,o,n,a,l,-,P,r,o,j,e,c,t,s,\,A,I,_,P,R,O,\,S,p,e,e,c,h,T,o,T,e,x,t,T,e,n,s,o,r,f,l,o,w,\,d,a,t,a,\,L,J,S,p,e,e,c,h,-,1,.,1,\,w,a,v,s,\,L,J,0,0,3,-,0,1,5,4,.,w,a,v
C,:,\,U,s,e,r,s,\,l,e,n,m,o,\,D,e,s,k,t,o,p,\,P,e,r,s,o,n,a,l,-,P,r,o,j,e,c,t,s,\,A,I,_,P,R,O,\,S,p,e,e,c,h,T,o,T,e,x,t,T,e,n,s,o,r,f,l,o,w,\,d,a,t,a,\,L,J,S,p,e,e,c,h,-,1,.,1,\,w,a,v,s,\,L,J,0,0,3,-,0,1,5,5,.,w,a,v
C,:,\,U,s,e,r,s,\,l,e,n,m,o,\,D,e,s,k,t,o,p,\,P,e,r,s,o,n,a,l,-,P,r,o,j,e,c,t,s,\,A,I,_,P,R,O,\,S,p,e,e,c,h,T,o,T,e,x,t,T,e,n,s,o,r,f,l,o,w,\,d,a,t,a,\,L,J,S,p,e,e,c,h,-,1,.,1,\,w,a,v,s,\,L,J,0,0,3,-,0,1,5,6,.,w,a,v
C,:,\,U,s,e,r,s,\,l,e,n,m,o,\,D,e,s,k,t,o,p,\,P,e,r,s,o,n,a,l,-,P,r,o,j,e,c,t,s,\,A,I,_,P,R,O,\,S,p,e,e,c,h,T,o,T,e,x,t,T,e,n,s,o,r,f,l,o,w,\,d,a,t,a,\,L,J,S,p,e,e,c,h,-,1,.,1,\,w,a,v,s,\,L,J,0,0,3,-,0,1,5,7,.,w,a,v
C,:,\,U,s,e,r,s,\,l,e,n,m,o,\,D,e,s,k,t,o,p,\,P,e,r,s,o,n,a,l,-,P,r,o,j,e,c,t,s,\,A,I,_,P,R,O,\,S,p,e,e,c,h,T,o,T,e,x,t,T,e,n,s,o,r,f,l,o,w,\,d,a,t,a,\,L,J,S,p,e,e,c,h,-,1,.,1,\,w,a,v,s,\,L,J,0,0,3,-,0,1,5,8,.,w,a,v
C,:,\,U,s,e,r,s,\,l,e,n,m,o,\,D,e,s,k,t,o,p,\,P,e,r,s,o,n,a,l,-,P,r,o,j,e,c,t,s,\,A,I,_,P,R,O,\,S,p,e,e,c,h,T,o,T,e,x,t,T,e,n,s,o,r,f,l,o,w,\,d,a,t,a,\,L,J,S,p,e,e,c,h,-,1,.,1,\,w,a,v,s,\,L,J,0,0,3,-,0,1,5,9,.,w,a,v
C,:,\,U,s,e,r,s,\,l,e,n,m,o,\,D,e,s,k,t,o,p,\,P,e,r,s,o,n,a,l,-,P,r,o,j,e,c,t,s,\,A,I,_,P,R,O,\,S,p,e,e,c,h,T,o,T,e,x,t,T,e,n,s,o,r,f,l,o,w,\,d,a,t,a,\,L,J,S,p,e,e,c,h,-,1,.,1,\,w,a,v,s,\,L,J,0,0,3,-,0,1,6,0,.,w,a,v
C,:,\,U,s,e,r,s,\,l,e,n,m,o,\,D,e,s,k,t,o,p,\,P,e,r,s,o,n,a,l,-,P,r,o,j,e,c,t,s,\,A,I,_,P,R,O,\,S,p,e,e,c,h,T,o,T,e,x,t,T,e,n,s,o,r,f,l,o,w,\,d,a,t,a,\,L,J,S,p,e,e,c,h,-,1,.,1,\,w,a,v,s,\,L,J,0,0,3,-,0,1,6,1,.,w,a,v
C,:,\,U,s,e,r,s,\,l,e,n,m,o,\,D,e,s,k,t,o,p,\,P,e,r,s,o,n,a,l,-,P,r,o,j,e,c,t,s,\,A,I,_,P,R,O,\,S,p,e,e,c,h,T,o,T,e,x,t,T,e,n,s,o,r,f,l,o,w,\,d,a,t,a,\,L,J,S,p,e,e,c,h,-,1,.,1,\,w,a,v,s,\,L,J,0,0,3,-,0,1,6,2,.,w,a,v
C,:,\,U,s,e,r,s,\,l,e,n,m,o,\,D,e,s,k,t,o,p,\,P,e,r,s,o,n,a,l,-,P,r,o,j,e,c,t,s,\,A,I,_,P,R,O,\,S,p,e,e,c,h,T,o,T,e,x,t,T,e,n,s,o,r,f,l,o,w,\,d,a,t,a,\,L,J,S,p,e,e,c,h,-,1,.,1,\,w,a,v,s,\,L,J,0,0,3,-,0,1,6,3,.,w,a,v
C,:,\,U,s,e,r,s,\,l,e,n,m,o,\,D,e,s,k,t,o,p,\,P,e,r,s,o,n,a,l,-,P,r,o,j,e,c,t,s,\,A,I,_,P,R,O,\,S,p,e,e,c,h,T,o,T,e,x,t,T,e,n,s,o,r,f,l,o,w,\,d,a,t,a,\,L,J,S,p,e,e,c,h,-,1,.,1,\,w,a,v,s,\,L,J,0,0,3,-,0,1,6,4,.,w,a,v
C,:,\,U,s,e,r,s,\,l,e,n,m,o,\,D,e,s,k,t,o,p,\,P,e,r,s,o,n,a,l,-,P,r,o,j,e,c,t,s,\,A,I,_,P,R,O,\,S,p,e,e,c,h,T,o,T,e,x,t,T,e,n,s,o,r,f,l,o,w,\,d,a,t,a,\,L,J,S,p,e,e,c,h,-,1,.,1,\,w,a,v,s,\,L,J,0,0,3,-,0,1,6,5,.,w,a,v
C,:,\,U,s,e,r,s,\,l,e,n,m,o,\,D,e,s,k,t,o,p,\,P,e,r,s,o,n,a,l,-,P,r,o,j,e,c,t,s,\,A,I,_,P,R,O,\,S,p,e,e,c,h,T,o,T,e,x,t,T,e,n,s,o,r,f,l,o,w,\,d,a,t,a,\,L,J,S,p,e,e,c,h,-,1,.,1,\,w,a,v,s,\,L,J,0,0,3,-,0,1,6,6,.,w,a,v
C,:,\,U,s,e,r,s,\,l,e,n,m,o,\,D,e,s,k,t,o,p,\,P,e,r,s,o,n,a,l,-,P,r,o,j,e,c,t,s,\,A,I,_,P,R,O,\,S,p,e,e,c,h,T,o,T,e,x,t,T,e,n,s,o,r,f,l,o,w,\,d,a,t,a,\,L,J,S,p,e,e,c,h,-,1,.,1,\,w,a,v,s,\,L,J,0,0,3,-,0,1,6,7,.,w,a,v
C,:,\,U,s,e,r,s,\,l,e,n,m,o,\,D,e,s,k,t,o,p,\,P,e,r,s,o,n,a,l,-,P,r,o,j,e,c,t,s,\,A,I,_,P,R,O,\,S,p,e,e,c,h,T,o,T,e,x,t,T,e,n,s,o,r,f,l,o,w,\,d,a,t,a,\,L,J,S,p,e,e,c,h,-,1,.,1,\,w,a,v,s,\,L,J,0,0,3,-,0,1,6,8,.,w,a,v
C,:,\,U,s,e,r,s,\,l,e,n,m,o,\,D,e,s,k,t,o,p,\,P,e,r,s,o,n,a,l,-,P,r,o,j,e,c,t,s,\,A,I,_,P,R,O,\,S,p,e,e,c,h,T,o,T,e,x,t,T,e,n,s,o,r,f,l,o,w,\,d,a,t,a,\,L,J,S,p,e,e,c,h,-,1,.,1,\,w,a,v,s,\,L,J,0,0,3,-,0,1,6,9,.,w,a,v
C,:,\,U,s,e,r,s,\,l,e,n,m,o,\,D,e,s,k,t,o,p,\,P,e,r,s,o,n,a,l,-,P,r,o,j,e,c,t,s,\,A,I,_,P,R,O,\,S,p,e,e,c,h,T,o,T,e,x,t,T,e,n,s,o,r,f,l,o,w,\,d,a,t,a,\,L,J,S,p,e,e,c,h,-,1,.,1,\,w,a,v,s,\,L,J,0,0,3,-,0,1,7,0,.,w,a,v
C,:,\,U,s,e,r,s,\,l,e,n,m,o,\,D,e,s,k,t,o,p,\,P,e,r,s,o,n,a,l,-,P,r,o,j,e,c,t,s,\,A,I,_,P,R,O,\,S,p,e,e,c,h,T,o,T,e,x,t,T,e,n,s,o,r,f,l,o,w,\,d,a,t,a,\,L,J,S,p,e,e,c,h,-,1,.,1,\,w,a,v,s,\,L,J,0,0,3,-,0,1,7,1,.,w,a,v
C,:,\,U,s,e,r,s,\,l,e,n,m,o,\,D,e,s,k,t,o,p,\,P,e,r,s,o,n,a,l,-,P,r,o,j,e,c,t,s,\,A,I,_,P,R,O,\,S,p,e,e,c,h,T,o,T,e,x,t,T,e,n,s,o,r,f,l,o,w,\,d,a,t,a,\,L,J,S,p,e,e,c,h,-,1,.,1,\,w,a,v,s,\,L,J,0,0,3,-,0,1,7,2,.,w,a,v
C,:,\,U,s,e,r,s,\,l,e,n,m,o,\,D,e,s,k,t,o,p,\,P,e,r,s,o,n,a,l,-,P,r,o,j,e,c,t,s,\,A,I,_,P,R,O,\,S,p,e,e,c,h,T,o,T,e,x,t,T,e,n,s,o,r,f,l,o,w,\,d,a,t,a,\,L,J,S,p,e,e,c,h,-,1,.,1,\,w,a,v,s,\,L,J,0,0,3,-,0,1,7,3,.,w,a,v
C,:,\,U,s,e,r,s,\,l,e,n,m,o,\,D,e,s,k,t,o,p,\,P,e,r,s,o,n,a,l,-,P,r,o,j,e,c,t,s,\,A,I,_,P,R,O,\,S,p,e,e,c,h,T,o,T,e,x,t,T,e,n,s,o,r,f,l,o,w,\,d,a,t,a,\,L,J,S,p,e,e,c,h,-,1,.,1,\,w,a,v,s,\,L,J,0,0,3,-,0,1,7,4,.,w,a,v
C,:,\,U,s,e,r,s,\,l,e,n,m,o,\,D,e,s,k,t,o,p,\,P,e,r,s,o,n,a,l,-,P,r,o,j,e,c,t,s,\,A,I,_,P,R,O,\,S,p,e,e,c,h,T,o,T,e,x,t,T,e,n,s,o,r,f,l,o,w,\,d,a,t,a,\,L,J,S,p,e,e,c,h,-,1,.,1,\,w,a,v,s,\,L,J,0,0,3,-,0,1,7,5,.,w,a,v
C,:,\,U,s,e,r,s,\,l,e,n,m,o,\,D,e,s,k,t,o,p,\,P,e,r,s,o,n,a,l,-,P,r,o,j,e,c,t,s,\,A,I,_,P,R,O,\,S,p,e,e,c,h,T,o,T,e,x,t,T,e,n,s,o,r,f,l,o,w,\,d,a,t,a,\,L,J,S,p,e,e,c,h,-,1,.,1,\,w,a,v,s,\,L,J,0,0,3,-,0,1,7,6,.,w,a,v
C,:,\,U,s,e,r,s,\,l,e,n,m,o,\,D,e,s,k,t,o,p,\,P,e,r,s,o,n,a,l,-,P,r,o,j,e,c,t,s,\,A,I,_,P,R,O,\,S,p,e,e,c,h,T,o,T,e,x,t,T,e,n,s,o,r,f,l,o,w,\,d,a,t,a,\,L,J,S,p,e,e,c,h,-,1,.,1,\,w,a,v,s,\,L,J,0,0,3,-,0,1,7,7,.,w,a,v
C,:,\,U,s,e,r,s,\,l,e,n,m,o,\,D,e,s,k,t,o,p,\,P,e,r,s,o,n,a,l,-,P,r,o,j,e,c,t,s,\,A,I,_,P,R,O,\,S,p,e,e,c,h,T,o,T,e,x,t,T,e,n,s,o,r,f,l,o,w,\,d,a,t,a,\,L,J,S,p,e,e,c,h,-,1,.,1,\,w,a,v,s,\,L,J,0,0,3,-,0,1,7,8,.,w,a,v
C,:,\,U,s,e,r,s,\,l,e,n,m,o,\,D,e,s,k,t,o,p,\,P,e,r,s,o,n,a,l,-,P,r,o,j,e,c,t,s,\,A,I,_,P,R,O,\,S,p,e,e,c,h,T,o,T,e,x,t,T,e,n,s,o,r,f,l,o,w,\,d,a,t,a,\,L,J,S,p,e,e,c,h,-,1,.,1,\,w,a,v,s,\,L,J,0,0,3,-,0,1,7,9,.,w,a,v
C,:,\,U,s,e,r,s,\,l,e,n,m,o,\,D,e,s,k,t,o,p,\,P,e,r,s,o,n,a,l,-,P,r,o,j,e,c,t,s,\,A,I,_,P,R,O,\,S,p,e,e,c,h,T,o,T,e,x,t,T,e,n,s,o,r,f,l,o,w,\,d,a,t,a,\,L,J,S,p,e,e,c,h,-,1,.,1,\,w,a,v,s,\,L,J,0,0,3,-,0,1,8,0,.,w,a,v
C,:,\,U,s,e,r,s,\,l,e,n,m,o,\,D,e,s,k,t,o,p,\,P,e,r,s,o,n,a,l,-,P,r,o,j,e,c,t,s,\,A,I,_,P,R,O,\,S,p,e,e,c,h,T,o,T,e,x,t,T,e,n,s,o,r,f,l,o,w,\,d,a,t,a,\,L,J,S,p,e,e,c,h,-,1,.,1,\,w,a,v,s,\,L,J,0,0,3,-,0,1,8,1,.,w,a,v
C,:,\,U,s,e,r,s,\,l,e,n,m,o,\,D,e,s,k,t,o,p,\,P,e,r,s,o,n,a,l,-,P,r,o,j,e,c,t,s,\,A,I,_,P,R,O,\,S,p,e,e,c,h,T,o,T,e,x,t,T,e,n,s,o,r,f,l,o,w,\,d,a,t,a,\,L,J,S,p,e,e,c,h,-,1,.,1,\,w,a,v,s,\,L,J,0,0,3,-,0,1,8,2,.,w,a,v
C,:,\,U,s,e,r,s,\,l,e,n,m,o,\,D,e,s,k,t,o,p,\,P,e,r,s,o,n,a,l,-,P,r,o,j,e,c,t,s,\,A,I,_,P,R,O,\,S,p,e,e,c,h,T,o,T,e,x,t,T,e,n,s,o,r,f,l,o,w,\,d,a,t,a,\,L,J,S,p,e,e,c,h,-,1,.,1,\,w,a,v,s,\,L,J,0,0,3,-,0,1,8,3,.,w,a,v
C,:,\,U,s,e,r,s,\,l,e,n,m,o,\,D,e,s,k,t,o,p,\,P,e,r,s,o,n,a,l,-,P,r,o,j,e,c,t,s,\,A,I,_,P,R,O,\,S,p,e,e,c,h,T,o,T,e,x,t,T,e,n,s,o,r,f,l,o,w,\,d,a,t,a,\,L,J,S,p,e,e,c,h,-,1,.,1,\,w,a,v,s,\,L,J,0,0,3,-,0,1,8,4,.,w,a,v
C,:,\,U,s,e,r,s,\,l,e,n,m,o,\,D,e,s,k,t,o,p,\,P,e,r,s,o,n,a,l,-,P,r,o,j,e,c,t,s,\,A,I,_,P,R,O,\,S,p,e,e,c,h,T,o,T,e,x,t,T,e,n,s,o,r,f,l,o,w,\,d,a,t,a,\,L,J,S,p,e,e,c,h,-,1,.,1,\,w,a,v,s,\,L,J,0,0,3,-,0,1,8,5,.,w,a,v
C,:,\,U,s,e,r,s,\,l,e,n,m,o,\,D,e,s,k,t,o,p,\,P,e,r,s,o,n,a,l,-,P,r,o,j,e,c,t,s,\,A,I,_,P,R,O,\,S,p,e,e,c,h,T,o,T,e,x,t,T,e,n,s,o,r,f,l,o,w,\,d,a,t,a,\,L,J,S,p,e,e,c,h,-,1,.,1,\,w,a,v,s,\,L,J,0,0,3,-,0,1,8,6,.,w,a,v
C,:,\,U,s,e,r,s,\,l,e,n,m,o,\,D,e,s,k,t,o,p,\,P,e,r,s,o,n,a,l,-,P,r,o,j,e,c,t,s,\,A,I,_,P,R,O,\,S,p,e,e,c,h,T,o,T,e,x,t,T,e,n,s,o,r,f,l,o,w,\,d,a,t,a,\,L,J,S,p,e,e,c,h,-,1,.,1,\,w,a,v,s,\,L,J,0,0,3,-,0,1,8,7,.,w,a,v
C,:,\,U,s,e,r,s,\,l,e,n,m,o,\,D,e,s,k,t,o,p,\,P,e,r,s,o,n,a,l,-,P,r,o,j,e,c,t,s,\,A,I,_,P,R,O,\,S,p,e,e,c,h,T,o,T,e,x,t,T,e,n,s,o,r,f,l,o,w,\,d,a,t,a,\,L,J,S,p,e,e,c,h,-,1,.,1,\,w,a,v,s,\,L,J,0,0,3,-,0,1,8,8,.,w,a,v
C,:,\,U,s,e,r,s,\,l,e,n,m,o,\,D,e,s,k,t,o,p,\,P,e,r,s,o,n,a,l,-,P,r,o,j,e,c,t,s,\,A,I,_,P,R,O,\,S,p,e,e,c,h,T,o,T,e,x,t,T,e,n,s,o,r,f,l,o,w,\,d,a,t,a,\,L,J,S,p,e,e,c,h,-,1,.,1,\,w,a,v,s,\,L,J,0,0,3,-,0,1,8,9,.,w,a,v
C,:,\,U,s,e,r,s,\,l,e,n,m,o,\,D,e,s,k,t,o,p,\,P,e,r,s,o,n,a,l,-,P,r,o,j,e,c,t,s,\,A,I,_,P,R,O,\,S,p,e,e,c,h,T,o,T,e,x,t,T,e,n,s,o,r,f,l,o,w,\,d,a,t,a,\,L,J,S,p,e,e,c,h,-,1,.,1,\,w,a,v,s,\,L,J,0,0,3,-,0,1,9,0,.,w,a,v
C,:,\,U,s,e,r,s,\,l,e,n,m,o,\,D,e,s,k,t,o,p,\,P,e,r,s,o,n,a,l,-,P,r,o,j,e,c,t,s,\,A,I,_,P,R,O,\,S,p,e,e,c,h,T,o,T,e,x,t,T,e,n,s,o,r,f,l,o,w,\,d,a,t,a,\,L,J,S,p,e,e,c,h,-,1,.,1,\,w,a,v,s,\,L,J,0,0,3,-,0,1,9,1,.,w,a,v
C,:,\,U,s,e,r,s,\,l,e,n,m,o,\,D,e,s,k,t,o,p,\,P,e,r,s,o,n,a,l,-,P,r,o,j,e,c,t,s,\,A,I,_,P,R,O,\,S,p,e,e,c,h,T,o,T,e,x,t,T,e,n,s,o,r,f,l,o,w,\,d,a,t,a,\,L,J,S,p,e,e,c,h,-,1,.,1,\,w,a,v,s,\,L,J,0,0,3,-,0,1,9,2,.,w,a,v
C,:,\,U,s,e,r,s,\,l,e,n,m,o,\,D,e,s,k,t,o,p,\,P,e,r,s,o,n,a,l,-,P,r,o,j,e,c,t,s,\,A,I,_,P,R,O,\,S,p,e,e,c,h,T,o,T,e,x,t,T,e,n,s,o,r,f,l,o,w,\,d,a,t,a,\,L,J,S,p,e,e,c,h,-,1,.,1,\,w,a,v,s,\,L,J,0,0,3,-,0,1,9,3,.,w,a,v
C,:,\,U,s,e,r,s,\,l,e,n,m,o,\,D,e,s,k,t,o,p,\,P,e,r,s,o,n,a,l,-,P,r,o,j,e,c,t,s,\,A,I,_,P,R,O,\,S,p,e,e,c,h,T,o,T,e,x,t,T,e,n,s,o,r,f,l,o,w,\,d,a,t,a,\,L,J,S,p,e,e,c,h,-,1,.,1,\,w,a,v,s,\,L,J,0,0,3,-,0,1,9,4,.,w,a,v
C,:,\,U,s,e,r,s,\,l,e,n,m,o,\,D,e,s,k,t,o,p,\,P,e,r,s,o,n,a,l,-,P,r,o,j,e,c,t,s,\,A,I,_,P,R,O,\,S,p,e,e,c,h,T,o,T,e,x,t,T,e,n,s,o,r,f,l,o,w,\,d,a,t,a,\,L,J,S,p,e,e,c,h,-,1,.,1,\,w,a,v,s,\,L,J,0,0,3,-,0,1,9,5,.,w,a,v
C,:,\,U,s,e,r,s,\,l,e,n,m,o,\,D,e,s,k,t,o,p,\,P,e,r,s,o,n,a,l,-,P,r,o,j,e,c,t,s,\,A,I,_,P,R,O,\,S,p,e,e,c,h,T,o,T,e,x,t,T,e,n,s,o,r,f,l,o,w,\,d,a,t,a,\,L,J,S,p,e,e,c,h,-,1,.,1,\,w,a,v,s,\,L,J,0,0,3,-,0,1,9,6,.,w,a,v
C,:,\,U,s,e,r,s,\,l,e,n,m,o,\,D,e,s,k,t,o,p,\,P,e,r,s,o,n,a,l,-,P,r,o,j,e,c,t,s,\,A,I,_,P,R,O,\,S,p,e,e,c,h,T,o,T,e,x,t,T,e,n,s,o,r,f,l,o,w,\,d,a,t,a,\,L,J,S,p,e,e,c,h,-,1,.,1,\,w,a,v,s,\,L,J,0,0,3,-,0,1,9,7,.,w,a,v
C,:,\,U,s,e,r,s,\,l,e,n,m,o,\,D,e,s,k,t,o,p,\,P,e,r,s,o,n,a,l,-,P,r,o,j,e,c,t,s,\,A,I,_,P,R,O,\,S,p,e,e,c,h,T,o,T,e,x,t,T,e,n,s,o,r,f,l,o,w,\,d,a,t,a,\,L,J,S,p,e,e,c,h,-,1,.,1,\,w,a,v,s,\,L,J,0,0,3,-,0,1,9,8,.,w,a,v
C,:,\,U,s,e,r,s,\,l,e,n,m,o,\,D,e,s,k,t,o,p,\,P,e,r,s,o,n,a,l,-,P,r,o,j,e,c,t,s,\,A,I,_,P,R,O,\,S,p,e,e,c,h,T,o,T,e,x,t,T,e,n,s,o,r,f,l,o,w,\,d,a,t,a,\,L,J,S,p,e,e,c,h,-,1,.,1,\,w,a,v,s,\,L,J,0,0,3,-,0,1,9,9,.,w,a,v
C,:,\,U,s,e,r,s,\,l,e,n,m,o,\,D,e,s,k,t,o,p,\,P,e,r,s,o,n,a,l,-,P,r,o,j,e,c,t,s,\,A,I,_,P,R,O,\,S,p,e,e,c,h,T,o,T,e,x,t,T,e,n,s,o,r,f,l,o,w,\,d,a,t,a,\,L,J,S,p,e,e,c,h,-,1,.,1,\,w,a,v,s,\,L,J,0,0,3,-,0,2,0,0,.,w,a,v
C,:,\,U,s,e,r,s,\,l,e,n,m,o,\,D,e,s,k,t,o,p,\,P,e,r,s,o,n,a,l,-,P,r,o,j,e,c,t,s,\,A,I,_,P,R,O,\,S,p,e,e,c,h,T,o,T,e,x,t,T,e,n,s,o,r,f,l,o,w,\,d,a,t,a,\,L,J,S,p,e,e,c,h,-,1,.,1,\,w,a,v,s,\,L,J,0,0,3,-,0,2,0,1,.,w,a,v
C,:,\,U,s,e,r,s,\,l,e,n,m,o,\,D,e,s,k,t,o,p,\,P,e,r,s,o,n,a,l,-,P,r,o,j,e,c,t,s,\,A,I,_,P,R,O,\,S,p,e,e,c,h,T,o,T,e,x,t,T,e,n,s,o,r,f,l,o,w,\,d,a,t,a,\,L,J,S,p,e,e,c,h,-,1,.,1,\,w,a,v,s,\,L,J,0,0,3,-,0,2,0,2,.,w,a,v
C,:,\,U,s,e,r,s,\,l,e,n,m,o,\,D,e,s,k,t,o,p,\,P,e,r,s,o,n,a,l,-,P,r,o,j,e,c,t,s,\,A,I,_,P,R,O,\,S,p,e,e,c,h,T,o,T,e,x,t,T,e,n,s,o,r,f,l,o,w,\,d,a,t,a,\,L,J,S,p,e,e,c,h,-,1,.,1,\,w,a,v,s,\,L,J,0,0,3,-,0,2,0,3,.,w,a,v
C,:,\,U,s,e,r,s,\,l,e,n,m,o,\,D,e,s,k,t,o,p,\,P,e,r,s,o,n,a,l,-,P,r,o,j,e,c,t,s,\,A,I,_,P,R,O,\,S,p,e,e,c,h,T,o,T,e,x,t,T,e,n,s,o,r,f,l,o,w,\,d,a,t,a,\,L,J,S,p,e,e,c,h,-,1,.,1,\,w,a,v,s,\,L,J,0,0,3,-,0,2,0,4,.,w,a,v
C,:,\,U,s,e,r,s,\,l,e,n,m,o,\,D,e,s,k,t,o,p,\,P,e,r,s,o,n,a,l,-,P,r,o,j,e,c,t,s,\,A,I,_,P,R,O,\,S,p,e,e,c,h,T,o,T,e,x,t,T,e,n,s,o,r,f,l,o,w,\,d,a,t,a,\,L,J,S,p,e,e,c,h,-,1,.,1,\,w,a,v,s,\,L,J,0,0,3,-,0,2,0,5,.,w,a,v
C,:,\,U,s,e,r,s,\,l,e,n,m,o,\,D,e,s,k,t,o,p,\,P,e,r,s,o,n,a,l,-,P,r,o,j,e,c,t,s,\,A,I,_,P,R,O,\,S,p,e,e,c,h,T,o,T,e,x,t,T,e,n,s,o,r,f,l,o,w,\,d,a,t,a,\,L,J,S,p,e,e,c,h,-,1,.,1,\,w,a,v,s,\,L,J,0,0,3,-,0,2,0,6,.,w,a,v
C,:,\,U,s,e,r,s,\,l,e,n,m,o,\,D,e,s,k,t,o,p,\,P,e,r,s,o,n,a,l,-,P,r,o,j,e,c,t,s,\,A,I,_,P,R,O,\,S,p,e,e,c,h,T,o,T,e,x,t,T,e,n,s,o,r,f,l,o,w,\,d,a,t,a,\,L,J,S,p,e,e,c,h,-,1,.,1,\,w,a,v,s,\,L,J,0,0,3,-,0,2,0,7,.,w,a,v
C,:,\,U,s,e,r,s,\,l,e,n,m,o,\,D,e,s,k,t,o,p,\,P,e,r,s,o,n,a,l,-,P,r,o,j,e,c,t,s,\,A,I,_,P,R,O,\,S,p,e,e,c,h,T,o,T,e,x,t,T,e,n,s,o,r,f,l,o,w,\,d,a,t,a,\,L,J,S,p,e,e,c,h,-,1,.,1,\,w,a,v,s,\,L,J,0,0,3,-,0,2,0,8,.,w,a,v
C,:,\,U,s,e,r,s,\,l,e,n,m,o,\,D,e,s,k,t,o,p,\,P,e,r,s,o,n,a,l,-,P,r,o,j,e,c,t,s,\,A,I,_,P,R,O,\,S,p,e,e,c,h,T,o,T,e,x,t,T,e,n,s,o,r,f,l,o,w,\,d,a,t,a,\,L,J,S,p,e,e,c,h,-,1,.,1,\,w,a,v,s,\,L,J,0,0,3,-,0,2,0,9,.,w,a,v
C,:,\,U,s,e,r,s,\,l,e,n,m,o,\,D,e,s,k,t,o,p,\,P,e,r,s,o,n,a,l,-,P,r,o,j,e,c,t,s,\,A,I,_,P,R,O,\,S,p,e,e,c,h,T,o,T,e,x,t,T,e,n,s,o,r,f,l,o,w,\,d,a,t,a,\,L,J,S,p,e,e,c,h,-,1,.,1,\,w,a,v,s,\,L,J,0,0,3,-,0,2,1,0,.,w,a,v
C,:,\,U,s,e,r,s,\,l,e,n,m,o,\,D,e,s,k,t,o,p,\,P,e,r,s,o,n,a,l,-,P,r,o,j,e,c,t,s,\,A,I,_,P,R,O,\,S,p,e,e,c,h,T,o,T,e,x,t,T,e,n,s,o,r,f,l,o,w,\,d,a,t,a,\,L,J,S,p,e,e,c,h,-,1,.,1,\,w,a,v,s,\,L,J,0,0,3,-,0,2,1,1,.,w,a,v
C,:,\,U,s,e,r,s,\,l,e,n,m,o,\,D,e,s,k,t,o,p,\,P,e,r,s,o,n,a,l,-,P,r,o,j,e,c,t,s,\,A,I,_,P,R,O,\,S,p,e,e,c,h,T,o,T,e,x,t,T,e,n,s,o,r,f,l,o,w,\,d,a,t,a,\,L,J,S,p,e,e,c,h,-,1,.,1,\,w,a,v,s,\,L,J,0,0,3,-,0,2,1,2,.,w,a,v
C,:,\,U,s,e,r,s,\,l,e,n,m,o,\,D,e,s,k,t,o,p,\,P,e,r,s,o,n,a,l,-,P,r,o,j,e,c,t,s,\,A,I,_,P,R,O,\,S,p,e,e,c,h,T,o,T,e,x,t,T,e,n,s,o,r,f,l,o,w,\,d,a,t,a,\,L,J,S,p,e,e,c,h,-,1,.,1,\,w,a,v,s,\,L,J,0,0,3,-,0,2,1,3,.,w,a,v
C,:,\,U,s,e,r,s,\,l,e,n,m,o,\,D,e,s,k,t,o,p,\,P,e,r,s,o,n,a,l,-,P,r,o,j,e,c,t,s,\,A,I,_,P,R,O,\,S,p,e,e,c,h,T,o,T,e,x,t,T,e,n,s,o,r,f,l,o,w,\,d,a,t,a,\,L,J,S,p,e,e,c,h,-,1,.,1,\,w,a,v,s,\,L,J,0,0,3,-,0,2,1,4,.,w,a,v
C,:,\,U,s,e,r,s,\,l,e,n,m,o,\,D,e,s,k,t,o,p,\,P,e,r,s,o,n,a,l,-,P,r,o,j,e,c,t,s,\,A,I,_,P,R,O,\,S,p,e,e,c,h,T,o,T,e,x,t,T,e,n,s,o,r,f,l,o,w,\,d,a,t,a,\,L,J,S,p,e,e,c,h,-,1,.,1,\,w,a,v,s,\,L,J,0,0,3,-,0,2,1,5,.,w,a,v
C,:,\,U,s,e,r,s,\,l,e,n,m,o,\,D,e,s,k,t,o,p,\,P,e,r,s,o,n,a,l,-,P,r,o,j,e,c,t,s,\,A,I,_,P,R,O,\,S,p,e,e,c,h,T,o,T,e,x,t,T,e,n,s,o,r,f,l,o,w,\,d,a,t,a,\,L,J,S,p,e,e,c,h,-,1,.,1,\,w,a,v,s,\,L,J,0,0,3,-,0,2,1,6,.,w,a,v
C,:,\,U,s,e,r,s,\,l,e,n,m,o,\,D,e,s,k,t,o,p,\,P,e,r,s,o,n,a,l,-,P,r,o,j,e,c,t,s,\,A,I,_,P,R,O,\,S,p,e,e,c,h,T,o,T,e,x,t,T,e,n,s,o,r,f,l,o,w,\,d,a,t,a,\,L,J,S,p,e,e,c,h,-,1,.,1,\,w,a,v,s,\,L,J,0,0,3,-,0,2,1,7,.,w,a,v
C,:,\,U,s,e,r,s,\,l,e,n,m,o,\,D,e,s,k,t,o,p,\,P,e,r,s,o,n,a,l,-,P,r,o,j,e,c,t,s,\,A,I,_,P,R,O,\,S,p,e,e,c,h,T,o,T,e,x,t,T,e,n,s,o,r,f,l,o,w,\,d,a,t,a,\,L,J,S,p,e,e,c,h,-,1,.,1,\,w,a,v,s,\,L,J,0,0,3,-,0,2,1,8,.,w,a,v
C,:,\,U,s,e,r,s,\,l,e,n,m,o,\,D,e,s,k,t,o,p,\,P,e,r,s,o,n,a,l,-,P,r,o,j,e,c,t,s,\,A,I,_,P,R,O,\,S,p,e,e,c,h,T,o,T,e,x,t,T,e,n,s,o,r,f,l,o,w,\,d,a,t,a,\,L,J,S,p,e,e,c,h,-,1,.,1,\,w,a,v,s,\,L,J,0,0,3,-,0,2,1,9,.,w,a,v
C,:,\,U,s,e,r,s,\,l,e,n,m,o,\,D,e,s,k,t,o,p,\,P,e,r,s,o,n,a,l,-,P,r,o,j,e,c,t,s,\,A,I,_,P,R,O,\,S,p,e,e,c,h,T,o,T,e,x,t,T,e,n,s,o,r,f,l,o,w,\,d,a,t,a,\,L,J,S,p,e,e,c,h,-,1,.,1,\,w,a,v,s,\,L,J,0,0,3,-,0,2,2,0,.,w,a,v
C,:,\,U,s,e,r,s,\,l,e,n,m,o,\,D,e,s,k,t,o,p,\,P,e,r,s,o,n,a,l,-,P,r,o,j,e,c,t,s,\,A,I,_,P,R,O,\,S,p,e,e,c,h,T,o,T,e,x,t,T,e,n,s,o,r,f,l,o,w,\,d,a,t,a,\,L,J,S,p,e,e,c,h,-,1,.,1,\,w,a,v,s,\,L,J,0,0,3,-,0,2,2,1,.,w,a,v
C,:,\,U,s,e,r,s,\,l,e,n,m,o,\,D,e,s,k,t,o,p,\,P,e,r,s,o,n,a,l,-,P,r,o,j,e,c,t,s,\,A,I,_,P,R,O,\,S,p,e,e,c,h,T,o,T,e,x,t,T,e,n,s,o,r,f,l,o,w,\,d,a,t,a,\,L,J,S,p,e,e,c,h,-,1,.,1,\,w,a,v,s,\,L,J,0,0,3,-,0,2,2,2,.,w,a,v
C,:,\,U,s,e,r,s,\,l,e,n,m,o,\,D,e,s,k,t,o,p,\,P,e,r,s,o,n,a,l,-,P,r,o,j,e,c,t,s,\,A,I,_,P,R,O,\,S,p,e,e,c,h,T,o,T,e,x,t,T,e,n,s,o,r,f,l,o,w,\,d,a,t,a,\,L,J,S,p,e,e,c,h,-,1,.,1,\,w,a,v,s,\,L,J,0,0,3,-,0,2,2,3,.,w,a,v
C,:,\,U,s,e,r,s,\,l,e,n,m,o,\,D,e,s,k,t,o,p,\,P,e,r,s,o,n,a,l,-,P,r,o,j,e,c,t,s,\,A,I,_,P,R,O,\,S,p,e,e,c,h,T,o,T,e,x,t,T,e,n,s,o,r,f,l,o,w,\,d,a,t,a,\,L,J,S,p,e,e,c,h,-,1,.,1,\,w,a,v,s,\,L,J,0,0,3,-,0,2,2,4,.,w,a,v
C,:,\,U,s,e,r,s,\,l,e,n,m,o,\,D,e,s,k,t,o,p,\,P,e,r,s,o,n,a,l,-,P,r,o,j,e,c,t,s,\,A,I,_,P,R,O,\,S,p,e,e,c,h,T,o,T,e,x,t,T,e,n,s,o,r,f,l,o,w,\,d,a,t,a,\,L,J,S,p,e,e,c,h,-,1,.,1,\,w,a,v,s,\,L,J,0,0,3,-,0,2,2,5,.,w,a,v
C,:,\,U,s,e,r,s,\,l,e,n,m,o,\,D,e,s,k,t,o,p,\,P,e,r,s,o,n,a,l,-,P,r,o,j,e,c,t,s,\,A,I,_,P,R,O,\,S,p,e,e,c,h,T,o,T,e,x,t,T,e,n,s,o,r,f,l,o,w,\,d,a,t,a,\,L,J,S,p,e,e,c,h,-,1,.,1,\,w,a,v,s,\,L,J,0,0,3,-,0,2,2,6,.,w,a,v
C,:,\,U,s,e,r,s,\,l,e,n,m,o,\,D,e,s,k,t,o,p,\,P,e,r,s,o,n,a,l,-,P,r,o,j,e,c,t,s,\,A,I,_,P,R,O,\,S,p,e,e,c,h,T,o,T,e,x,t,T,e,n,s,o,r,f,l,o,w,\,d,a,t,a,\,L,J,S,p,e,e,c,h,-,1,.,1,\,w,a,v,s,\,L,J,0,0,3,-,0,2,2,7,.,w,a,v
C,:,\,U,s,e,r,s,\,l,e,n,m,o,\,D,e,s,k,t,o,p,\,P,e,r,s,o,n,a,l,-,P,r,o,j,e,c,t,s,\,A,I,_,P,R,O,\,S,p,e,e,c,h,T,o,T,e,x,t,T,e,n,s,o,r,f,l,o,w,\,d,a,t,a,\,L,J,S,p,e,e,c,h,-,1,.,1,\,w,a,v,s,\,L,J,0,0,3,-,0,2,2,8,.,w,a,v
C,:,\,U,s,e,r,s,\,l,e,n,m,o,\,D,e,s,k,t,o,p,\,P,e,r,s,o,n,a,l,-,P,r,o,j,e,c,t,s,\,A,I,_,P,R,O,\,S,p,e,e,c,h,T,o,T,e,x,t,T,e,n,s,o,r,f,l,o,w,\,d,a,t,a,\,L,J,S,p,e,e,c,h,-,1,.,1,\,w,a,v,s,\,L,J,0,0,3,-,0,2,2,9,.,w,a,v
C,:,\,U,s,e,r,s,\,l,e,n,m,o,\,D,e,s,k,t,o,p,\,P,e,r,s,o,n,a,l,-,P,r,o,j,e,c,t,s,\,A,I,_,P,R,O,\,S,p,e,e,c,h,T,o,T,e,x,t,T,e,n,s,o,r,f,l,o,w,\,d,a,t,a,\,L,J,S,p,e,e,c,h,-,1,.,1,\,w,a,v,s,\,L,J,0,0,3,-,0,2,3,0,.,w,a,v
C,:,\,U,s,e,r,s,\,l,e,n,m,o,\,D,e,s,k,t,o,p,\,P,e,r,s,o,n,a,l,-,P,r,o,j,e,c,t,s,\,A,I,_,P,R,O,\,S,p,e,e,c,h,T,o,T,e,x,t,T,e,n,s,o,r,f,l,o,w,\,d,a,t,a,\,L,J,S,p,e,e,c,h,-,1,.,1,\,w,a,v,s,\,L,J,0,0,3,-,0,2,3,1,.,w,a,v
C,:,\,U,s,e,r,s,\,l,e,n,m,o,\,D,e,s,k,t,o,p,\,P,e,r,s,o,n,a,l,-,P,r,o,j,e,c,t,s,\,A,I,_,P,R,O,\,S,p,e,e,c,h,T,o,T,e,x,t,T,e,n,s,o,r,f,l,o,w,\,d,a,t,a,\,L,J,S,p,e,e,c,h,-,1,.,1,\,w,a,v,s,\,L,J,0,0,3,-,0,2,3,2,.,w,a,v
C,:,\,U,s,e,r,s,\,l,e,n,m,o,\,D,e,s,k,t,o,p,\,P,e,r,s,o,n,a,l,-,P,r,o,j,e,c,t,s,\,A,I,_,P,R,O,\,S,p,e,e,c,h,T,o,T,e,x,t,T,e,n,s,o,r,f,l,o,w,\,d,a,t,a,\,L,J,S,p,e,e,c,h,-,1,.,1,\,w,a,v,s,\,L,J,0,0,3,-,0,2,3,3,.,w,a,v
C,:,\,U,s,e,r,s,\,l,e,n,m,o,\,D,e,s,k,t,o,p,\,P,e,r,s,o,n,a,l,-,P,r,o,j,e,c,t,s,\,A,I,_,P,R,O,\,S,p,e,e,c,h,T,o,T,e,x,t,T,e,n,s,o,r,f,l,o,w,\,d,a,t,a,\,L,J,S,p,e,e,c,h,-,1,.,1,\,w,a,v,s,\,L,J,0,0,3,-,0,2,3,4,.,w,a,v
C,:,\,U,s,e,r,s,\,l,e,n,m,o,\,D,e,s,k,t,o,p,\,P,e,r,s,o,n,a,l,-,P,r,o,j,e,c,t,s,\,A,I,_,P,R,O,\,S,p,e,e,c,h,T,o,T,e,x,t,T,e,n,s,o,r,f,l,o,w,\,d,a,t,a,\,L,J,S,p,e,e,c,h,-,1,.,1,\,w,a,v,s,\,L,J,0,0,3,-,0,2,3,5,.,w,a,v
C,:,\,U,s,e,r,s,\,l,e,n,m,o,\,D,e,s,k,t,o,p,\,P,e,r,s,o,n,a,l,-,P,r,o,j,e,c,t,s,\,A,I,_,P,R,O,\,S,p,e,e,c,h,T,o,T,e,x,t,T,e,n,s,o,r,f,l,o,w,\,d,a,t,a,\,L,J,S,p,e,e,c,h,-,1,.,1,\,w,a,v,s,\,L,J,0,0,3,-,0,2,3,6,.,w,a,v
C,:,\,U,s,e,r,s,\,l,e,n,m,o,\,D,e,s,k,t,o,p,\,P,e,r,s,o,n,a,l,-,P,r,o,j,e,c,t,s,\,A,I,_,P,R,O,\,S,p,e,e,c,h,T,o,T,e,x,t,T,e,n,s,o,r,f,l,o,w,\,d,a,t,a,\,L,J,S,p,e,e,c,h,-,1,.,1,\,w,a,v,s,\,L,J,0,0,3,-,0,2,3,7,.,w,a,v
C,:,\,U,s,e,r,s,\,l,e,n,m,o,\,D,e,s,k,t,o,p,\,P,e,r,s,o,n,a,l,-,P,r,o,j,e,c,t,s,\,A,I,_,P,R,O,\,S,p,e,e,c,h,T,o,T,e,x,t,T,e,n,s,o,r,f,l,o,w,\,d,a,t,a,\,L,J,S,p,e,e,c,h,-,1,.,1,\,w,a,v,s,\,L,J,0,0,3,-,0,2,3,8,.,w,a,v
C,:,\,U,s,e,r,s,\,l,e,n,m,o,\,D,e,s,k,t,o,p,\,P,e,r,s,o,n,a,l,-,P,r,o,j,e,c,t,s,\,A,I,_,P,R,O,\,S,p,e,e,c,h,T,o,T,e,x,t,T,e,n,s,o,r,f,l,o,w,\,d,a,t,a,\,L,J,S,p,e,e,c,h,-,1,.,1,\,w,a,v,s,\,L,J,0,0,3,-,0,2,3,9,.,w,a,v
C,:,\,U,s,e,r,s,\,l,e,n,m,o,\,D,e,s,k,t,o,p,\,P,e,r,s,o,n,a,l,-,P,r,o,j,e,c,t,s,\,A,I,_,P,R,O,\,S,p,e,e,c,h,T,o,T,e,x,t,T,e,n,s,o,r,f,l,o,w,\,d,a,t,a,\,L,J,S,p,e,e,c,h,-,1,.,1,\,w,a,v,s,\,L,J,0,0,3,-,0,2,4,0,.,w,a,v
C,:,\,U,s,e,r,s,\,l,e,n,m,o,\,D,e,s,k,t,o,p,\,P,e,r,s,o,n,a,l,-,P,r,o,j,e,c,t,s,\,A,I,_,P,R,O,\,S,p,e,e,c,h,T,o,T,e,x,t,T,e,n,s,o,r,f,l,o,w,\,d,a,t,a,\,L,J,S,p,e,e,c,h,-,1,.,1,\,w,a,v,s,\,L,J,0,0,3,-,0,2,4,1,.,w,a,v
C,:,\,U,s,e,r,s,\,l,e,n,m,o,\,D,e,s,k,t,o,p,\,P,e,r,s,o,n,a,l,-,P,r,o,j,e,c,t,s,\,A,I,_,P,R,O,\,S,p,e,e,c,h,T,o,T,e,x,t,T,e,n,s,o,r,f,l,o,w,\,d,a,t,a,\,L,J,S,p,e,e,c,h,-,1,.,1,\,w,a,v,s,\,L,J,0,0,3,-,0,2,4,2,.,w,a,v
C,:,\,U,s,e,r,s,\,l,e,n,m,o,\,D,e,s,k,t,o,p,\,P,e,r,s,o,n,a,l,-,P,r,o,j,e,c,t,s,\,A,I,_,P,R,O,\,S,p,e,e,c,h,T,o,T,e,x,t,T,e,n,s,o,r,f,l,o,w,\,d,a,t,a,\,L,J,S,p,e,e,c,h,-,1,.,1,\,w,a,v,s,\,L,J,0,0,3,-,0,2,4,3,.,w,a,v
C,:,\,U,s,e,r,s,\,l,e,n,m,o,\,D,e,s,k,t,o,p,\,P,e,r,s,o,n,a,l,-,P,r,o,j,e,c,t,s,\,A,I,_,P,R,O,\,S,p,e,e,c,h,T,o,T,e,x,t,T,e,n,s,o,r,f,l,o,w,\,d,a,t,a,\,L,J,S,p,e,e,c,h,-,1,.,1,\,w,a,v,s,\,L,J,0,0,3,-,0,2,4,4,.,w,a,v
C,:,\,U,s,e,r,s,\,l,e,n,m,o,\,D,e,s,k,t,o,p,\,P,e,r,s,o,n,a,l,-,P,r,o,j,e,c,t,s,\,A,I,_,P,R,O,\,S,p,e,e,c,h,T,o,T,e,x,t,T,e,n,s,o,r,f,l,o,w,\,d,a,t,a,\,L,J,S,p,e,e,c,h,-,1,.,1,\,w,a,v,s,\,L,J,0,0,3,-,0,2,4,5,.,w,a,v
C,:,\,U,s,e,r,s,\,l,e,n,m,o,\,D,e,s,k,t,o,p,\,P,e,r,s,o,n,a,l,-,P,r,o,j,e,c,t,s,\,A,I,_,P,R,O,\,S,p,e,e,c,h,T,o,T,e,x,t,T,e,n,s,o,r,f,l,o,w,\,d,a,t,a,\,L,J,S,p,e,e,c,h,-,1,.,1,\,w,a,v,s,\,L,J,0,0,3,-,0,2,4,6,.,w,a,v
C,:,\,U,s,e,r,s,\,l,e,n,m,o,\,D,e,s,k,t,o,p,\,P,e,r,s,o,n,a,l,-,P,r,o,j,e,c,t,s,\,A,I,_,P,R,O,\,S,p,e,e,c,h,T,o,T,e,x,t,T,e,n,s,o,r,f,l,o,w,\,d,a,t,a,\,L,J,S,p,e,e,c,h,-,1,.,1,\,w,a,v,s,\,L,J,0,0,3,-,0,2,4,7,.,w,a,v
C,:,\,U,s,e,r,s,\,l,e,n,m,o,\,D,e,s,k,t,o,p,\,P,e,r,s,o,n,a,l,-,P,r,o,j,e,c,t,s,\,A,I,_,P,R,O,\,S,p,e,e,c,h,T,o,T,e,x,t,T,e,n,s,o,r,f,l,o,w,\,d,a,t,a,\,L,J,S,p,e,e,c,h,-,1,.,1,\,w,a,v,s,\,L,J,0,0,3,-,0,2,4,8,.,w,a,v
C,:,\,U,s,e,r,s,\,l,e,n,m,o,\,D,e,s,k,t,o,p,\,P,e,r,s,o,n,a,l,-,P,r,o,j,e,c,t,s,\,A,I,_,P,R,O,\,S,p,e,e,c,h,T,o,T,e,x,t,T,e,n,s,o,r,f,l,o,w,\,d,a,t,a,\,L,J,S,p,e,e,c,h,-,1,.,1,\,w,a,v,s,\,L,J,0,0,3,-,0,2,4,9,.,w,a,v
C,:,\,U,s,e,r,s,\,l,e,n,m,o,\,D,e,s,k,t,o,p,\,P,e,r,s,o,n,a,l,-,P,r,o,j,e,c,t,s,\,A,I,_,P,R,O,\,S,p,e,e,c,h,T,o,T,e,x,t,T,e,n,s,o,r,f,l,o,w,\,d,a,t,a,\,L,J,S,p,e,e,c,h,-,1,.,1,\,w,a,v,s,\,L,J,0,0,3,-,0,2,5,0,.,w,a,v
C,:,\,U,s,e,r,s,\,l,e,n,m,o,\,D,e,s,k,t,o,p,\,P,e,r,s,o,n,a,l,-,P,r,o,j,e,c,t,s,\,A,I,_,P,R,O,\,S,p,e,e,c,h,T,o,T,e,x,t,T,e,n,s,o,r,f,l,o,w,\,d,a,t,a,\,L,J,S,p,e,e,c,h,-,1,.,1,\,w,a,v,s,\,L,J,0,0,3,-,0,2,5,1,.,w,a,v
C,:,\,U,s,e,r,s,\,l,e,n,m,o,\,D,e,s,k,t,o,p,\,P,e,r,s,o,n,a,l,-,P,r,o,j,e,c,t,s,\,A,I,_,P,R,O,\,S,p,e,e,c,h,T,o,T,e,x,t,T,e,n,s,o,r,f,l,o,w,\,d,a,t,a,\,L,J,S,p,e,e,c,h,-,1,.,1,\,w,a,v,s,\,L,J,0,0,3,-,0,2,5,2,.,w,a,v
C,:,\,U,s,e,r,s,\,l,e,n,m,o,\,D,e,s,k,t,o,p,\,P,e,r,s,o,n,a,l,-,P,r,o,j,e,c,t,s,\,A,I,_,P,R,O,\,S,p,e,e,c,h,T,o,T,e,x,t,T,e,n,s,o,r,f,l,o,w,\,d,a,t,a,\,L,J,S,p,e,e,c,h,-,1,.,1,\,w,a,v,s,\,L,J,0,0,3,-,0,2,5,3,.,w,a,v
C,:,\,U,s,e,r,s,\,l,e,n,m,o,\,D,e,s,k,t,o,p,\,P,e,r,s,o,n,a,l,-,P,r,o,j,e,c,t,s,\,A,I,_,P,R,O,\,S,p,e,e,c,h,T,o,T,e,x,t,T,e,n,s,o,r,f,l,o,w,\,d,a,t,a,\,L,J,S,p,e,e,c,h,-,1,.,1,\,w,a,v,s,\,L,J,0,0,3,-,0,2,5,4,.,w,a,v
C,:,\,U,s,e,r,s,\,l,e,n,m,o,\,D,e,s,k,t,o,p,\,P,e,r,s,o,n,a,l,-,P,r,o,j,e,c,t,s,\,A,I,_,P,R,O,\,S,p,e,e,c,h,T,o,T,e,x,t,T,e,n,s,o,r,f,l,o,w,\,d,a,t,a,\,L,J,S,p,e,e,c,h,-,1,.,1,\,w,a,v,s,\,L,J,0,0,3,-,0,2,5,5,.,w,a,v
C,:,\,U,s,e,r,s,\,l,e,n,m,o,\,D,e,s,k,t,o,p,\,P,e,r,s,o,n,a,l,-,P,r,o,j,e,c,t,s,\,A,I,_,P,R,O,\,S,p,e,e,c,h,T,o,T,e,x,t,T,e,n,s,o,r,f,l,o,w,\,d,a,t,a,\,L,J,S,p,e,e,c,h,-,1,.,1,\,w,a,v,s,\,L,J,0,0,3,-,0,2,5,6,.,w,a,v
C,:,\,U,s,e,r,s,\,l,e,n,m,o,\,D,e,s,k,t,o,p,\,P,e,r,s,o,n,a,l,-,P,r,o,j,e,c,t,s,\,A,I,_,P,R,O,\,S,p,e,e,c,h,T,o,T,e,x,t,T,e,n,s,o,r,f,l,o,w,\,d,a,t,a,\,L,J,S,p,e,e,c,h,-,1,.,1,\,w,a,v,s,\,L,J,0,0,3,-,0,2,5,7,.,w,a,v
C,:,\,U,s,e,r,s,\,l,e,n,m,o,\,D,e,s,k,t,o,p,\,P,e,r,s,o,n,a,l,-,P,r,o,j,e,c,t,s,\,A,I,_,P,R,O,\,S,p,e,e,c,h,T,o,T,e,x,t,T,e,n,s,o,r,f,l,o,w,\,d,a,t,a,\,L,J,S,p,e,e,c,h,-,1,.,1,\,w,a,v,s,\,L,J,0,0,3,-,0,2,5,8,.,w,a,v
C,:,\,U,s,e,r,s,\,l,e,n,m,o,\,D,e,s,k,t,o,p,\,P,e,r,s,o,n,a,l,-,P,r,o,j,e,c,t,s,\,A,I,_,P,R,O,\,S,p,e,e,c,h,T,o,T,e,x,t,T,e,n,s,o,r,f,l,o,w,\,d,a,t,a,\,L,J,S,p,e,e,c,h,-,1,.,1,\,w,a,v,s,\,L,J,0,0,3,-,0,2,5,9,.,w,a,v
C,:,\,U,s,e,r,s,\,l,e,n,m,o,\,D,e,s,k,t,o,p,\,P,e,r,s,o,n,a,l,-,P,r,o,j,e,c,t,s,\,A,I,_,P,R,O,\,S,p,e,e,c,h,T,o,T,e,x,t,T,e,n,s,o,r,f,l,o,w,\,d,a,t,a,\,L,J,S,p,e,e,c,h,-,1,.,1,\,w,a,v,s,\,L,J,0,0,3,-,0,2,6,0,.,w,a,v
C,:,\,U,s,e,r,s,\,l,e,n,m,o,\,D,e,s,k,t,o,p,\,P,e,r,s,o,n,a,l,-,P,r,o,j,e,c,t,s,\,A,I,_,P,R,O,\,S,p,e,e,c,h,T,o,T,e,x,t,T,e,n,s,o,r,f,l,o,w,\,d,a,t,a,\,L,J,S,p,e,e,c,h,-,1,.,1,\,w,a,v,s,\,L,J,0,0,3,-,0,2,6,1,.,w,a,v
C,:,\,U,s,e,r,s,\,l,e,n,m,o,\,D,e,s,k,t,o,p,\,P,e,r,s,o,n,a,l,-,P,r,o,j,e,c,t,s,\,A,I,_,P,R,O,\,S,p,e,e,c,h,T,o,T,e,x,t,T,e,n,s,o,r,f,l,o,w,\,d,a,t,a,\,L,J,S,p,e,e,c,h,-,1,.,1,\,w,a,v,s,\,L,J,0,0,3,-,0,2,6,2,.,w,a,v
C,:,\,U,s,e,r,s,\,l,e,n,m,o,\,D,e,s,k,t,o,p,\,P,e,r,s,o,n,a,l,-,P,r,o,j,e,c,t,s,\,A,I,_,P,R,O,\,S,p,e,e,c,h,T,o,T,e,x,t,T,e,n,s,o,r,f,l,o,w,\,d,a,t,a,\,L,J,S,p,e,e,c,h,-,1,.,1,\,w,a,v,s,\,L,J,0,0,3,-,0,2,6,3,.,w,a,v
C,:,\,U,s,e,r,s,\,l,e,n,m,o,\,D,e,s,k,t,o,p,\,P,e,r,s,o,n,a,l,-,P,r,o,j,e,c,t,s,\,A,I,_,P,R,O,\,S,p,e,e,c,h,T,o,T,e,x,t,T,e,n,s,o,r,f,l,o,w,\,d,a,t,a,\,L,J,S,p,e,e,c,h,-,1,.,1,\,w,a,v,s,\,L,J,0,0,3,-,0,2,6,4,.,w,a,v
C,:,\,U,s,e,r,s,\,l,e,n,m,o,\,D,e,s,k,t,o,p,\,P,e,r,s,o,n,a,l,-,P,r,o,j,e,c,t,s,\,A,I,_,P,R,O,\,S,p,e,e,c,h,T,o,T,e,x,t,T,e,n,s,o,r,f,l,o,w,\,d,a,t,a,\,L,J,S,p,e,e,c,h,-,1,.,1,\,w,a,v,s,\,L,J,0,0,3,-,0,2,6,5,.,w,a,v
C,:,\,U,s,e,r,s,\,l,e,n,m,o,\,D,e,s,k,t,o,p,\,P,e,r,s,o,n,a,l,-,P,r,o,j,e,c,t,s,\,A,I,_,P,R,O,\,S,p,e,e,c,h,T,o,T,e,x,t,T,e,n,s,o,r,f,l,o,w,\,d,a,t,a,\,L,J,S,p,e,e,c,h,-,1,.,1,\,w,a,v,s,\,L,J,0,0,3,-,0,2,6,6,.,w,a,v
C,:,\,U,s,e,r,s,\,l,e,n,m,o,\,D,e,s,k,t,o,p,\,P,e,r,s,o,n,a,l,-,P,r,o,j,e,c,t,s,\,A,I,_,P,R,O,\,S,p,e,e,c,h,T,o,T,e,x,t,T,e,n,s,o,r,f,l,o,w,\,d,a,t,a,\,L,J,S,p,e,e,c,h,-,1,.,1,\,w,a,v,s,\,L,J,0,0,3,-,0,2,6,7,.,w,a,v
C,:,\,U,s,e,r,s,\,l,e,n,m,o,\,D,e,s,k,t,o,p,\,P,e,r,s,o,n,a,l,-,P,r,o,j,e,c,t,s,\,A,I,_,P,R,O,\,S,p,e,e,c,h,T,o,T,e,x,t,T,e,n,s,o,r,f,l,o,w,\,d,a,t,a,\,L,J,S,p,e,e,c,h,-,1,.,1,\,w,a,v,s,\,L,J,0,0,3,-,0,2,6,8,.,w,a,v
C,:,\,U,s,e,r,s,\,l,e,n,m,o,\,D,e,s,k,t,o,p,\,P,e,r,s,o,n,a,l,-,P,r,o,j,e,c,t,s,\,A,I,_,P,R,O,\,S,p,e,e,c,h,T,o,T,e,x,t,T,e,n,s,o,r,f,l,o,w,\,d,a,t,a,\,L,J,S,p,e,e,c,h,-,1,.,1,\,w,a,v,s,\,L,J,0,0,3,-,0,2,6,9,.,w,a,v
C,:,\,U,s,e,r,s,\,l,e,n,m,o,\,D,e,s,k,t,o,p,\,P,e,r,s,o,n,a,l,-,P,r,o,j,e,c,t,s,\,A,I,_,P,R,O,\,S,p,e,e,c,h,T,o,T,e,x,t,T,e,n,s,o,r,f,l,o,w,\,d,a,t,a,\,L,J,S,p,e,e,c,h,-,1,.,1,\,w,a,v,s,\,L,J,0,0,3,-,0,2,7,0,.,w,a,v
C,:,\,U,s,e,r,s,\,l,e,n,m,o,\,D,e,s,k,t,o,p,\,P,e,r,s,o,n,a,l,-,P,r,o,j,e,c,t,s,\,A,I,_,P,R,O,\,S,p,e,e,c,h,T,o,T,e,x,t,T,e,n,s,o,r,f,l,o,w,\,d,a,t,a,\,L,J,S,p,e,e,c,h,-,1,.,1,\,w,a,v,s,\,L,J,0,0,3,-,0,2,7,1,.,w,a,v
C,:,\,U,s,e,r,s,\,l,e,n,m,o,\,D,e,s,k,t,o,p,\,P,e,r,s,o,n,a,l,-,P,r,o,j,e,c,t,s,\,A,I,_,P,R,O,\,S,p,e,e,c,h,T,o,T,e,x,t,T,e,n,s,o,r,f,l,o,w,\,d,a,t,a,\,L,J,S,p,e,e,c,h,-,1,.,1,\,w,a,v,s,\,L,J,0,0,3,-,0,2,7,3,.,w,a,v
C,:,\,U,s,e,r,s,\,l,e,n,m,o,\,D,e,s,k,t,o,p,\,P,e,r,s,o,n,a,l,-,P,r,o,j,e,c,t,s,\,A,I,_,P,R,O,\,S,p,e,e,c,h,T,o,T,e,x,t,T,e,n,s,o,r,f,l,o,w,\,d,a,t,a,\,L,J,S,p,e,e,c,h,-,1,.,1,\,w,a,v,s,\,L,J,0,0,3,-,0,2,7,4,.,w,a,v
C,:,\,U,s,e,r,s,\,l,e,n,m,o,\,D,e,s,k,t,o,p,\,P,e,r,s,o,n,a,l,-,P,r,o,j,e,c,t,s,\,A,I,_,P,R,O,\,S,p,e,e,c,h,T,o,T,e,x,t,T,e,n,s,o,r,f,l,o,w,\,d,a,t,a,\,L,J,S,p,e,e,c,h,-,1,.,1,\,w,a,v,s,\,L,J,0,0,3,-,0,2,7,5,.,w,a,v
C,:,\,U,s,e,r,s,\,l,e,n,m,o,\,D,e,s,k,t,o,p,\,P,e,r,s,o,n,a,l,-,P,r,o,j,e,c,t,s,\,A,I,_,P,R,O,\,S,p,e,e,c,h,T,o,T,e,x,t,T,e,n,s,o,r,f,l,o,w,\,d,a,t,a,\,L,J,S,p,e,e,c,h,-,1,.,1,\,w,a,v,s,\,L,J,0,0,3,-,0,2,7,6,.,w,a,v
C,:,\,U,s,e,r,s,\,l,e,n,m,o,\,D,e,s,k,t,o,p,\,P,e,r,s,o,n,a,l,-,P,r,o,j,e,c,t,s,\,A,I,_,P,R,O,\,S,p,e,e,c,h,T,o,T,e,x,t,T,e,n,s,o,r,f,l,o,w,\,d,a,t,a,\,L,J,S,p,e,e,c,h,-,1,.,1,\,w,a,v,s,\,L,J,0,0,3,-,0,2,7,7,.,w,a,v
C,:,\,U,s,e,r,s,\,l,e,n,m,o,\,D,e,s,k,t,o,p,\,P,e,r,s,o,n,a,l,-,P,r,o,j,e,c,t,s,\,A,I,_,P,R,O,\,S,p,e,e,c,h,T,o,T,e,x,t,T,e,n,s,o,r,f,l,o,w,\,d,a,t,a,\,L,J,S,p,e,e,c,h,-,1,.,1,\,w,a,v,s,\,L,J,0,0,3,-,0,2,7,8,.,w,a,v
C,:,\,U,s,e,r,s,\,l,e,n,m,o,\,D,e,s,k,t,o,p,\,P,e,r,s,o,n,a,l,-,P,r,o,j,e,c,t,s,\,A,I,_,P,R,O,\,S,p,e,e,c,h,T,o,T,e,x,t,T,e,n,s,o,r,f,l,o,w,\,d,a,t,a,\,L,J,S,p,e,e,c,h,-,1,.,1,\,w,a,v,s,\,L,J,0,0,3,-,0,2,7,9,.,w,a,v
C,:,\,U,s,e,r,s,\,l,e,n,m,o,\,D,e,s,k,t,o,p,\,P,e,r,s,o,n,a,l,-,P,r,o,j,e,c,t,s,\,A,I,_,P,R,O,\,S,p,e,e,c,h,T,o,T,e,x,t,T,e,n,s,o,r,f,l,o,w,\,d,a,t,a,\,L,J,S,p,e,e,c,h,-,1,.,1,\,w,a,v,s,\,L,J,0,0,3,-,0,2,8,0,.,w,a,v
C,:,\,U,s,e,r,s,\,l,e,n,m,o,\,D,e,s,k,t,o,p,\,P,e,r,s,o,n,a,l,-,P,r,o,j,e,c,t,s,\,A,I,_,P,R,O,\,S,p,e,e,c,h,T,o,T,e,x,t,T,e,n,s,o,r,f,l,o,w,\,d,a,t,a,\,L,J,S,p,e,e,c,h,-,1,.,1,\,w,a,v,s,\,L,J,0,0,3,-,0,2,8,1,.,w,a,v
C,:,\,U,s,e,r,s,\,l,e,n,m,o,\,D,e,s,k,t,o,p,\,P,e,r,s,o,n,a,l,-,P,r,o,j,e,c,t,s,\,A,I,_,P,R,O,\,S,p,e,e,c,h,T,o,T,e,x,t,T,e,n,s,o,r,f,l,o,w,\,d,a,t,a,\,L,J,S,p,e,e,c,h,-,1,.,1,\,w,a,v,s,\,L,J,0,0,3,-,0,2,8,2,.,w,a,v
C,:,\,U,s,e,r,s,\,l,e,n,m,o,\,D,e,s,k,t,o,p,\,P,e,r,s,o,n,a,l,-,P,r,o,j,e,c,t,s,\,A,I,_,P,R,O,\,S,p,e,e,c,h,T,o,T,e,x,t,T,e,n,s,o,r,f,l,o,w,\,d,a,t,a,\,L,J,S,p,e,e,c,h,-,1,.,1,\,w,a,v,s,\,L,J,0,0,3,-,0,2,8,3,.,w,a,v
C,:,\,U,s,e,r,s,\,l,e,n,m,o,\,D,e,s,k,t,o,p,\,P,e,r,s,o,n,a,l,-,P,r,o,j,e,c,t,s,\,A,I,_,P,R,O,\,S,p,e,e,c,h,T,o,T,e,x,t,T,e,n,s,o,r,f,l,o,w,\,d,a,t,a,\,L,J,S,p,e,e,c,h,-,1,.,1,\,w,a,v,s,\,L,J,0,0,3,-,0,2,8,4,.,w,a,v
C,:,\,U,s,e,r,s,\,l,e,n,m,o,\,D,e,s,k,t,o,p,\,P,e,r,s,o,n,a,l,-,P,r,o,j,e,c,t,s,\,A,I,_,P,R,O,\,S,p,e,e,c,h,T,o,T,e,x,t,T,e,n,s,o,r,f,l,o,w,\,d,a,t,a,\,L,J,S,p,e,e,c,h,-,1,.,1,\,w,a,v,s,\,L,J,0,0,3,-,0,2,8,5,.,w,a,v
C,:,\,U,s,e,r,s,\,l,e,n,m,o,\,D,e,s,k,t,o,p,\,P,e,r,s,o,n,a,l,-,P,r,o,j,e,c,t,s,\,A,I,_,P,R,O,\,S,p,e,e,c,h,T,o,T,e,x,t,T,e,n,s,o,r,f,l,o,w,\,d,a,t,a,\,L,J,S,p,e,e,c,h,-,1,.,1,\,w,a,v,s,\,L,J,0,0,3,-,0,2,8,6,.,w,a,v
C,:,\,U,s,e,r,s,\,l,e,n,m,o,\,D,e,s,k,t,o,p,\,P,e,r,s,o,n,a,l,-,P,r,o,j,e,c,t,s,\,A,I,_,P,R,O,\,S,p,e,e,c,h,T,o,T,e,x,t,T,e,n,s,o,r,f,l,o,w,\,d,a,t,a,\,L,J,S,p,e,e,c,h,-,1,.,1,\,w,a,v,s,\,L,J,0,0,3,-,0,2,8,7,.,w,a,v
C,:,\,U,s,e,r,s,\,l,e,n,m,o,\,D,e,s,k,t,o,p,\,P,e,r,s,o,n,a,l,-,P,r,o,j,e,c,t,s,\,A,I,_,P,R,O,\,S,p,e,e,c,h,T,o,T,e,x,t,T,e,n,s,o,r,f,l,o,w,\,d,a,t,a,\,L,J,S,p,e,e,c,h,-,1,.,1,\,w,a,v,s,\,L,J,0,0,3,-,0,2,8,8,.,w,a,v
C,:,\,U,s,e,r,s,\,l,e,n,m,o,\,D,e,s,k,t,o,p,\,P,e,r,s,o,n,a,l,-,P,r,o,j,e,c,t,s,\,A,I,_,P,R,O,\,S,p,e,e,c,h,T,o,T,e,x,t,T,e,n,s,o,r,f,l,o,w,\,d,a,t,a,\,L,J,S,p,e,e,c,h,-,1,.,1,\,w,a,v,s,\,L,J,0,0,3,-,0,2,8,9,.,w,a,v
C,:,\,U,s,e,r,s,\,l,e,n,m,o,\,D,e,s,k,t,o,p,\,P,e,r,s,o,n,a,l,-,P,r,o,j,e,c,t,s,\,A,I,_,P,R,O,\,S,p,e,e,c,h,T,o,T,e,x,t,T,e,n,s,o,r,f,l,o,w,\,d,a,t,a,\,L,J,S,p,e,e,c,h,-,1,.,1,\,w,a,v,s,\,L,J,0,0,3,-,0,2,9,0,.,w,a,v
C,:,\,U,s,e,r,s,\,l,e,n,m,o,\,D,e,s,k,t,o,p,\,P,e,r,s,o,n,a,l,-,P,r,o,j,e,c,t,s,\,A,I,_,P,R,O,\,S,p,e,e,c,h,T,o,T,e,x,t,T,e,n,s,o,r,f,l,o,w,\,d,a,t,a,\,L,J,S,p,e,e,c,h,-,1,.,1,\,w,a,v,s,\,L,J,0,0,3,-,0,2,9,1,.,w,a,v
C,:,\,U,s,e,r,s,\,l,e,n,m,o,\,D,e,s,k,t,o,p,\,P,e,r,s,o,n,a,l,-,P,r,o,j,e,c,t,s,\,A,I,_,P,R,O,\,S,p,e,e,c,h,T,o,T,e,x,t,T,e,n,s,o,r,f,l,o,w,\,d,a,t,a,\,L,J,S,p,e,e,c,h,-,1,.,1,\,w,a,v,s,\,L,J,0,0,3,-,0,2,9,2,.,w,a,v
C,:,\,U,s,e,r,s,\,l,e,n,m,o,\,D,e,s,k,t,o,p,\,P,e,r,s,o,n,a,l,-,P,r,o,j,e,c,t,s,\,A,I,_,P,R,O,\,S,p,e,e,c,h,T,o,T,e,x,t,T,e,n,s,o,r,f,l,o,w,\,d,a,t,a,\,L,J,S,p,e,e,c,h,-,1,.,1,\,w,a,v,s,\,L,J,0,0,3,-,0,2,9,3,.,w,a,v
C,:,\,U,s,e,r,s,\,l,e,n,m,o,\,D,e,s,k,t,o,p,\,P,e,r,s,o,n,a,l,-,P,r,o,j,e,c,t,s,\,A,I,_,P,R,O,\,S,p,e,e,c,h,T,o,T,e,x,t,T,e,n,s,o,r,f,l,o,w,\,d,a,t,a,\,L,J,S,p,e,e,c,h,-,1,.,1,\,w,a,v,s,\,L,J,0,0,3,-,0,2,9,4,.,w,a,v
C,:,\,U,s,e,r,s,\,l,e,n,m,o,\,D,e,s,k,t,o,p,\,P,e,r,s,o,n,a,l,-,P,r,o,j,e,c,t,s,\,A,I,_,P,R,O,\,S,p,e,e,c,h,T,o,T,e,x,t,T,e,n,s,o,r,f,l,o,w,\,d,a,t,a,\,L,J,S,p,e,e,c,h,-,1,.,1,\,w,a,v,s,\,L,J,0,0,3,-,0,2,9,5,.,w,a,v
C,:,\,U,s,e,r,s,\,l,e,n,m,o,\,D,e,s,k,t,o,p,\,P,e,r,s,o,n,a,l,-,P,r,o,j,e,c,t,s,\,A,I,_,P,R,O,\,S,p,e,e,c,h,T,o,T,e,x,t,T,e,n,s,o,r,f,l,o,w,\,d,a,t,a,\,L,J,S,p,e,e,c,h,-,1,.,1,\,w,a,v,s,\,L,J,0,0,3,-,0,2,9,6,.,w,a,v
C,:,\,U,s,e,r,s,\,l,e,n,m,o,\,D,e,s,k,t,o,p,\,P,e,r,s,o,n,a,l,-,P,r,o,j,e,c,t,s,\,A,I,_,P,R,O,\,S,p,e,e,c,h,T,o,T,e,x,t,T,e,n,s,o,r,f,l,o,w,\,d,a,t,a,\,L,J,S,p,e,e,c,h,-,1,.,1,\,w,a,v,s,\,L,J,0,0,3,-,0,2,9,7,.,w,a,v
C,:,\,U,s,e,r,s,\,l,e,n,m,o,\,D,e,s,k,t,o,p,\,P,e,r,s,o,n,a,l,-,P,r,o,j,e,c,t,s,\,A,I,_,P,R,O,\,S,p,e,e,c,h,T,o,T,e,x,t,T,e,n,s,o,r,f,l,o,w,\,d,a,t,a,\,L,J,S,p,e,e,c,h,-,1,.,1,\,w,a,v,s,\,L,J,0,0,3,-,0,2,9,8,.,w,a,v
C,:,\,U,s,e,r,s,\,l,e,n,m,o,\,D,e,s,k,t,o,p,\,P,e,r,s,o,n,a,l,-,P,r,o,j,e,c,t,s,\,A,I,_,P,R,O,\,S,p,e,e,c,h,T,o,T,e,x,t,T,e,n,s,o,r,f,l,o,w,\,d,a,t,a,\,L,J,S,p,e,e,c,h,-,1,.,1,\,w,a,v,s,\,L,J,0,0,3,-,0,2,9,9,.,w,a,v
C,:,\,U,s,e,r,s,\,l,e,n,m,o,\,D,e,s,k,t,o,p,\,P,e,r,s,o,n,a,l,-,P,r,o,j,e,c,t,s,\,A,I,_,P,R,O,\,S,p,e,e,c,h,T,o,T,e,x,t,T,e,n,s,o,r,f,l,o,w,\,d,a,t,a,\,L,J,S,p,e,e,c,h,-,1,.,1,\,w,a,v,s,\,L,J,0,0,3,-,0,3,0,0,.,w,a,v
C,:,\,U,s,e,r,s,\,l,e,n,m,o,\,D,e,s,k,t,o,p,\,P,e,r,s,o,n,a,l,-,P,r,o,j,e,c,t,s,\,A,I,_,P,R,O,\,S,p,e,e,c,h,T,o,T,e,x,t,T,e,n,s,o,r,f,l,o,w,\,d,a,t,a,\,L,J,S,p,e,e,c,h,-,1,.,1,\,w,a,v,s,\,L,J,0,0,3,-,0,3,0,1,.,w,a,v
C,:,\,U,s,e,r,s,\,l,e,n,m,o,\,D,e,s,k,t,o,p,\,P,e,r,s,o,n,a,l,-,P,r,o,j,e,c,t,s,\,A,I,_,P,R,O,\,S,p,e,e,c,h,T,o,T,e,x,t,T,e,n,s,o,r,f,l,o,w,\,d,a,t,a,\,L,J,S,p,e,e,c,h,-,1,.,1,\,w,a,v,s,\,L,J,0,0,3,-,0,3,0,2,.,w,a,v
C,:,\,U,s,e,r,s,\,l,e,n,m,o,\,D,e,s,k,t,o,p,\,P,e,r,s,o,n,a,l,-,P,r,o,j,e,c,t,s,\,A,I,_,P,R,O,\,S,p,e,e,c,h,T,o,T,e,x,t,T,e,n,s,o,r,f,l,o,w,\,d,a,t,a,\,L,J,S,p,e,e,c,h,-,1,.,1,\,w,a,v,s,\,L,J,0,0,3,-,0,3,0,3,.,w,a,v
C,:,\,U,s,e,r,s,\,l,e,n,m,o,\,D,e,s,k,t,o,p,\,P,e,r,s,o,n,a,l,-,P,r,o,j,e,c,t,s,\,A,I,_,P,R,O,\,S,p,e,e,c,h,T,o,T,e,x,t,T,e,n,s,o,r,f,l,o,w,\,d,a,t,a,\,L,J,S,p,e,e,c,h,-,1,.,1,\,w,a,v,s,\,L,J,0,0,3,-,0,3,0,4,.,w,a,v
C,:,\,U,s,e,r,s,\,l,e,n,m,o,\,D,e,s,k,t,o,p,\,P,e,r,s,o,n,a,l,-,P,r,o,j,e,c,t,s,\,A,I,_,P,R,O,\,S,p,e,e,c,h,T,o,T,e,x,t,T,e,n,s,o,r,f,l,o,w,\,d,a,t,a,\,L,J,S,p,e,e,c,h,-,1,.,1,\,w,a,v,s,\,L,J,0,0,3,-,0,3,0,5,.,w,a,v
C,:,\,U,s,e,r,s,\,l,e,n,m,o,\,D,e,s,k,t,o,p,\,P,e,r,s,o,n,a,l,-,P,r,o,j,e,c,t,s,\,A,I,_,P,R,O,\,S,p,e,e,c,h,T,o,T,e,x,t,T,e,n,s,o,r,f,l,o,w,\,d,a,t,a,\,L,J,S,p,e,e,c,h,-,1,.,1,\,w,a,v,s,\,L,J,0,0,3,-,0,3,0,6,.,w,a,v
C,:,\,U,s,e,r,s,\,l,e,n,m,o,\,D,e,s,k,t,o,p,\,P,e,r,s,o,n,a,l,-,P,r,o,j,e,c,t,s,\,A,I,_,P,R,O,\,S,p,e,e,c,h,T,o,T,e,x,t,T,e,n,s,o,r,f,l,o,w,\,d,a,t,a,\,L,J,S,p,e,e,c,h,-,1,.,1,\,w,a,v,s,\,L,J,0,0,3,-,0,3,0,7,.,w,a,v
C,:,\,U,s,e,r,s,\,l,e,n,m,o,\,D,e,s,k,t,o,p,\,P,e,r,s,o,n,a,l,-,P,r,o,j,e,c,t,s,\,A,I,_,P,R,O,\,S,p,e,e,c,h,T,o,T,e,x,t,T,e,n,s,o,r,f,l,o,w,\,d,a,t,a,\,L,J,S,p,e,e,c,h,-,1,.,1,\,w,a,v,s,\,L,J,0,0,3,-,0,3,0,8,.,w,a,v
C,:,\,U,s,e,r,s,\,l,e,n,m,o,\,D,e,s,k,t,o,p,\,P,e,r,s,o,n,a,l,-,P,r,o,j,e,c,t,s,\,A,I,_,P,R,O,\,S,p,e,e,c,h,T,o,T,e,x,t,T,e,n,s,o,r,f,l,o,w,\,d,a,t,a,\,L,J,S,p,e,e,c,h,-,1,.,1,\,w,a,v,s,\,L,J,0,0,3,-,0,3,0,9,.,w,a,v
C,:,\,U,s,e,r,s,\,l,e,n,m,o,\,D,e,s,k,t,o,p,\,P,e,r,s,o,n,a,l,-,P,r,o,j,e,c,t,s,\,A,I,_,P,R,O,\,S,p,e,e,c,h,T,o,T,e,x,t,T,e,n,s,o,r,f,l,o,w,\,d,a,t,a,\,L,J,S,p,e,e,c,h,-,1,.,1,\,w,a,v,s,\,L,J,0,0,3,-,0,3,1,0,.,w,a,v
C,:,\,U,s,e,r,s,\,l,e,n,m,o,\,D,e,s,k,t,o,p,\,P,e,r,s,o,n,a,l,-,P,r,o,j,e,c,t,s,\,A,I,_,P,R,O,\,S,p,e,e,c,h,T,o,T,e,x,t,T,e,n,s,o,r,f,l,o,w,\,d,a,t,a,\,L,J,S,p,e,e,c,h,-,1,.,1,\,w,a,v,s,\,L,J,0,0,3,-,0,3,1,1,.,w,a,v
C,:,\,U,s,e,r,s,\,l,e,n,m,o,\,D,e,s,k,t,o,p,\,P,e,r,s,o,n,a,l,-,P,r,o,j,e,c,t,s,\,A,I,_,P,R,O,\,S,p,e,e,c,h,T,o,T,e,x,t,T,e,n,s,o,r,f,l,o,w,\,d,a,t,a,\,L,J,S,p,e,e,c,h,-,1,.,1,\,w,a,v,s,\,L,J,0,0,3,-,0,3,1,2,.,w,a,v
C,:,\,U,s,e,r,s,\,l,e,n,m,o,\,D,e,s,k,t,o,p,\,P,e,r,s,o,n,a,l,-,P,r,o,j,e,c,t,s,\,A,I,_,P,R,O,\,S,p,e,e,c,h,T,o,T,e,x,t,T,e,n,s,o,r,f,l,o,w,\,d,a,t,a,\,L,J,S,p,e,e,c,h,-,1,.,1,\,w,a,v,s,\,L,J,0,0,3,-,0,3,1,3,.,w,a,v
C,:,\,U,s,e,r,s,\,l,e,n,m,o,\,D,e,s,k,t,o,p,\,P,e,r,s,o,n,a,l,-,P,r,o,j,e,c,t,s,\,A,I,_,P,R,O,\,S,p,e,e,c,h,T,o,T,e,x,t,T,e,n,s,o,r,f,l,o,w,\,d,a,t,a,\,L,J,S,p,e,e,c,h,-,1,.,1,\,w,a,v,s,\,L,J,0,0,3,-,0,3,1,4,.,w,a,v
C,:,\,U,s,e,r,s,\,l,e,n,m,o,\,D,e,s,k,t,o,p,\,P,e,r,s,o,n,a,l,-,P,r,o,j,e,c,t,s,\,A,I,_,P,R,O,\,S,p,e,e,c,h,T,o,T,e,x,t,T,e,n,s,o,r,f,l,o,w,\,d,a,t,a,\,L,J,S,p,e,e,c,h,-,1,.,1,\,w,a,v,s,\,L,J,0,0,3,-,0,3,1,5,.,w,a,v
C,:,\,U,s,e,r,s,\,l,e,n,m,o,\,D,e,s,k,t,o,p,\,P,e,r,s,o,n,a,l,-,P,r,o,j,e,c,t,s,\,A,I,_,P,R,O,\,S,p,e,e,c,h,T,o,T,e,x,t,T,e,n,s,o,r,f,l,o,w,\,d,a,t,a,\,L,J,S,p,e,e,c,h,-,1,.,1,\,w,a,v,s,\,L,J,0,0,3,-,0,3,1,6,.,w,a,v
C,:,\,U,s,e,r,s,\,l,e,n,m,o,\,D,e,s,k,t,o,p,\,P,e,r,s,o,n,a,l,-,P,r,o,j,e,c,t,s,\,A,I,_,P,R,O,\,S,p,e,e,c,h,T,o,T,e,x,t,T,e,n,s,o,r,f,l,o,w,\,d,a,t,a,\,L,J,S,p,e,e,c,h,-,1,.,1,\,w,a,v,s,\,L,J,0,0,3,-,0,3,1,7,.,w,a,v
C,:,\,U,s,e,r,s,\,l,e,n,m,o,\,D,e,s,k,t,o,p,\,P,e,r,s,o,n,a,l,-,P,r,o,j,e,c,t,s,\,A,I,_,P,R,O,\,S,p,e,e,c,h,T,o,T,e,x,t,T,e,n,s,o,r,f,l,o,w,\,d,a,t,a,\,L,J,S,p,e,e,c,h,-,1,.,1,\,w,a,v,s,\,L,J,0,0,3,-,0,3,1,8,.,w,a,v
C,:,\,U,s,e,r,s,\,l,e,n,m,o,\,D,e,s,k,t,o,p,\,P,e,r,s,o,n,a,l,-,P,r,o,j,e,c,t,s,\,A,I,_,P,R,O,\,S,p,e,e,c,h,T,o,T,e,x,t,T,e,n,s,o,r,f,l,o,w,\,d,a,t,a,\,L,J,S,p,e,e,c,h,-,1,.,1,\,w,a,v,s,\,L,J,0,0,3,-,0,3,1,9,.,w,a,v
C,:,\,U,s,e,r,s,\,l,e,n,m,o,\,D,e,s,k,t,o,p,\,P,e,r,s,o,n,a,l,-,P,r,o,j,e,c,t,s,\,A,I,_,P,R,O,\,S,p,e,e,c,h,T,o,T,e,x,t,T,e,n,s,o,r,f,l,o,w,\,d,a,t,a,\,L,J,S,p,e,e,c,h,-,1,.,1,\,w,a,v,s,\,L,J,0,0,3,-,0,3,2,0,.,w,a,v
C,:,\,U,s,e,r,s,\,l,e,n,m,o,\,D,e,s,k,t,o,p,\,P,e,r,s,o,n,a,l,-,P,r,o,j,e,c,t,s,\,A,I,_,P,R,O,\,S,p,e,e,c,h,T,o,T,e,x,t,T,e,n,s,o,r,f,l,o,w,\,d,a,t,a,\,L,J,S,p,e,e,c,h,-,1,.,1,\,w,a,v,s,\,L,J,0,0,3,-,0,3,2,1,.,w,a,v
C,:,\,U,s,e,r,s,\,l,e,n,m,o,\,D,e,s,k,t,o,p,\,P,e,r,s,o,n,a,l,-,P,r,o,j,e,c,t,s,\,A,I,_,P,R,O,\,S,p,e,e,c,h,T,o,T,e,x,t,T,e,n,s,o,r,f,l,o,w,\,d,a,t,a,\,L,J,S,p,e,e,c,h,-,1,.,1,\,w,a,v,s,\,L,J,0,0,3,-,0,3,2,2,.,w,a,v
C,:,\,U,s,e,r,s,\,l,e,n,m,o,\,D,e,s,k,t,o,p,\,P,e,r,s,o,n,a,l,-,P,r,o,j,e,c,t,s,\,A,I,_,P,R,O,\,S,p,e,e,c,h,T,o,T,e,x,t,T,e,n,s,o,r,f,l,o,w,\,d,a,t,a,\,L,J,S,p,e,e,c,h,-,1,.,1,\,w,a,v,s,\,L,J,0,0,3,-,0,3,2,3,.,w,a,v
C,:,\,U,s,e,r,s,\,l,e,n,m,o,\,D,e,s,k,t,o,p,\,P,e,r,s,o,n,a,l,-,P,r,o,j,e,c,t,s,\,A,I,_,P,R,O,\,S,p,e,e,c,h,T,o,T,e,x,t,T,e,n,s,o,r,f,l,o,w,\,d,a,t,a,\,L,J,S,p,e,e,c,h,-,1,.,1,\,w,a,v,s,\,L,J,0,0,3,-,0,3,2,4,.,w,a,v
C,:,\,U,s,e,r,s,\,l,e,n,m,o,\,D,e,s,k,t,o,p,\,P,e,r,s,o,n,a,l,-,P,r,o,j,e,c,t,s,\,A,I,_,P,R,O,\,S,p,e,e,c,h,T,o,T,e,x,t,T,e,n,s,o,r,f,l,o,w,\,d,a,t,a,\,L,J,S,p,e,e,c,h,-,1,.,1,\,w,a,v,s,\,L,J,0,0,3,-,0,3,2,5,.,w,a,v
C,:,\,U,s,e,r,s,\,l,e,n,m,o,\,D,e,s,k,t,o,p,\,P,e,r,s,o,n,a,l,-,P,r,o,j,e,c,t,s,\,A,I,_,P,R,O,\,S,p,e,e,c,h,T,o,T,e,x,t,T,e,n,s,o,r,f,l,o,w,\,d,a,t,a,\,L,J,S,p,e,e,c,h,-,1,.,1,\,w,a,v,s,\,L,J,0,0,3,-,0,3,2,6,.,w,a,v
C,:,\,U,s,e,r,s,\,l,e,n,m,o,\,D,e,s,k,t,o,p,\,P,e,r,s,o,n,a,l,-,P,r,o,j,e,c,t,s,\,A,I,_,P,R,O,\,S,p,e,e,c,h,T,o,T,e,x,t,T,e,n,s,o,r,f,l,o,w,\,d,a,t,a,\,L,J,S,p,e,e,c,h,-,1,.,1,\,w,a,v,s,\,L,J,0,0,3,-,0,3,2,7,.,w,a,v
C,:,\,U,s,e,r,s,\,l,e,n,m,o,\,D,e,s,k,t,o,p,\,P,e,r,s,o,n,a,l,-,P,r,o,j,e,c,t,s,\,A,I,_,P,R,O,\,S,p,e,e,c,h,T,o,T,e,x,t,T,e,n,s,o,r,f,l,o,w,\,d,a,t,a,\,L,J,S,p,e,e,c,h,-,1,.,1,\,w,a,v,s,\,L,J,0,0,3,-,0,3,2,8,.,w,a,v
C,:,\,U,s,e,r,s,\,l,e,n,m,o,\,D,e,s,k,t,o,p,\,P,e,r,s,o,n,a,l,-,P,r,o,j,e,c,t,s,\,A,I,_,P,R,O,\,S,p,e,e,c,h,T,o,T,e,x,t,T,e,n,s,o,r,f,l,o,w,\,d,a,t,a,\,L,J,S,p,e,e,c,h,-,1,.,1,\,w,a,v,s,\,L,J,0,0,3,-,0,3,2,9,.,w,a,v
C,:,\,U,s,e,r,s,\,l,e,n,m,o,\,D,e,s,k,t,o,p,\,P,e,r,s,o,n,a,l,-,P,r,o,j,e,c,t,s,\,A,I,_,P,R,O,\,S,p,e,e,c,h,T,o,T,e,x,t,T,e,n,s,o,r,f,l,o,w,\,d,a,t,a,\,L,J,S,p,e,e,c,h,-,1,.,1,\,w,a,v,s,\,L,J,0,0,3,-,0,3,3,0,.,w,a,v
C,:,\,U,s,e,r,s,\,l,e,n,m,o,\,D,e,s,k,t,o,p,\,P,e,r,s,o,n,a,l,-,P,r,o,j,e,c,t,s,\,A,I,_,P,R,O,\,S,p,e,e,c,h,T,o,T,e,x,t,T,e,n,s,o,r,f,l,o,w,\,d,a,t,a,\,L,J,S,p,e,e,c,h,-,1,.,1,\,w,a,v,s,\,L,J,0,0,3,-,0,3,3,1,.,w,a,v
C,:,\,U,s,e,r,s,\,l,e,n,m,o,\,D,e,s,k,t,o,p,\,P,e,r,s,o,n,a,l,-,P,r,o,j,e,c,t,s,\,A,I,_,P,R,O,\,S,p,e,e,c,h,T,o,T,e,x,t,T,e,n,s,o,r,f,l,o,w,\,d,a,t,a,\,L,J,S,p,e,e,c,h,-,1,.,1,\,w,a,v,s,\,L,J,0,0,3,-,0,3,3,2,.,w,a,v
C,:,\,U,s,e,r,s,\,l,e,n,m,o,\,D,e,s,k,t,o,p,\,P,e,r,s,o,n,a,l,-,P,r,o,j,e,c,t,s,\,A,I,_,P,R,O,\,S,p,e,e,c,h,T,o,T,e,x,t,T,e,n,s,o,r,f,l,o,w,\,d,a,t,a,\,L,J,S,p,e,e,c,h,-,1,.,1,\,w,a,v,s,\,L,J,0,0,3,-,0,3,3,3,.,w,a,v
C,:,\,U,s,e,r,s,\,l,e,n,m,o,\,D,e,s,k,t,o,p,\,P,e,r,s,o,n,a,l,-,P,r,o,j,e,c,t,s,\,A,I,_,P,R,O,\,S,p,e,e,c,h,T,o,T,e,x,t,T,e,n,s,o,r,f,l,o,w,\,d,a,t,a,\,L,J,S,p,e,e,c,h,-,1,.,1,\,w,a,v,s,\,L,J,0,0,3,-,0,3,3,4,.,w,a,v
C,:,\,U,s,e,r,s,\,l,e,n,m,o,\,D,e,s,k,t,o,p,\,P,e,r,s,o,n,a,l,-,P,r,o,j,e,c,t,s,\,A,I,_,P,R,O,\,S,p,e,e,c,h,T,o,T,e,x,t,T,e,n,s,o,r,f,l,o,w,\,d,a,t,a,\,L,J,S,p,e,e,c,h,-,1,.,1,\,w,a,v,s,\,L,J,0,0,3,-,0,3,3,5,.,w,a,v
C,:,\,U,s,e,r,s,\,l,e,n,m,o,\,D,e,s,k,t,o,p,\,P,e,r,s,o,n,a,l,-,P,r,o,j,e,c,t,s,\,A,I,_,P,R,O,\,S,p,e,e,c,h,T,o,T,e,x,t,T,e,n,s,o,r,f,l,o,w,\,d,a,t,a,\,L,J,S,p,e,e,c,h,-,1,.,1,\,w,a,v,s,\,L,J,0,0,3,-,0,3,3,6,.,w,a,v
C,:,\,U,s,e,r,s,\,l,e,n,m,o,\,D,e,s,k,t,o,p,\,P,e,r,s,o,n,a,l,-,P,r,o,j,e,c,t,s,\,A,I,_,P,R,O,\,S,p,e,e,c,h,T,o,T,e,x,t,T,e,n,s,o,r,f,l,o,w,\,d,a,t,a,\,L,J,S,p,e,e,c,h,-,1,.,1,\,w,a,v,s,\,L,J,0,0,3,-,0,3,3,7,.,w,a,v
C,:,\,U,s,e,r,s,\,l,e,n,m,o,\,D,e,s,k,t,o,p,\,P,e,r,s,o,n,a,l,-,P,r,o,j,e,c,t,s,\,A,I,_,P,R,O,\,S,p,e,e,c,h,T,o,T,e,x,t,T,e,n,s,o,r,f,l,o,w,\,d,a,t,a,\,L,J,S,p,e,e,c,h,-,1,.,1,\,w,a,v,s,\,L,J,0,0,3,-,0,3,3,8,.,w,a,v
C,:,\,U,s,e,r,s,\,l,e,n,m,o,\,D,e,s,k,t,o,p,\,P,e,r,s,o,n,a,l,-,P,r,o,j,e,c,t,s,\,A,I,_,P,R,O,\,S,p,e,e,c,h,T,o,T,e,x,t,T,e,n,s,o,r,f,l,o,w,\,d,a,t,a,\,L,J,S,p,e,e,c,h,-,1,.,1,\,w,a,v,s,\,L,J,0,0,3,-,0,3,3,9,.,w,a,v
C,:,\,U,s,e,r,s,\,l,e,n,m,o,\,D,e,s,k,t,o,p,\,P,e,r,s,o,n,a,l,-,P,r,o,j,e,c,t,s,\,A,I,_,P,R,O,\,S,p,e,e,c,h,T,o,T,e,x,t,T,e,n,s,o,r,f,l,o,w,\,d,a,t,a,\,L,J,S,p,e,e,c,h,-,1,.,1,\,w,a,v,s,\,L,J,0,0,3,-,0,3,4,0,.,w,a,v
C,:,\,U,s,e,r,s,\,l,e,n,m,o,\,D,e,s,k,t,o,p,\,P,e,r,s,o,n,a,l,-,P,r,o,j,e,c,t,s,\,A,I,_,P,R,O,\,S,p,e,e,c,h,T,o,T,e,x,t,T,e,n,s,o,r,f,l,o,w,\,d,a,t,a,\,L,J,S,p,e,e,c,h,-,1,.,1,\,w,a,v,s,\,L,J,0,0,3,-,0,3,4,1,.,w,a,v
C,:,\,U,s,e,r,s,\,l,e,n,m,o,\,D,e,s,k,t,o,p,\,P,e,r,s,o,n,a,l,-,P,r,o,j,e,c,t,s,\,A,I,_,P,R,O,\,S,p,e,e,c,h,T,o,T,e,x,t,T,e,n,s,o,r,f,l,o,w,\,d,a,t,a,\,L,J,S,p,e,e,c,h,-,1,.,1,\,w,a,v,s,\,L,J,0,0,3,-,0,3,4,2,.,w,a,v
C,:,\,U,s,e,r,s,\,l,e,n,m,o,\,D,e,s,k,t,o,p,\,P,e,r,s,o,n,a,l,-,P,r,o,j,e,c,t,s,\,A,I,_,P,R,O,\,S,p,e,e,c,h,T,o,T,e,x,t,T,e,n,s,o,r,f,l,o,w,\,d,a,t,a,\,L,J,S,p,e,e,c,h,-,1,.,1,\,w,a,v,s,\,L,J,0,0,3,-,0,3,4,3,.,w,a,v
C,:,\,U,s,e,r,s,\,l,e,n,m,o,\,D,e,s,k,t,o,p,\,P,e,r,s,o,n,a,l,-,P,r,o,j,e,c,t,s,\,A,I,_,P,R,O,\,S,p,e,e,c,h,T,o,T,e,x,t,T,e,n,s,o,r,f,l,o,w,\,d,a,t,a,\,L,J,S,p,e,e,c,h,-,1,.,1,\,w,a,v,s,\,L,J,0,0,3,-,0,3,4,4,.,w,a,v
C,:,\,U,s,e,r,s,\,l,e,n,m,o,\,D,e,s,k,t,o,p,\,P,e,r,s,o,n,a,l,-,P,r,o,j,e,c,t,s,\,A,I,_,P,R,O,\,S,p,e,e,c,h,T,o,T,e,x,t,T,e,n,s,o,r,f,l,o,w,\,d,a,t,a,\,L,J,S,p,e,e,c,h,-,1,.,1,\,w,a,v,s,\,L,J,0,0,3,-,0,3,4,5,.,w,a,v
C,:,\,U,s,e,r,s,\,l,e,n,m,o,\,D,e,s,k,t,o,p,\,P,e,r,s,o,n,a,l,-,P,r,o,j,e,c,t,s,\,A,I,_,P,R,O,\,S,p,e,e,c,h,T,o,T,e,x,t,T,e,n,s,o,r,f,l,o,w,\,d,a,t,a,\,L,J,S,p,e,e,c,h,-,1,.,1,\,w,a,v,s,\,L,J,0,0,3,-,0,3,4,6,.,w,a,v
C,:,\,U,s,e,r,s,\,l,e,n,m,o,\,D,e,s,k,t,o,p,\,P,e,r,s,o,n,a,l,-,P,r,o,j,e,c,t,s,\,A,I,_,P,R,O,\,S,p,e,e,c,h,T,o,T,e,x,t,T,e,n,s,o,r,f,l,o,w,\,d,a,t,a,\,L,J,S,p,e,e,c,h,-,1,.,1,\,w,a,v,s,\,L,J,0,0,3,-,0,3,4,7,.,w,a,v
C,:,\,U,s,e,r,s,\,l,e,n,m,o,\,D,e,s,k,t,o,p,\,P,e,r,s,o,n,a,l,-,P,r,o,j,e,c,t,s,\,A,I,_,P,R,O,\,S,p,e,e,c,h,T,o,T,e,x,t,T,e,n,s,o,r,f,l,o,w,\,d,a,t,a,\,L,J,S,p,e,e,c,h,-,1,.,1,\,w,a,v,s,\,L,J,0,0,3,-,0,3,4,8,.,w,a,v
C,:,\,U,s,e,r,s,\,l,e,n,m,o,\,D,e,s,k,t,o,p,\,P,e,r,s,o,n,a,l,-,P,r,o,j,e,c,t,s,\,A,I,_,P,R,O,\,S,p,e,e,c,h,T,o,T,e,x,t,T,e,n,s,o,r,f,l,o,w,\,d,a,t,a,\,L,J,S,p,e,e,c,h,-,1,.,1,\,w,a,v,s,\,L,J,0,0,3,-,0,3,4,9,.,w,a,v
C,:,\,U,s,e,r,s,\,l,e,n,m,o,\,D,e,s,k,t,o,p,\,P,e,r,s,o,n,a,l,-,P,r,o,j,e,c,t,s,\,A,I,_,P,R,O,\,S,p,e,e,c,h,T,o,T,e,x,t,T,e,n,s,o,r,f,l,o,w,\,d,a,t,a,\,L,J,S,p,e,e,c,h,-,1,.,1,\,w,a,v,s,\,L,J,0,0,4,-,0,0,0,1,.,w,a,v
C,:,\,U,s,e,r,s,\,l,e,n,m,o,\,D,e,s,k,t,o,p,\,P,e,r,s,o,n,a,l,-,P,r,o,j,e,c,t,s,\,A,I,_,P,R,O,\,S,p,e,e,c,h,T,o,T,e,x,t,T,e,n,s,o,r,f,l,o,w,\,d,a,t,a,\,L,J,S,p,e,e,c,h,-,1,.,1,\,w,a,v,s,\,L,J,0,0,4,-,0,0,0,2,.,w,a,v
C,:,\,U,s,e,r,s,\,l,e,n,m,o,\,D,e,s,k,t,o,p,\,P,e,r,s,o,n,a,l,-,P,r,o,j,e,c,t,s,\,A,I,_,P,R,O,\,S,p,e,e,c,h,T,o,T,e,x,t,T,e,n,s,o,r,f,l,o,w,\,d,a,t,a,\,L,J,S,p,e,e,c,h,-,1,.,1,\,w,a,v,s,\,L,J,0,0,4,-,0,0,0,3,.,w,a,v
C,:,\,U,s,e,r,s,\,l,e,n,m,o,\,D,e,s,k,t,o,p,\,P,e,r,s,o,n,a,l,-,P,r,o,j,e,c,t,s,\,A,I,_,P,R,O,\,S,p,e,e,c,h,T,o,T,e,x,t,T,e,n,s,o,r,f,l,o,w,\,d,a,t,a,\,L,J,S,p,e,e,c,h,-,1,.,1,\,w,a,v,s,\,L,J,0,0,4,-,0,0,0,4,.,w,a,v
C,:,\,U,s,e,r,s,\,l,e,n,m,o,\,D,e,s,k,t,o,p,\,P,e,r,s,o,n,a,l,-,P,r,o,j,e,c,t,s,\,A,I,_,P,R,O,\,S,p,e,e,c,h,T,o,T,e,x,t,T,e,n,s,o,r,f,l,o,w,\,d,a,t,a,\,L,J,S,p,e,e,c,h,-,1,.,1,\,w,a,v,s,\,L,J,0,0,4,-,0,0,0,5,.,w,a,v
C,:,\,U,s,e,r,s,\,l,e,n,m,o,\,D,e,s,k,t,o,p,\,P,e,r,s,o,n,a,l,-,P,r,o,j,e,c,t,s,\,A,I,_,P,R,O,\,S,p,e,e,c,h,T,o,T,e,x,t,T,e,n,s,o,r,f,l,o,w,\,d,a,t,a,\,L,J,S,p,e,e,c,h,-,1,.,1,\,w,a,v,s,\,L,J,0,0,4,-,0,0,0,6,.,w,a,v
C,:,\,U,s,e,r,s,\,l,e,n,m,o,\,D,e,s,k,t,o,p,\,P,e,r,s,o,n,a,l,-,P,r,o,j,e,c,t,s,\,A,I,_,P,R,O,\,S,p,e,e,c,h,T,o,T,e,x,t,T,e,n,s,o,r,f,l,o,w,\,d,a,t,a,\,L,J,S,p,e,e,c,h,-,1,.,1,\,w,a,v,s,\,L,J,0,0,4,-,0,0,0,7,.,w,a,v
C,:,\,U,s,e,r,s,\,l,e,n,m,o,\,D,e,s,k,t,o,p,\,P,e,r,s,o,n,a,l,-,P,r,o,j,e,c,t,s,\,A,I,_,P,R,O,\,S,p,e,e,c,h,T,o,T,e,x,t,T,e,n,s,o,r,f,l,o,w,\,d,a,t,a,\,L,J,S,p,e,e,c,h,-,1,.,1,\,w,a,v,s,\,L,J,0,0,4,-,0,0,0,8,.,w,a,v
C,:,\,U,s,e,r,s,\,l,e,n,m,o,\,D,e,s,k,t,o,p,\,P,e,r,s,o,n,a,l,-,P,r,o,j,e,c,t,s,\,A,I,_,P,R,O,\,S,p,e,e,c,h,T,o,T,e,x,t,T,e,n,s,o,r,f,l,o,w,\,d,a,t,a,\,L,J,S,p,e,e,c,h,-,1,.,1,\,w,a,v,s,\,L,J,0,0,4,-,0,0,0,9,.,w,a,v
C,:,\,U,s,e,r,s,\,l,e,n,m,o,\,D,e,s,k,t,o,p,\,P,e,r,s,o,n,a,l,-,P,r,o,j,e,c,t,s,\,A,I,_,P,R,O,\,S,p,e,e,c,h,T,o,T,e,x,t,T,e,n,s,o,r,f,l,o,w,\,d,a,t,a,\,L,J,S,p,e,e,c,h,-,1,.,1,\,w,a,v,s,\,L,J,0,0,4,-,0,0,1,0,.,w,a,v
C,:,\,U,s,e,r,s,\,l,e,n,m,o,\,D,e,s,k,t,o,p,\,P,e,r,s,o,n,a,l,-,P,r,o,j,e,c,t,s,\,A,I,_,P,R,O,\,S,p,e,e,c,h,T,o,T,e,x,t,T,e,n,s,o,r,f,l,o,w,\,d,a,t,a,\,L,J,S,p,e,e,c,h,-,1,.,1,\,w,a,v,s,\,L,J,0,0,4,-,0,0,1,1,.,w,a,v
C,:,\,U,s,e,r,s,\,l,e,n,m,o,\,D,e,s,k,t,o,p,\,P,e,r,s,o,n,a,l,-,P,r,o,j,e,c,t,s,\,A,I,_,P,R,O,\,S,p,e,e,c,h,T,o,T,e,x,t,T,e,n,s,o,r,f,l,o,w,\,d,a,t,a,\,L,J,S,p,e,e,c,h,-,1,.,1,\,w,a,v,s,\,L,J,0,0,4,-,0,0,1,2,.,w,a,v
C,:,\,U,s,e,r,s,\,l,e,n,m,o,\,D,e,s,k,t,o,p,\,P,e,r,s,o,n,a,l,-,P,r,o,j,e,c,t,s,\,A,I,_,P,R,O,\,S,p,e,e,c,h,T,o,T,e,x,t,T,e,n,s,o,r,f,l,o,w,\,d,a,t,a,\,L,J,S,p,e,e,c,h,-,1,.,1,\,w,a,v,s,\,L,J,0,0,4,-,0,0,1,3,.,w,a,v
C,:,\,U,s,e,r,s,\,l,e,n,m,o,\,D,e,s,k,t,o,p,\,P,e,r,s,o,n,a,l,-,P,r,o,j,e,c,t,s,\,A,I,_,P,R,O,\,S,p,e,e,c,h,T,o,T,e,x,t,T,e,n,s,o,r,f,l,o,w,\,d,a,t,a,\,L,J,S,p,e,e,c,h,-,1,.,1,\,w,a,v,s,\,L,J,0,0,4,-,0,0,1,4,.,w,a,v
C,:,\,U,s,e,r,s,\,l,e,n,m,o,\,D,e,s,k,t,o,p,\,P,e,r,s,o,n,a,l,-,P,r,o,j,e,c,t,s,\,A,I,_,P,R,O,\,S,p,e,e,c,h,T,o,T,e,x,t,T,e,n,s,o,r,f,l,o,w,\,d,a,t,a,\,L,J,S,p,e,e,c,h,-,1,.,1,\,w,a,v,s,\,L,J,0,0,4,-,0,0,1,5,.,w,a,v
C,:,\,U,s,e,r,s,\,l,e,n,m,o,\,D,e,s,k,t,o,p,\,P,e,r,s,o,n,a,l,-,P,r,o,j,e,c,t,s,\,A,I,_,P,R,O,\,S,p,e,e,c,h,T,o,T,e,x,t,T,e,n,s,o,r,f,l,o,w,\,d,a,t,a,\,L,J,S,p,e,e,c,h,-,1,.,1,\,w,a,v,s,\,L,J,0,0,4,-,0,0,1,6,.,w,a,v
C,:,\,U,s,e,r,s,\,l,e,n,m,o,\,D,e,s,k,t,o,p,\,P,e,r,s,o,n,a,l,-,P,r,o,j,e,c,t,s,\,A,I,_,P,R,O,\,S,p,e,e,c,h,T,o,T,e,x,t,T,e,n,s,o,r,f,l,o,w,\,d,a,t,a,\,L,J,S,p,e,e,c,h,-,1,.,1,\,w,a,v,s,\,L,J,0,0,4,-,0,0,1,7,.,w,a,v
C,:,\,U,s,e,r,s,\,l,e,n,m,o,\,D,e,s,k,t,o,p,\,P,e,r,s,o,n,a,l,-,P,r,o,j,e,c,t,s,\,A,I,_,P,R,O,\,S,p,e,e,c,h,T,o,T,e,x,t,T,e,n,s,o,r,f,l,o,w,\,d,a,t,a,\,L,J,S,p,e,e,c,h,-,1,.,1,\,w,a,v,s,\,L,J,0,0,4,-,0,0,1,8,.,w,a,v
C,:,\,U,s,e,r,s,\,l,e,n,m,o,\,D,e,s,k,t,o,p,\,P,e,r,s,o,n,a,l,-,P,r,o,j,e,c,t,s,\,A,I,_,P,R,O,\,S,p,e,e,c,h,T,o,T,e,x,t,T,e,n,s,o,r,f,l,o,w,\,d,a,t,a,\,L,J,S,p,e,e,c,h,-,1,.,1,\,w,a,v,s,\,L,J,0,0,4,-,0,0,1,9,.,w,a,v
C,:,\,U,s,e,r,s,\,l,e,n,m,o,\,D,e,s,k,t,o,p,\,P,e,r,s,o,n,a,l,-,P,r,o,j,e,c,t,s,\,A,I,_,P,R,O,\,S,p,e,e,c,h,T,o,T,e,x,t,T,e,n,s,o,r,f,l,o,w,\,d,a,t,a,\,L,J,S,p,e,e,c,h,-,1,.,1,\,w,a,v,s,\,L,J,0,0,4,-,0,0,2,0,.,w,a,v
C,:,\,U,s,e,r,s,\,l,e,n,m,o,\,D,e,s,k,t,o,p,\,P,e,r,s,o,n,a,l,-,P,r,o,j,e,c,t,s,\,A,I,_,P,R,O,\,S,p,e,e,c,h,T,o,T,e,x,t,T,e,n,s,o,r,f,l,o,w,\,d,a,t,a,\,L,J,S,p,e,e,c,h,-,1,.,1,\,w,a,v,s,\,L,J,0,0,4,-,0,0,2,1,.,w,a,v
C,:,\,U,s,e,r,s,\,l,e,n,m,o,\,D,e,s,k,t,o,p,\,P,e,r,s,o,n,a,l,-,P,r,o,j,e,c,t,s,\,A,I,_,P,R,O,\,S,p,e,e,c,h,T,o,T,e,x,t,T,e,n,s,o,r,f,l,o,w,\,d,a,t,a,\,L,J,S,p,e,e,c,h,-,1,.,1,\,w,a,v,s,\,L,J,0,0,4,-,0,0,2,2,.,w,a,v
C,:,\,U,s,e,r,s,\,l,e,n,m,o,\,D,e,s,k,t,o,p,\,P,e,r,s,o,n,a,l,-,P,r,o,j,e,c,t,s,\,A,I,_,P,R,O,\,S,p,e,e,c,h,T,o,T,e,x,t,T,e,n,s,o,r,f,l,o,w,\,d,a,t,a,\,L,J,S,p,e,e,c,h,-,1,.,1,\,w,a,v,s,\,L,J,0,0,4,-,0,0,2,3,.,w,a,v
C,:,\,U,s,e,r,s,\,l,e,n,m,o,\,D,e,s,k,t,o,p,\,P,e,r,s,o,n,a,l,-,P,r,o,j,e,c,t,s,\,A,I,_,P,R,O,\,S,p,e,e,c,h,T,o,T,e,x,t,T,e,n,s,o,r,f,l,o,w,\,d,a,t,a,\,L,J,S,p,e,e,c,h,-,1,.,1,\,w,a,v,s,\,L,J,0,0,4,-,0,0,2,4,.,w,a,v
C,:,\,U,s,e,r,s,\,l,e,n,m,o,\,D,e,s,k,t,o,p,\,P,e,r,s,o,n,a,l,-,P,r,o,j,e,c,t,s,\,A,I,_,P,R,O,\,S,p,e,e,c,h,T,o,T,e,x,t,T,e,n,s,o,r,f,l,o,w,\,d,a,t,a,\,L,J,S,p,e,e,c,h,-,1,.,1,\,w,a,v,s,\,L,J,0,0,4,-,0,0,2,5,.,w,a,v
C,:,\,U,s,e,r,s,\,l,e,n,m,o,\,D,e,s,k,t,o,p,\,P,e,r,s,o,n,a,l,-,P,r,o,j,e,c,t,s,\,A,I,_,P,R,O,\,S,p,e,e,c,h,T,o,T,e,x,t,T,e,n,s,o,r,f,l,o,w,\,d,a,t,a,\,L,J,S,p,e,e,c,h,-,1,.,1,\,w,a,v,s,\,L,J,0,0,4,-,0,0,2,6,.,w,a,v
C,:,\,U,s,e,r,s,\,l,e,n,m,o,\,D,e,s,k,t,o,p,\,P,e,r,s,o,n,a,l,-,P,r,o,j,e,c,t,s,\,A,I,_,P,R,O,\,S,p,e,e,c,h,T,o,T,e,x,t,T,e,n,s,o,r,f,l,o,w,\,d,a,t,a,\,L,J,S,p,e,e,c,h,-,1,.,1,\,w,a,v,s,\,L,J,0,0,4,-,0,0,2,7,.,w,a,v
C,:,\,U,s,e,r,s,\,l,e,n,m,o,\,D,e,s,k,t,o,p,\,P,e,r,s,o,n,a,l,-,P,r,o,j,e,c,t,s,\,A,I,_,P,R,O,\,S,p,e,e,c,h,T,o,T,e,x,t,T,e,n,s,o,r,f,l,o,w,\,d,a,t,a,\,L,J,S,p,e,e,c,h,-,1,.,1,\,w,a,v,s,\,L,J,0,0,4,-,0,0,2,8,.,w,a,v
C,:,\,U,s,e,r,s,\,l,e,n,m,o,\,D,e,s,k,t,o,p,\,P,e,r,s,o,n,a,l,-,P,r,o,j,e,c,t,s,\,A,I,_,P,R,O,\,S,p,e,e,c,h,T,o,T,e,x,t,T,e,n,s,o,r,f,l,o,w,\,d,a,t,a,\,L,J,S,p,e,e,c,h,-,1,.,1,\,w,a,v,s,\,L,J,0,0,4,-,0,0,2,9,.,w,a,v
C,:,\,U,s,e,r,s,\,l,e,n,m,o,\,D,e,s,k,t,o,p,\,P,e,r,s,o,n,a,l,-,P,r,o,j,e,c,t,s,\,A,I,_,P,R,O,\,S,p,e,e,c,h,T,o,T,e,x,t,T,e,n,s,o,r,f,l,o,w,\,d,a,t,a,\,L,J,S,p,e,e,c,h,-,1,.,1,\,w,a,v,s,\,L,J,0,0,4,-,0,0,3,0,.,w,a,v
C,:,\,U,s,e,r,s,\,l,e,n,m,o,\,D,e,s,k,t,o,p,\,P,e,r,s,o,n,a,l,-,P,r,o,j,e,c,t,s,\,A,I,_,P,R,O,\,S,p,e,e,c,h,T,o,T,e,x,t,T,e,n,s,o,r,f,l,o,w,\,d,a,t,a,\,L,J,S,p,e,e,c,h,-,1,.,1,\,w,a,v,s,\,L,J,0,0,4,-,0,0,3,1,.,w,a,v
C,:,\,U,s,e,r,s,\,l,e,n,m,o,\,D,e,s,k,t,o,p,\,P,e,r,s,o,n,a,l,-,P,r,o,j,e,c,t,s,\,A,I,_,P,R,O,\,S,p,e,e,c,h,T,o,T,e,x,t,T,e,n,s,o,r,f,l,o,w,\,d,a,t,a,\,L,J,S,p,e,e,c,h,-,1,.,1,\,w,a,v,s,\,L,J,0,0,4,-,0,0,3,2,.,w,a,v
C,:,\,U,s,e,r,s,\,l,e,n,m,o,\,D,e,s,k,t,o,p,\,P,e,r,s,o,n,a,l,-,P,r,o,j,e,c,t,s,\,A,I,_,P,R,O,\,S,p,e,e,c,h,T,o,T,e,x,t,T,e,n,s,o,r,f,l,o,w,\,d,a,t,a,\,L,J,S,p,e,e,c,h,-,1,.,1,\,w,a,v,s,\,L,J,0,0,4,-,0,0,3,3,.,w,a,v
C,:,\,U,s,e,r,s,\,l,e,n,m,o,\,D,e,s,k,t,o,p,\,P,e,r,s,o,n,a,l,-,P,r,o,j,e,c,t,s,\,A,I,_,P,R,O,\,S,p,e,e,c,h,T,o,T,e,x,t,T,e,n,s,o,r,f,l,o,w,\,d,a,t,a,\,L,J,S,p,e,e,c,h,-,1,.,1,\,w,a,v,s,\,L,J,0,0,4,-,0,0,3,4,.,w,a,v
C,:,\,U,s,e,r,s,\,l,e,n,m,o,\,D,e,s,k,t,o,p,\,P,e,r,s,o,n,a,l,-,P,r,o,j,e,c,t,s,\,A,I,_,P,R,O,\,S,p,e,e,c,h,T,o,T,e,x,t,T,e,n,s,o,r,f,l,o,w,\,d,a,t,a,\,L,J,S,p,e,e,c,h,-,1,.,1,\,w,a,v,s,\,L,J,0,0,4,-,0,0,3,5,.,w,a,v
C,:,\,U,s,e,r,s,\,l,e,n,m,o,\,D,e,s,k,t,o,p,\,P,e,r,s,o,n,a,l,-,P,r,o,j,e,c,t,s,\,A,I,_,P,R,O,\,S,p,e,e,c,h,T,o,T,e,x,t,T,e,n,s,o,r,f,l,o,w,\,d,a,t,a,\,L,J,S,p,e,e,c,h,-,1,.,1,\,w,a,v,s,\,L,J,0,0,4,-,0,0,3,6,.,w,a,v
C,:,\,U,s,e,r,s,\,l,e,n,m,o,\,D,e,s,k,t,o,p,\,P,e,r,s,o,n,a,l,-,P,r,o,j,e,c,t,s,\,A,I,_,P,R,O,\,S,p,e,e,c,h,T,o,T,e,x,t,T,e,n,s,o,r,f,l,o,w,\,d,a,t,a,\,L,J,S,p,e,e,c,h,-,1,.,1,\,w,a,v,s,\,L,J,0,0,4,-,0,0,3,7,.,w,a,v
C,:,\,U,s,e,r,s,\,l,e,n,m,o,\,D,e,s,k,t,o,p,\,P,e,r,s,o,n,a,l,-,P,r,o,j,e,c,t,s,\,A,I,_,P,R,O,\,S,p,e,e,c,h,T,o,T,e,x,t,T,e,n,s,o,r,f,l,o,w,\,d,a,t,a,\,L,J,S,p,e,e,c,h,-,1,.,1,\,w,a,v,s,\,L,J,0,0,4,-,0,0,3,8,.,w,a,v
C,:,\,U,s,e,r,s,\,l,e,n,m,o,\,D,e,s,k,t,o,p,\,P,e,r,s,o,n,a,l,-,P,r,o,j,e,c,t,s,\,A,I,_,P,R,O,\,S,p,e,e,c,h,T,o,T,e,x,t,T,e,n,s,o,r,f,l,o,w,\,d,a,t,a,\,L,J,S,p,e,e,c,h,-,1,.,1,\,w,a,v,s,\,L,J,0,0,4,-,0,0,3,9,.,w,a,v
C,:,\,U,s,e,r,s,\,l,e,n,m,o,\,D,e,s,k,t,o,p,\,P,e,r,s,o,n,a,l,-,P,r,o,j,e,c,t,s,\,A,I,_,P,R,O,\,S,p,e,e,c,h,T,o,T,e,x,t,T,e,n,s,o,r,f,l,o,w,\,d,a,t,a,\,L,J,S,p,e,e,c,h,-,1,.,1,\,w,a,v,s,\,L,J,0,0,4,-,0,0,4,0,.,w,a,v
C,:,\,U,s,e,r,s,\,l,e,n,m,o,\,D,e,s,k,t,o,p,\,P,e,r,s,o,n,a,l,-,P,r,o,j,e,c,t,s,\,A,I,_,P,R,O,\,S,p,e,e,c,h,T,o,T,e,x,t,T,e,n,s,o,r,f,l,o,w,\,d,a,t,a,\,L,J,S,p,e,e,c,h,-,1,.,1,\,w,a,v,s,\,L,J,0,0,4,-,0,0,4,1,.,w,a,v
C,:,\,U,s,e,r,s,\,l,e,n,m,o,\,D,e,s,k,t,o,p,\,P,e,r,s,o,n,a,l,-,P,r,o,j,e,c,t,s,\,A,I,_,P,R,O,\,S,p,e,e,c,h,T,o,T,e,x,t,T,e,n,s,o,r,f,l,o,w,\,d,a,t,a,\,L,J,S,p,e,e,c,h,-,1,.,1,\,w,a,v,s,\,L,J,0,0,4,-,0,0,4,2,.,w,a,v
C,:,\,U,s,e,r,s,\,l,e,n,m,o,\,D,e,s,k,t,o,p,\,P,e,r,s,o,n,a,l,-,P,r,o,j,e,c,t,s,\,A,I,_,P,R,O,\,S,p,e,e,c,h,T,o,T,e,x,t,T,e,n,s,o,r,f,l,o,w,\,d,a,t,a,\,L,J,S,p,e,e,c,h,-,1,.,1,\,w,a,v,s,\,L,J,0,0,4,-,0,0,4,3,.,w,a,v
C,:,\,U,s,e,r,s,\,l,e,n,m,o,\,D,e,s,k,t,o,p,\,P,e,r,s,o,n,a,l,-,P,r,o,j,e,c,t,s,\,A,I,_,P,R,O,\,S,p,e,e,c,h,T,o,T,e,x,t,T,e,n,s,o,r,f,l,o,w,\,d,a,t,a,\,L,J,S,p,e,e,c,h,-,1,.,1,\,w,a,v,s,\,L,J,0,0,4,-,0,0,4,4,.,w,a,v
C,:,\,U,s,e,r,s,\,l,e,n,m,o,\,D,e,s,k,t,o,p,\,P,e,r,s,o,n,a,l,-,P,r,o,j,e,c,t,s,\,A,I,_,P,R,O,\,S,p,e,e,c,h,T,o,T,e,x,t,T,e,n,s,o,r,f,l,o,w,\,d,a,t,a,\,L,J,S,p,e,e,c,h,-,1,.,1,\,w,a,v,s,\,L,J,0,0,4,-,0,0,4,5,.,w,a,v
C,:,\,U,s,e,r,s,\,l,e,n,m,o,\,D,e,s,k,t,o,p,\,P,e,r,s,o,n,a,l,-,P,r,o,j,e,c,t,s,\,A,I,_,P,R,O,\,S,p,e,e,c,h,T,o,T,e,x,t,T,e,n,s,o,r,f,l,o,w,\,d,a,t,a,\,L,J,S,p,e,e,c,h,-,1,.,1,\,w,a,v,s,\,L,J,0,0,4,-,0,0,4,6,.,w,a,v
C,:,\,U,s,e,r,s,\,l,e,n,m,o,\,D,e,s,k,t,o,p,\,P,e,r,s,o,n,a,l,-,P,r,o,j,e,c,t,s,\,A,I,_,P,R,O,\,S,p,e,e,c,h,T,o,T,e,x,t,T,e,n,s,o,r,f,l,o,w,\,d,a,t,a,\,L,J,S,p,e,e,c,h,-,1,.,1,\,w,a,v,s,\,L,J,0,0,4,-,0,0,4,7,.,w,a,v
C,:,\,U,s,e,r,s,\,l,e,n,m,o,\,D,e,s,k,t,o,p,\,P,e,r,s,o,n,a,l,-,P,r,o,j,e,c,t,s,\,A,I,_,P,R,O,\,S,p,e,e,c,h,T,o,T,e,x,t,T,e,n,s,o,r,f,l,o,w,\,d,a,t,a,\,L,J,S,p,e,e,c,h,-,1,.,1,\,w,a,v,s,\,L,J,0,0,4,-,0,0,4,8,.,w,a,v
C,:,\,U,s,e,r,s,\,l,e,n,m,o,\,D,e,s,k,t,o,p,\,P,e,r,s,o,n,a,l,-,P,r,o,j,e,c,t,s,\,A,I,_,P,R,O,\,S,p,e,e,c,h,T,o,T,e,x,t,T,e,n,s,o,r,f,l,o,w,\,d,a,t,a,\,L,J,S,p,e,e,c,h,-,1,.,1,\,w,a,v,s,\,L,J,0,0,4,-,0,0,4,9,.,w,a,v
C,:,\,U,s,e,r,s,\,l,e,n,m,o,\,D,e,s,k,t,o,p,\,P,e,r,s,o,n,a,l,-,P,r,o,j,e,c,t,s,\,A,I,_,P,R,O,\,S,p,e,e,c,h,T,o,T,e,x,t,T,e,n,s,o,r,f,l,o,w,\,d,a,t,a,\,L,J,S,p,e,e,c,h,-,1,.,1,\,w,a,v,s,\,L,J,0,0,4,-,0,0,5,0,.,w,a,v
C,:,\,U,s,e,r,s,\,l,e,n,m,o,\,D,e,s,k,t,o,p,\,P,e,r,s,o,n,a,l,-,P,r,o,j,e,c,t,s,\,A,I,_,P,R,O,\,S,p,e,e,c,h,T,o,T,e,x,t,T,e,n,s,o,r,f,l,o,w,\,d,a,t,a,\,L,J,S,p,e,e,c,h,-,1,.,1,\,w,a,v,s,\,L,J,0,0,4,-,0,0,5,1,.,w,a,v
C,:,\,U,s,e,r,s,\,l,e,n,m,o,\,D,e,s,k,t,o,p,\,P,e,r,s,o,n,a,l,-,P,r,o,j,e,c,t,s,\,A,I,_,P,R,O,\,S,p,e,e,c,h,T,o,T,e,x,t,T,e,n,s,o,r,f,l,o,w,\,d,a,t,a,\,L,J,S,p,e,e,c,h,-,1,.,1,\,w,a,v,s,\,L,J,0,0,4,-,0,0,5,2,.,w,a,v
C,:,\,U,s,e,r,s,\,l,e,n,m,o,\,D,e,s,k,t,o,p,\,P,e,r,s,o,n,a,l,-,P,r,o,j,e,c,t,s,\,A,I,_,P,R,O,\,S,p,e,e,c,h,T,o,T,e,x,t,T,e,n,s,o,r,f,l,o,w,\,d,a,t,a,\,L,J,S,p,e,e,c,h,-,1,.,1,\,w,a,v,s,\,L,J,0,0,4,-,0,0,5,4,.,w,a,v
C,:,\,U,s,e,r,s,\,l,e,n,m,o,\,D,e,s,k,t,o,p,\,P,e,r,s,o,n,a,l,-,P,r,o,j,e,c,t,s,\,A,I,_,P,R,O,\,S,p,e,e,c,h,T,o,T,e,x,t,T,e,n,s,o,r,f,l,o,w,\,d,a,t,a,\,L,J,S,p,e,e,c,h,-,1,.,1,\,w,a,v,s,\,L,J,0,0,4,-,0,0,5,5,.,w,a,v
C,:,\,U,s,e,r,s,\,l,e,n,m,o,\,D,e,s,k,t,o,p,\,P,e,r,s,o,n,a,l,-,P,r,o,j,e,c,t,s,\,A,I,_,P,R,O,\,S,p,e,e,c,h,T,o,T,e,x,t,T,e,n,s,o,r,f,l,o,w,\,d,a,t,a,\,L,J,S,p,e,e,c,h,-,1,.,1,\,w,a,v,s,\,L,J,0,0,4,-,0,0,5,6,.,w,a,v
C,:,\,U,s,e,r,s,\,l,e,n,m,o,\,D,e,s,k,t,o,p,\,P,e,r,s,o,n,a,l,-,P,r,o,j,e,c,t,s,\,A,I,_,P,R,O,\,S,p,e,e,c,h,T,o,T,e,x,t,T,e,n,s,o,r,f,l,o,w,\,d,a,t,a,\,L,J,S,p,e,e,c,h,-,1,.,1,\,w,a,v,s,\,L,J,0,0,4,-,0,0,5,7,.,w,a,v
C,:,\,U,s,e,r,s,\,l,e,n,m,o,\,D,e,s,k,t,o,p,\,P,e,r,s,o,n,a,l,-,P,r,o,j,e,c,t,s,\,A,I,_,P,R,O,\,S,p,e,e,c,h,T,o,T,e,x,t,T,e,n,s,o,r,f,l,o,w,\,d,a,t,a,\,L,J,S,p,e,e,c,h,-,1,.,1,\,w,a,v,s,\,L,J,0,0,4,-,0,0,5,8,.,w,a,v
C,:,\,U,s,e,r,s,\,l,e,n,m,o,\,D,e,s,k,t,o,p,\,P,e,r,s,o,n,a,l,-,P,r,o,j,e,c,t,s,\,A,I,_,P,R,O,\,S,p,e,e,c,h,T,o,T,e,x,t,T,e,n,s,o,r,f,l,o,w,\,d,a,t,a,\,L,J,S,p,e,e,c,h,-,1,.,1,\,w,a,v,s,\,L,J,0,0,4,-,0,0,5,9,.,w,a,v
C,:,\,U,s,e,r,s,\,l,e,n,m,o,\,D,e,s,k,t,o,p,\,P,e,r,s,o,n,a,l,-,P,r,o,j,e,c,t,s,\,A,I,_,P,R,O,\,S,p,e,e,c,h,T,o,T,e,x,t,T,e,n,s,o,r,f,l,o,w,\,d,a,t,a,\,L,J,S,p,e,e,c,h,-,1,.,1,\,w,a,v,s,\,L,J,0,0,4,-,0,0,6,0,.,w,a,v
C,:,\,U,s,e,r,s,\,l,e,n,m,o,\,D,e,s,k,t,o,p,\,P,e,r,s,o,n,a,l,-,P,r,o,j,e,c,t,s,\,A,I,_,P,R,O,\,S,p,e,e,c,h,T,o,T,e,x,t,T,e,n,s,o,r,f,l,o,w,\,d,a,t,a,\,L,J,S,p,e,e,c,h,-,1,.,1,\,w,a,v,s,\,L,J,0,0,4,-,0,0,6,1,.,w,a,v
C,:,\,U,s,e,r,s,\,l,e,n,m,o,\,D,e,s,k,t,o,p,\,P,e,r,s,o,n,a,l,-,P,r,o,j,e,c,t,s,\,A,I,_,P,R,O,\,S,p,e,e,c,h,T,o,T,e,x,t,T,e,n,s,o,r,f,l,o,w,\,d,a,t,a,\,L,J,S,p,e,e,c,h,-,1,.,1,\,w,a,v,s,\,L,J,0,0,4,-,0,0,6,2,.,w,a,v
C,:,\,U,s,e,r,s,\,l,e,n,m,o,\,D,e,s,k,t,o,p,\,P,e,r,s,o,n,a,l,-,P,r,o,j,e,c,t,s,\,A,I,_,P,R,O,\,S,p,e,e,c,h,T,o,T,e,x,t,T,e,n,s,o,r,f,l,o,w,\,d,a,t,a,\,L,J,S,p,e,e,c,h,-,1,.,1,\,w,a,v,s,\,L,J,0,0,4,-,0,0,6,3,.,w,a,v
C,:,\,U,s,e,r,s,\,l,e,n,m,o,\,D,e,s,k,t,o,p,\,P,e,r,s,o,n,a,l,-,P,r,o,j,e,c,t,s,\,A,I,_,P,R,O,\,S,p,e,e,c,h,T,o,T,e,x,t,T,e,n,s,o,r,f,l,o,w,\,d,a,t,a,\,L,J,S,p,e,e,c,h,-,1,.,1,\,w,a,v,s,\,L,J,0,0,4,-,0,0,6,4,.,w,a,v
C,:,\,U,s,e,r,s,\,l,e,n,m,o,\,D,e,s,k,t,o,p,\,P,e,r,s,o,n,a,l,-,P,r,o,j,e,c,t,s,\,A,I,_,P,R,O,\,S,p,e,e,c,h,T,o,T,e,x,t,T,e,n,s,o,r,f,l,o,w,\,d,a,t,a,\,L,J,S,p,e,e,c,h,-,1,.,1,\,w,a,v,s,\,L,J,0,0,4,-,0,0,6,5,.,w,a,v
C,:,\,U,s,e,r,s,\,l,e,n,m,o,\,D,e,s,k,t,o,p,\,P,e,r,s,o,n,a,l,-,P,r,o,j,e,c,t,s,\,A,I,_,P,R,O,\,S,p,e,e,c,h,T,o,T,e,x,t,T,e,n,s,o,r,f,l,o,w,\,d,a,t,a,\,L,J,S,p,e,e,c,h,-,1,.,1,\,w,a,v,s,\,L,J,0,0,4,-,0,0,6,6,.,w,a,v
C,:,\,U,s,e,r,s,\,l,e,n,m,o,\,D,e,s,k,t,o,p,\,P,e,r,s,o,n,a,l,-,P,r,o,j,e,c,t,s,\,A,I,_,P,R,O,\,S,p,e,e,c,h,T,o,T,e,x,t,T,e,n,s,o,r,f,l,o,w,\,d,a,t,a,\,L,J,S,p,e,e,c,h,-,1,.,1,\,w,a,v,s,\,L,J,0,0,4,-,0,0,6,7,.,w,a,v
C,:,\,U,s,e,r,s,\,l,e,n,m,o,\,D,e,s,k,t,o,p,\,P,e,r,s,o,n,a,l,-,P,r,o,j,e,c,t,s,\,A,I,_,P,R,O,\,S,p,e,e,c,h,T,o,T,e,x,t,T,e,n,s,o,r,f,l,o,w,\,d,a,t,a,\,L,J,S,p,e,e,c,h,-,1,.,1,\,w,a,v,s,\,L,J,0,0,4,-,0,0,6,8,.,w,a,v
C,:,\,U,s,e,r,s,\,l,e,n,m,o,\,D,e,s,k,t,o,p,\,P,e,r,s,o,n,a,l,-,P,r,o,j,e,c,t,s,\,A,I,_,P,R,O,\,S,p,e,e,c,h,T,o,T,e,x,t,T,e,n,s,o,r,f,l,o,w,\,d,a,t,a,\,L,J,S,p,e,e,c,h,-,1,.,1,\,w,a,v,s,\,L,J,0,0,4,-,0,0,6,9,.,w,a,v
C,:,\,U,s,e,r,s,\,l,e,n,m,o,\,D,e,s,k,t,o,p,\,P,e,r,s,o,n,a,l,-,P,r,o,j,e,c,t,s,\,A,I,_,P,R,O,\,S,p,e,e,c,h,T,o,T,e,x,t,T,e,n,s,o,r,f,l,o,w,\,d,a,t,a,\,L,J,S,p,e,e,c,h,-,1,.,1,\,w,a,v,s,\,L,J,0,0,4,-,0,0,7,0,.,w,a,v
C,:,\,U,s,e,r,s,\,l,e,n,m,o,\,D,e,s,k,t,o,p,\,P,e,r,s,o,n,a,l,-,P,r,o,j,e,c,t,s,\,A,I,_,P,R,O,\,S,p,e,e,c,h,T,o,T,e,x,t,T,e,n,s,o,r,f,l,o,w,\,d,a,t,a,\,L,J,S,p,e,e,c,h,-,1,.,1,\,w,a,v,s,\,L,J,0,0,4,-,0,0,7,1,.,w,a,v
C,:,\,U,s,e,r,s,\,l,e,n,m,o,\,D,e,s,k,t,o,p,\,P,e,r,s,o,n,a,l,-,P,r,o,j,e,c,t,s,\,A,I,_,P,R,O,\,S,p,e,e,c,h,T,o,T,e,x,t,T,e,n,s,o,r,f,l,o,w,\,d,a,t,a,\,L,J,S,p,e,e,c,h,-,1,.,1,\,w,a,v,s,\,L,J,0,0,4,-,0,0,7,2,.,w,a,v
C,:,\,U,s,e,r,s,\,l,e,n,m,o,\,D,e,s,k,t,o,p,\,P,e,r,s,o,n,a,l,-,P,r,o,j,e,c,t,s,\,A,I,_,P,R,O,\,S,p,e,e,c,h,T,o,T,e,x,t,T,e,n,s,o,r,f,l,o,w,\,d,a,t,a,\,L,J,S,p,e,e,c,h,-,1,.,1,\,w,a,v,s,\,L,J,0,0,4,-,0,0,7,3,.,w,a,v
C,:,\,U,s,e,r,s,\,l,e,n,m,o,\,D,e,s,k,t,o,p,\,P,e,r,s,o,n,a,l,-,P,r,o,j,e,c,t,s,\,A,I,_,P,R,O,\,S,p,e,e,c,h,T,o,T,e,x,t,T,e,n,s,o,r,f,l,o,w,\,d,a,t,a,\,L,J,S,p,e,e,c,h,-,1,.,1,\,w,a,v,s,\,L,J,0,0,4,-,0,0,7,4,.,w,a,v
C,:,\,U,s,e,r,s,\,l,e,n,m,o,\,D,e,s,k,t,o,p,\,P,e,r,s,o,n,a,l,-,P,r,o,j,e,c,t,s,\,A,I,_,P,R,O,\,S,p,e,e,c,h,T,o,T,e,x,t,T,e,n,s,o,r,f,l,o,w,\,d,a,t,a,\,L,J,S,p,e,e,c,h,-,1,.,1,\,w,a,v,s,\,L,J,0,0,4,-,0,0,7,5,.,w,a,v
C,:,\,U,s,e,r,s,\,l,e,n,m,o,\,D,e,s,k,t,o,p,\,P,e,r,s,o,n,a,l,-,P,r,o,j,e,c,t,s,\,A,I,_,P,R,O,\,S,p,e,e,c,h,T,o,T,e,x,t,T,e,n,s,o,r,f,l,o,w,\,d,a,t,a,\,L,J,S,p,e,e,c,h,-,1,.,1,\,w,a,v,s,\,L,J,0,0,4,-,0,0,7,6,.,w,a,v
C,:,\,U,s,e,r,s,\,l,e,n,m,o,\,D,e,s,k,t,o,p,\,P,e,r,s,o,n,a,l,-,P,r,o,j,e,c,t,s,\,A,I,_,P,R,O,\,S,p,e,e,c,h,T,o,T,e,x,t,T,e,n,s,o,r,f,l,o,w,\,d,a,t,a,\,L,J,S,p,e,e,c,h,-,1,.,1,\,w,a,v,s,\,L,J,0,0,4,-,0,0,7,7,.,w,a,v
C,:,\,U,s,e,r,s,\,l,e,n,m,o,\,D,e,s,k,t,o,p,\,P,e,r,s,o,n,a,l,-,P,r,o,j,e,c,t,s,\,A,I,_,P,R,O,\,S,p,e,e,c,h,T,o,T,e,x,t,T,e,n,s,o,r,f,l,o,w,\,d,a,t,a,\,L,J,S,p,e,e,c,h,-,1,.,1,\,w,a,v,s,\,L,J,0,0,4,-,0,0,7,8,.,w,a,v
C,:,\,U,s,e,r,s,\,l,e,n,m,o,\,D,e,s,k,t,o,p,\,P,e,r,s,o,n,a,l,-,P,r,o,j,e,c,t,s,\,A,I,_,P,R,O,\,S,p,e,e,c,h,T,o,T,e,x,t,T,e,n,s,o,r,f,l,o,w,\,d,a,t,a,\,L,J,S,p,e,e,c,h,-,1,.,1,\,w,a,v,s,\,L,J,0,0,4,-,0,0,7,9,.,w,a,v
C,:,\,U,s,e,r,s,\,l,e,n,m,o,\,D,e,s,k,t,o,p,\,P,e,r,s,o,n,a,l,-,P,r,o,j,e,c,t,s,\,A,I,_,P,R,O,\,S,p,e,e,c,h,T,o,T,e,x,t,T,e,n,s,o,r,f,l,o,w,\,d,a,t,a,\,L,J,S,p,e,e,c,h,-,1,.,1,\,w,a,v,s,\,L,J,0,0,4,-,0,0,8,0,.,w,a,v
C,:,\,U,s,e,r,s,\,l,e,n,m,o,\,D,e,s,k,t,o,p,\,P,e,r,s,o,n,a,l,-,P,r,o,j,e,c,t,s,\,A,I,_,P,R,O,\,S,p,e,e,c,h,T,o,T,e,x,t,T,e,n,s,o,r,f,l,o,w,\,d,a,t,a,\,L,J,S,p,e,e,c,h,-,1,.,1,\,w,a,v,s,\,L,J,0,0,4,-,0,0,8,1,.,w,a,v
C,:,\,U,s,e,r,s,\,l,e,n,m,o,\,D,e,s,k,t,o,p,\,P,e,r,s,o,n,a,l,-,P,r,o,j,e,c,t,s,\,A,I,_,P,R,O,\,S,p,e,e,c,h,T,o,T,e,x,t,T,e,n,s,o,r,f,l,o,w,\,d,a,t,a,\,L,J,S,p,e,e,c,h,-,1,.,1,\,w,a,v,s,\,L,J,0,0,4,-,0,0,8,2,.,w,a,v
C,:,\,U,s,e,r,s,\,l,e,n,m,o,\,D,e,s,k,t,o,p,\,P,e,r,s,o,n,a,l,-,P,r,o,j,e,c,t,s,\,A,I,_,P,R,O,\,S,p,e,e,c,h,T,o,T,e,x,t,T,e,n,s,o,r,f,l,o,w,\,d,a,t,a,\,L,J,S,p,e,e,c,h,-,1,.,1,\,w,a,v,s,\,L,J,0,0,4,-,0,0,8,3,.,w,a,v
C,:,\,U,s,e,r,s,\,l,e,n,m,o,\,D,e,s,k,t,o,p,\,P,e,r,s,o,n,a,l,-,P,r,o,j,e,c,t,s,\,A,I,_,P,R,O,\,S,p,e,e,c,h,T,o,T,e,x,t,T,e,n,s,o,r,f,l,o,w,\,d,a,t,a,\,L,J,S,p,e,e,c,h,-,1,.,1,\,w,a,v,s,\,L,J,0,0,4,-,0,0,8,4,.,w,a,v
C,:,\,U,s,e,r,s,\,l,e,n,m,o,\,D,e,s,k,t,o,p,\,P,e,r,s,o,n,a,l,-,P,r,o,j,e,c,t,s,\,A,I,_,P,R,O,\,S,p,e,e,c,h,T,o,T,e,x,t,T,e,n,s,o,r,f,l,o,w,\,d,a,t,a,\,L,J,S,p,e,e,c,h,-,1,.,1,\,w,a,v,s,\,L,J,0,0,4,-,0,0,8,5,.,w,a,v
C,:,\,U,s,e,r,s,\,l,e,n,m,o,\,D,e,s,k,t,o,p,\,P,e,r,s,o,n,a,l,-,P,r,o,j,e,c,t,s,\,A,I,_,P,R,O,\,S,p,e,e,c,h,T,o,T,e,x,t,T,e,n,s,o,r,f,l,o,w,\,d,a,t,a,\,L,J,S,p,e,e,c,h,-,1,.,1,\,w,a,v,s,\,L,J,0,0,4,-,0,0,8,6,.,w,a,v
C,:,\,U,s,e,r,s,\,l,e,n,m,o,\,D,e,s,k,t,o,p,\,P,e,r,s,o,n,a,l,-,P,r,o,j,e,c,t,s,\,A,I,_,P,R,O,\,S,p,e,e,c,h,T,o,T,e,x,t,T,e,n,s,o,r,f,l,o,w,\,d,a,t,a,\,L,J,S,p,e,e,c,h,-,1,.,1,\,w,a,v,s,\,L,J,0,0,4,-,0,0,8,7,.,w,a,v
C,:,\,U,s,e,r,s,\,l,e,n,m,o,\,D,e,s,k,t,o,p,\,P,e,r,s,o,n,a,l,-,P,r,o,j,e,c,t,s,\,A,I,_,P,R,O,\,S,p,e,e,c,h,T,o,T,e,x,t,T,e,n,s,o,r,f,l,o,w,\,d,a,t,a,\,L,J,S,p,e,e,c,h,-,1,.,1,\,w,a,v,s,\,L,J,0,0,4,-,0,0,8,8,.,w,a,v
C,:,\,U,s,e,r,s,\,l,e,n,m,o,\,D,e,s,k,t,o,p,\,P,e,r,s,o,n,a,l,-,P,r,o,j,e,c,t,s,\,A,I,_,P,R,O,\,S,p,e,e,c,h,T,o,T,e,x,t,T,e,n,s,o,r,f,l,o,w,\,d,a,t,a,\,L,J,S,p,e,e,c,h,-,1,.,1,\,w,a,v,s,\,L,J,0,0,4,-,0,0,8,9,.,w,a,v
C,:,\,U,s,e,r,s,\,l,e,n,m,o,\,D,e,s,k,t,o,p,\,P,e,r,s,o,n,a,l,-,P,r,o,j,e,c,t,s,\,A,I,_,P,R,O,\,S,p,e,e,c,h,T,o,T,e,x,t,T,e,n,s,o,r,f,l,o,w,\,d,a,t,a,\,L,J,S,p,e,e,c,h,-,1,.,1,\,w,a,v,s,\,L,J,0,0,4,-,0,0,9,0,.,w,a,v
C,:,\,U,s,e,r,s,\,l,e,n,m,o,\,D,e,s,k,t,o,p,\,P,e,r,s,o,n,a,l,-,P,r,o,j,e,c,t,s,\,A,I,_,P,R,O,\,S,p,e,e,c,h,T,o,T,e,x,t,T,e,n,s,o,r,f,l,o,w,\,d,a,t,a,\,L,J,S,p,e,e,c,h,-,1,.,1,\,w,a,v,s,\,L,J,0,0,4,-,0,0,9,1,.,w,a,v
C,:,\,U,s,e,r,s,\,l,e,n,m,o,\,D,e,s,k,t,o,p,\,P,e,r,s,o,n,a,l,-,P,r,o,j,e,c,t,s,\,A,I,_,P,R,O,\,S,p,e,e,c,h,T,o,T,e,x,t,T,e,n,s,o,r,f,l,o,w,\,d,a,t,a,\,L,J,S,p,e,e,c,h,-,1,.,1,\,w,a,v,s,\,L,J,0,0,4,-,0,0,9,2,.,w,a,v
C,:,\,U,s,e,r,s,\,l,e,n,m,o,\,D,e,s,k,t,o,p,\,P,e,r,s,o,n,a,l,-,P,r,o,j,e,c,t,s,\,A,I,_,P,R,O,\,S,p,e,e,c,h,T,o,T,e,x,t,T,e,n,s,o,r,f,l,o,w,\,d,a,t,a,\,L,J,S,p,e,e,c,h,-,1,.,1,\,w,a,v,s,\,L,J,0,0,4,-,0,0,9,3,.,w,a,v
C,:,\,U,s,e,r,s,\,l,e,n,m,o,\,D,e,s,k,t,o,p,\,P,e,r,s,o,n,a,l,-,P,r,o,j,e,c,t,s,\,A,I,_,P,R,O,\,S,p,e,e,c,h,T,o,T,e,x,t,T,e,n,s,o,r,f,l,o,w,\,d,a,t,a,\,L,J,S,p,e,e,c,h,-,1,.,1,\,w,a,v,s,\,L,J,0,0,4,-,0,0,9,4,.,w,a,v
C,:,\,U,s,e,r,s,\,l,e,n,m,o,\,D,e,s,k,t,o,p,\,P,e,r,s,o,n,a,l,-,P,r,o,j,e,c,t,s,\,A,I,_,P,R,O,\,S,p,e,e,c,h,T,o,T,e,x,t,T,e,n,s,o,r,f,l,o,w,\,d,a,t,a,\,L,J,S,p,e,e,c,h,-,1,.,1,\,w,a,v,s,\,L,J,0,0,4,-,0,0,9,5,.,w,a,v
C,:,\,U,s,e,r,s,\,l,e,n,m,o,\,D,e,s,k,t,o,p,\,P,e,r,s,o,n,a,l,-,P,r,o,j,e,c,t,s,\,A,I,_,P,R,O,\,S,p,e,e,c,h,T,o,T,e,x,t,T,e,n,s,o,r,f,l,o,w,\,d,a,t,a,\,L,J,S,p,e,e,c,h,-,1,.,1,\,w,a,v,s,\,L,J,0,0,4,-,0,0,9,6,.,w,a,v
C,:,\,U,s,e,r,s,\,l,e,n,m,o,\,D,e,s,k,t,o,p,\,P,e,r,s,o,n,a,l,-,P,r,o,j,e,c,t,s,\,A,I,_,P,R,O,\,S,p,e,e,c,h,T,o,T,e,x,t,T,e,n,s,o,r,f,l,o,w,\,d,a,t,a,\,L,J,S,p,e,e,c,h,-,1,.,1,\,w,a,v,s,\,L,J,0,0,4,-,0,0,9,7,.,w,a,v
C,:,\,U,s,e,r,s,\,l,e,n,m,o,\,D,e,s,k,t,o,p,\,P,e,r,s,o,n,a,l,-,P,r,o,j,e,c,t,s,\,A,I,_,P,R,O,\,S,p,e,e,c,h,T,o,T,e,x,t,T,e,n,s,o,r,f,l,o,w,\,d,a,t,a,\,L,J,S,p,e,e,c,h,-,1,.,1,\,w,a,v,s,\,L,J,0,0,4,-,0,0,9,8,.,w,a,v
C,:,\,U,s,e,r,s,\,l,e,n,m,o,\,D,e,s,k,t,o,p,\,P,e,r,s,o,n,a,l,-,P,r,o,j,e,c,t,s,\,A,I,_,P,R,O,\,S,p,e,e,c,h,T,o,T,e,x,t,T,e,n,s,o,r,f,l,o,w,\,d,a,t,a,\,L,J,S,p,e,e,c,h,-,1,.,1,\,w,a,v,s,\,L,J,0,0,4,-,0,0,9,9,.,w,a,v
C,:,\,U,s,e,r,s,\,l,e,n,m,o,\,D,e,s,k,t,o,p,\,P,e,r,s,o,n,a,l,-,P,r,o,j,e,c,t,s,\,A,I,_,P,R,O,\,S,p,e,e,c,h,T,o,T,e,x,t,T,e,n,s,o,r,f,l,o,w,\,d,a,t,a,\,L,J,S,p,e,e,c,h,-,1,.,1,\,w,a,v,s,\,L,J,0,0,4,-,0,1,0,0,.,w,a,v
C,:,\,U,s,e,r,s,\,l,e,n,m,o,\,D,e,s,k,t,o,p,\,P,e,r,s,o,n,a,l,-,P,r,o,j,e,c,t,s,\,A,I,_,P,R,O,\,S,p,e,e,c,h,T,o,T,e,x,t,T,e,n,s,o,r,f,l,o,w,\,d,a,t,a,\,L,J,S,p,e,e,c,h,-,1,.,1,\,w,a,v,s,\,L,J,0,0,4,-,0,1,0,1,.,w,a,v
C,:,\,U,s,e,r,s,\,l,e,n,m,o,\,D,e,s,k,t,o,p,\,P,e,r,s,o,n,a,l,-,P,r,o,j,e,c,t,s,\,A,I,_,P,R,O,\,S,p,e,e,c,h,T,o,T,e,x,t,T,e,n,s,o,r,f,l,o,w,\,d,a,t,a,\,L,J,S,p,e,e,c,h,-,1,.,1,\,w,a,v,s,\,L,J,0,0,4,-,0,1,0,2,.,w,a,v
C,:,\,U,s,e,r,s,\,l,e,n,m,o,\,D,e,s,k,t,o,p,\,P,e,r,s,o,n,a,l,-,P,r,o,j,e,c,t,s,\,A,I,_,P,R,O,\,S,p,e,e,c,h,T,o,T,e,x,t,T,e,n,s,o,r,f,l,o,w,\,d,a,t,a,\,L,J,S,p,e,e,c,h,-,1,.,1,\,w,a,v,s,\,L,J,0,0,4,-,0,1,0,3,.,w,a,v
C,:,\,U,s,e,r,s,\,l,e,n,m,o,\,D,e,s,k,t,o,p,\,P,e,r,s,o,n,a,l,-,P,r,o,j,e,c,t,s,\,A,I,_,P,R,O,\,S,p,e,e,c,h,T,o,T,e,x,t,T,e,n,s,o,r,f,l,o,w,\,d,a,t,a,\,L,J,S,p,e,e,c,h,-,1,.,1,\,w,a,v,s,\,L,J,0,0,4,-,0,1,0,4,.,w,a,v
C,:,\,U,s,e,r,s,\,l,e,n,m,o,\,D,e,s,k,t,o,p,\,P,e,r,s,o,n,a,l,-,P,r,o,j,e,c,t,s,\,A,I,_,P,R,O,\,S,p,e,e,c,h,T,o,T,e,x,t,T,e,n,s,o,r,f,l,o,w,\,d,a,t,a,\,L,J,S,p,e,e,c,h,-,1,.,1,\,w,a,v,s,\,L,J,0,0,4,-,0,1,0,5,.,w,a,v
C,:,\,U,s,e,r,s,\,l,e,n,m,o,\,D,e,s,k,t,o,p,\,P,e,r,s,o,n,a,l,-,P,r,o,j,e,c,t,s,\,A,I,_,P,R,O,\,S,p,e,e,c,h,T,o,T,e,x,t,T,e,n,s,o,r,f,l,o,w,\,d,a,t,a,\,L,J,S,p,e,e,c,h,-,1,.,1,\,w,a,v,s,\,L,J,0,0,4,-,0,1,0,6,.,w,a,v
C,:,\,U,s,e,r,s,\,l,e,n,m,o,\,D,e,s,k,t,o,p,\,P,e,r,s,o,n,a,l,-,P,r,o,j,e,c,t,s,\,A,I,_,P,R,O,\,S,p,e,e,c,h,T,o,T,e,x,t,T,e,n,s,o,r,f,l,o,w,\,d,a,t,a,\,L,J,S,p,e,e,c,h,-,1,.,1,\,w,a,v,s,\,L,J,0,0,4,-,0,1,0,7,.,w,a,v
C,:,\,U,s,e,r,s,\,l,e,n,m,o,\,D,e,s,k,t,o,p,\,P,e,r,s,o,n,a,l,-,P,r,o,j,e,c,t,s,\,A,I,_,P,R,O,\,S,p,e,e,c,h,T,o,T,e,x,t,T,e,n,s,o,r,f,l,o,w,\,d,a,t,a,\,L,J,S,p,e,e,c,h,-,1,.,1,\,w,a,v,s,\,L,J,0,0,4,-,0,1,0,8,.,w,a,v
C,:,\,U,s,e,r,s,\,l,e,n,m,o,\,D,e,s,k,t,o,p,\,P,e,r,s,o,n,a,l,-,P,r,o,j,e,c,t,s,\,A,I,_,P,R,O,\,S,p,e,e,c,h,T,o,T,e,x,t,T,e,n,s,o,r,f,l,o,w,\,d,a,t,a,\,L,J,S,p,e,e,c,h,-,1,.,1,\,w,a,v,s,\,L,J,0,0,4,-,0,1,0,9,.,w,a,v
C,:,\,U,s,e,r,s,\,l,e,n,m,o,\,D,e,s,k,t,o,p,\,P,e,r,s,o,n,a,l,-,P,r,o,j,e,c,t,s,\,A,I,_,P,R,O,\,S,p,e,e,c,h,T,o,T,e,x,t,T,e,n,s,o,r,f,l,o,w,\,d,a,t,a,\,L,J,S,p,e,e,c,h,-,1,.,1,\,w,a,v,s,\,L,J,0,0,4,-,0,1,1,0,.,w,a,v
C,:,\,U,s,e,r,s,\,l,e,n,m,o,\,D,e,s,k,t,o,p,\,P,e,r,s,o,n,a,l,-,P,r,o,j,e,c,t,s,\,A,I,_,P,R,O,\,S,p,e,e,c,h,T,o,T,e,x,t,T,e,n,s,o,r,f,l,o,w,\,d,a,t,a,\,L,J,S,p,e,e,c,h,-,1,.,1,\,w,a,v,s,\,L,J,0,0,4,-,0,1,1,1,.,w,a,v
C,:,\,U,s,e,r,s,\,l,e,n,m,o,\,D,e,s,k,t,o,p,\,P,e,r,s,o,n,a,l,-,P,r,o,j,e,c,t,s,\,A,I,_,P,R,O,\,S,p,e,e,c,h,T,o,T,e,x,t,T,e,n,s,o,r,f,l,o,w,\,d,a,t,a,\,L,J,S,p,e,e,c,h,-,1,.,1,\,w,a,v,s,\,L,J,0,0,4,-,0,1,1,2,.,w,a,v
C,:,\,U,s,e,r,s,\,l,e,n,m,o,\,D,e,s,k,t,o,p,\,P,e,r,s,o,n,a,l,-,P,r,o,j,e,c,t,s,\,A,I,_,P,R,O,\,S,p,e,e,c,h,T,o,T,e,x,t,T,e,n,s,o,r,f,l,o,w,\,d,a,t,a,\,L,J,S,p,e,e,c,h,-,1,.,1,\,w,a,v,s,\,L,J,0,0,4,-,0,1,1,3,.,w,a,v
C,:,\,U,s,e,r,s,\,l,e,n,m,o,\,D,e,s,k,t,o,p,\,P,e,r,s,o,n,a,l,-,P,r,o,j,e,c,t,s,\,A,I,_,P,R,O,\,S,p,e,e,c,h,T,o,T,e,x,t,T,e,n,s,o,r,f,l,o,w,\,d,a,t,a,\,L,J,S,p,e,e,c,h,-,1,.,1,\,w,a,v,s,\,L,J,0,0,4,-,0,1,1,4,.,w,a,v
C,:,\,U,s,e,r,s,\,l,e,n,m,o,\,D,e,s,k,t,o,p,\,P,e,r,s,o,n,a,l,-,P,r,o,j,e,c,t,s,\,A,I,_,P,R,O,\,S,p,e,e,c,h,T,o,T,e,x,t,T,e,n,s,o,r,f,l,o,w,\,d,a,t,a,\,L,J,S,p,e,e,c,h,-,1,.,1,\,w,a,v,s,\,L,J,0,0,4,-,0,1,1,5,.,w,a,v
C,:,\,U,s,e,r,s,\,l,e,n,m,o,\,D,e,s,k,t,o,p,\,P,e,r,s,o,n,a,l,-,P,r,o,j,e,c,t,s,\,A,I,_,P,R,O,\,S,p,e,e,c,h,T,o,T,e,x,t,T,e,n,s,o,r,f,l,o,w,\,d,a,t,a,\,L,J,S,p,e,e,c,h,-,1,.,1,\,w,a,v,s,\,L,J,0,0,4,-,0,1,1,6,.,w,a,v
C,:,\,U,s,e,r,s,\,l,e,n,m,o,\,D,e,s,k,t,o,p,\,P,e,r,s,o,n,a,l,-,P,r,o,j,e,c,t,s,\,A,I,_,P,R,O,\,S,p,e,e,c,h,T,o,T,e,x,t,T,e,n,s,o,r,f,l,o,w,\,d,a,t,a,\,L,J,S,p,e,e,c,h,-,1,.,1,\,w,a,v,s,\,L,J,0,0,4,-,0,1,1,7,.,w,a,v
C,:,\,U,s,e,r,s,\,l,e,n,m,o,\,D,e,s,k,t,o,p,\,P,e,r,s,o,n,a,l,-,P,r,o,j,e,c,t,s,\,A,I,_,P,R,O,\,S,p,e,e,c,h,T,o,T,e,x,t,T,e,n,s,o,r,f,l,o,w,\,d,a,t,a,\,L,J,S,p,e,e,c,h,-,1,.,1,\,w,a,v,s,\,L,J,0,0,4,-,0,1,1,8,.,w,a,v
C,:,\,U,s,e,r,s,\,l,e,n,m,o,\,D,e,s,k,t,o,p,\,P,e,r,s,o,n,a,l,-,P,r,o,j,e,c,t,s,\,A,I,_,P,R,O,\,S,p,e,e,c,h,T,o,T,e,x,t,T,e,n,s,o,r,f,l,o,w,\,d,a,t,a,\,L,J,S,p,e,e,c,h,-,1,.,1,\,w,a,v,s,\,L,J,0,0,4,-,0,1,1,9,.,w,a,v
C,:,\,U,s,e,r,s,\,l,e,n,m,o,\,D,e,s,k,t,o,p,\,P,e,r,s,o,n,a,l,-,P,r,o,j,e,c,t,s,\,A,I,_,P,R,O,\,S,p,e,e,c,h,T,o,T,e,x,t,T,e,n,s,o,r,f,l,o,w,\,d,a,t,a,\,L,J,S,p,e,e,c,h,-,1,.,1,\,w,a,v,s,\,L,J,0,0,4,-,0,1,2,0,.,w,a,v
C,:,\,U,s,e,r,s,\,l,e,n,m,o,\,D,e,s,k,t,o,p,\,P,e,r,s,o,n,a,l,-,P,r,o,j,e,c,t,s,\,A,I,_,P,R,O,\,S,p,e,e,c,h,T,o,T,e,x,t,T,e,n,s,o,r,f,l,o,w,\,d,a,t,a,\,L,J,S,p,e,e,c,h,-,1,.,1,\,w,a,v,s,\,L,J,0,0,4,-,0,1,2,1,.,w,a,v
C,:,\,U,s,e,r,s,\,l,e,n,m,o,\,D,e,s,k,t,o,p,\,P,e,r,s,o,n,a,l,-,P,r,o,j,e,c,t,s,\,A,I,_,P,R,O,\,S,p,e,e,c,h,T,o,T,e,x,t,T,e,n,s,o,r,f,l,o,w,\,d,a,t,a,\,L,J,S,p,e,e,c,h,-,1,.,1,\,w,a,v,s,\,L,J,0,0,4,-,0,1,2,2,.,w,a,v
C,:,\,U,s,e,r,s,\,l,e,n,m,o,\,D,e,s,k,t,o,p,\,P,e,r,s,o,n,a,l,-,P,r,o,j,e,c,t,s,\,A,I,_,P,R,O,\,S,p,e,e,c,h,T,o,T,e,x,t,T,e,n,s,o,r,f,l,o,w,\,d,a,t,a,\,L,J,S,p,e,e,c,h,-,1,.,1,\,w,a,v,s,\,L,J,0,0,4,-,0,1,2,3,.,w,a,v
C,:,\,U,s,e,r,s,\,l,e,n,m,o,\,D,e,s,k,t,o,p,\,P,e,r,s,o,n,a,l,-,P,r,o,j,e,c,t,s,\,A,I,_,P,R,O,\,S,p,e,e,c,h,T,o,T,e,x,t,T,e,n,s,o,r,f,l,o,w,\,d,a,t,a,\,L,J,S,p,e,e,c,h,-,1,.,1,\,w,a,v,s,\,L,J,0,0,4,-,0,1,2,4,.,w,a,v
C,:,\,U,s,e,r,s,\,l,e,n,m,o,\,D,e,s,k,t,o,p,\,P,e,r,s,o,n,a,l,-,P,r,o,j,e,c,t,s,\,A,I,_,P,R,O,\,S,p,e,e,c,h,T,o,T,e,x,t,T,e,n,s,o,r,f,l,o,w,\,d,a,t,a,\,L,J,S,p,e,e,c,h,-,1,.,1,\,w,a,v,s,\,L,J,0,0,4,-,0,1,2,5,.,w,a,v
C,:,\,U,s,e,r,s,\,l,e,n,m,o,\,D,e,s,k,t,o,p,\,P,e,r,s,o,n,a,l,-,P,r,o,j,e,c,t,s,\,A,I,_,P,R,O,\,S,p,e,e,c,h,T,o,T,e,x,t,T,e,n,s,o,r,f,l,o,w,\,d,a,t,a,\,L,J,S,p,e,e,c,h,-,1,.,1,\,w,a,v,s,\,L,J,0,0,4,-,0,1,2,6,.,w,a,v
C,:,\,U,s,e,r,s,\,l,e,n,m,o,\,D,e,s,k,t,o,p,\,P,e,r,s,o,n,a,l,-,P,r,o,j,e,c,t,s,\,A,I,_,P,R,O,\,S,p,e,e,c,h,T,o,T,e,x,t,T,e,n,s,o,r,f,l,o,w,\,d,a,t,a,\,L,J,S,p,e,e,c,h,-,1,.,1,\,w,a,v,s,\,L,J,0,0,4,-,0,1,2,7,.,w,a,v
C,:,\,U,s,e,r,s,\,l,e,n,m,o,\,D,e,s,k,t,o,p,\,P,e,r,s,o,n,a,l,-,P,r,o,j,e,c,t,s,\,A,I,_,P,R,O,\,S,p,e,e,c,h,T,o,T,e,x,t,T,e,n,s,o,r,f,l,o,w,\,d,a,t,a,\,L,J,S,p,e,e,c,h,-,1,.,1,\,w,a,v,s,\,L,J,0,0,4,-,0,1,2,8,.,w,a,v
C,:,\,U,s,e,r,s,\,l,e,n,m,o,\,D,e,s,k,t,o,p,\,P,e,r,s,o,n,a,l,-,P,r,o,j,e,c,t,s,\,A,I,_,P,R,O,\,S,p,e,e,c,h,T,o,T,e,x,t,T,e,n,s,o,r,f,l,o,w,\,d,a,t,a,\,L,J,S,p,e,e,c,h,-,1,.,1,\,w,a,v,s,\,L,J,0,0,4,-,0,1,2,9,.,w,a,v
C,:,\,U,s,e,r,s,\,l,e,n,m,o,\,D,e,s,k,t,o,p,\,P,e,r,s,o,n,a,l,-,P,r,o,j,e,c,t,s,\,A,I,_,P,R,O,\,S,p,e,e,c,h,T,o,T,e,x,t,T,e,n,s,o,r,f,l,o,w,\,d,a,t,a,\,L,J,S,p,e,e,c,h,-,1,.,1,\,w,a,v,s,\,L,J,0,0,4,-,0,1,3,0,.,w,a,v
C,:,\,U,s,e,r,s,\,l,e,n,m,o,\,D,e,s,k,t,o,p,\,P,e,r,s,o,n,a,l,-,P,r,o,j,e,c,t,s,\,A,I,_,P,R,O,\,S,p,e,e,c,h,T,o,T,e,x,t,T,e,n,s,o,r,f,l,o,w,\,d,a,t,a,\,L,J,S,p,e,e,c,h,-,1,.,1,\,w,a,v,s,\,L,J,0,0,4,-,0,1,3,1,.,w,a,v
C,:,\,U,s,e,r,s,\,l,e,n,m,o,\,D,e,s,k,t,o,p,\,P,e,r,s,o,n,a,l,-,P,r,o,j,e,c,t,s,\,A,I,_,P,R,O,\,S,p,e,e,c,h,T,o,T,e,x,t,T,e,n,s,o,r,f,l,o,w,\,d,a,t,a,\,L,J,S,p,e,e,c,h,-,1,.,1,\,w,a,v,s,\,L,J,0,0,4,-,0,1,3,2,.,w,a,v
C,:,\,U,s,e,r,s,\,l,e,n,m,o,\,D,e,s,k,t,o,p,\,P,e,r,s,o,n,a,l,-,P,r,o,j,e,c,t,s,\,A,I,_,P,R,O,\,S,p,e,e,c,h,T,o,T,e,x,t,T,e,n,s,o,r,f,l,o,w,\,d,a,t,a,\,L,J,S,p,e,e,c,h,-,1,.,1,\,w,a,v,s,\,L,J,0,0,4,-,0,1,3,3,.,w,a,v
C,:,\,U,s,e,r,s,\,l,e,n,m,o,\,D,e,s,k,t,o,p,\,P,e,r,s,o,n,a,l,-,P,r,o,j,e,c,t,s,\,A,I,_,P,R,O,\,S,p,e,e,c,h,T,o,T,e,x,t,T,e,n,s,o,r,f,l,o,w,\,d,a,t,a,\,L,J,S,p,e,e,c,h,-,1,.,1,\,w,a,v,s,\,L,J,0,0,4,-,0,1,3,4,.,w,a,v
C,:,\,U,s,e,r,s,\,l,e,n,m,o,\,D,e,s,k,t,o,p,\,P,e,r,s,o,n,a,l,-,P,r,o,j,e,c,t,s,\,A,I,_,P,R,O,\,S,p,e,e,c,h,T,o,T,e,x,t,T,e,n,s,o,r,f,l,o,w,\,d,a,t,a,\,L,J,S,p,e,e,c,h,-,1,.,1,\,w,a,v,s,\,L,J,0,0,4,-,0,1,3,5,.,w,a,v
C,:,\,U,s,e,r,s,\,l,e,n,m,o,\,D,e,s,k,t,o,p,\,P,e,r,s,o,n,a,l,-,P,r,o,j,e,c,t,s,\,A,I,_,P,R,O,\,S,p,e,e,c,h,T,o,T,e,x,t,T,e,n,s,o,r,f,l,o,w,\,d,a,t,a,\,L,J,S,p,e,e,c,h,-,1,.,1,\,w,a,v,s,\,L,J,0,0,4,-,0,1,3,6,.,w,a,v
C,:,\,U,s,e,r,s,\,l,e,n,m,o,\,D,e,s,k,t,o,p,\,P,e,r,s,o,n,a,l,-,P,r,o,j,e,c,t,s,\,A,I,_,P,R,O,\,S,p,e,e,c,h,T,o,T,e,x,t,T,e,n,s,o,r,f,l,o,w,\,d,a,t,a,\,L,J,S,p,e,e,c,h,-,1,.,1,\,w,a,v,s,\,L,J,0,0,4,-,0,1,3,7,.,w,a,v
C,:,\,U,s,e,r,s,\,l,e,n,m,o,\,D,e,s,k,t,o,p,\,P,e,r,s,o,n,a,l,-,P,r,o,j,e,c,t,s,\,A,I,_,P,R,O,\,S,p,e,e,c,h,T,o,T,e,x,t,T,e,n,s,o,r,f,l,o,w,\,d,a,t,a,\,L,J,S,p,e,e,c,h,-,1,.,1,\,w,a,v,s,\,L,J,0,0,4,-,0,1,3,8,.,w,a,v
C,:,\,U,s,e,r,s,\,l,e,n,m,o,\,D,e,s,k,t,o,p,\,P,e,r,s,o,n,a,l,-,P,r,o,j,e,c,t,s,\,A,I,_,P,R,O,\,S,p,e,e,c,h,T,o,T,e,x,t,T,e,n,s,o,r,f,l,o,w,\,d,a,t,a,\,L,J,S,p,e,e,c,h,-,1,.,1,\,w,a,v,s,\,L,J,0,0,4,-,0,1,3,9,.,w,a,v
C,:,\,U,s,e,r,s,\,l,e,n,m,o,\,D,e,s,k,t,o,p,\,P,e,r,s,o,n,a,l,-,P,r,o,j,e,c,t,s,\,A,I,_,P,R,O,\,S,p,e,e,c,h,T,o,T,e,x,t,T,e,n,s,o,r,f,l,o,w,\,d,a,t,a,\,L,J,S,p,e,e,c,h,-,1,.,1,\,w,a,v,s,\,L,J,0,0,4,-,0,1,4,0,.,w,a,v
C,:,\,U,s,e,r,s,\,l,e,n,m,o,\,D,e,s,k,t,o,p,\,P,e,r,s,o,n,a,l,-,P,r,o,j,e,c,t,s,\,A,I,_,P,R,O,\,S,p,e,e,c,h,T,o,T,e,x,t,T,e,n,s,o,r,f,l,o,w,\,d,a,t,a,\,L,J,S,p,e,e,c,h,-,1,.,1,\,w,a,v,s,\,L,J,0,0,4,-,0,1,4,1,.,w,a,v
